patient_id,patient_name,city,insurance_type
P0001,Neha,Kolkata,Private
P0002,Riya,Delhi,Government
P0003,Karan,Delhi,Government
P0004,Amit,Pune,Government
P0005,Neha,Mumbai,Corporate
P0006,Riya,Patna,Corporate
P0007,Karan,Mumbai,Corporate
P0008,Neha,Pune,Government
P0009,Pooja,Delhi,Corporate
P0010,Pooja,Mumbai,Government
P0011,Pooja,Delhi,Corporate
P0012,Karan,Patna,Corporate
P0013,Karan,Mumbai,Corporate
P0014,Karan,Pune,Corporate
P0015,Riya,Kolkata,Government
P0016,Riya,Mumbai,Private
P0017,Amit,Mumbai,Corporate
P0018,Neha,Kolkata,Corporate
P0019,Pooja,Kolkata,Corporate
P0020,Riya,Delhi,Private
P0021,Neha,Pune,Private
P0022,Pooja,Pune,Corporate
P0023,Pooja,Pune,Corporate
P0024,Riya,Delhi,Private
P0025,Neha,Mumbai,Private
P0026,Neha,Pune,Private
P0027,Karan,Kolkata,Corporate
P0028,Pooja,Delhi,Corporate
P0029,Neha,Patna,Government
P0030,Pooja,Delhi,Private
P0031,Riya,Mumbai,Private
P0032,Amit,Mumbai,Private
P0033,Riya,Pune,Government
P0034,Pooja,Mumbai,Government
P0035,Karan,Pune,Private
P0036,Amit,Mumbai,Private
P0037,Pooja,Kolkata,Government
P0038,Amit,Pune,Private
P0039,Neha,Patna,Corporate
P0040,Amit,Pune,Government
P0041,Riya,Kolkata,Corporate
P0042,Amit,Pune,Private
P0043,Neha,Delhi,Private
P0044,Pooja,Pune,Private
P0045,Pooja,Kolkata,Private
P0046,Neha,Mumbai,Corporate
P0047,Riya,Pune,Government
P0048,Karan,Delhi,Private
P0049,Amit,Mumbai,Government
P0050,Neha,Pune,Corporate
P0051,Riya,Kolkata,Private
P0052,Amit,Mumbai,Government
P0053,Amit,Patna,Government
P0054,Neha,Delhi,Corporate
P0055,Amit,Pune,Government
P0056,Riya,Mumbai,Corporate
P0057,Karan,Delhi,Private
P0058,Neha,Delhi,Private
P0059,Neha,Delhi,Private
P0060,Karan,Delhi,Corporate
P0061,Amit,Kolkata,Corporate
P0062,Neha,Delhi,Private
P0063,Karan,Mumbai,Government
P0064,Pooja,Kolkata,Private
P0065,Pooja,Patna,Private
P0066,Amit,Kolkata,Private
P0067,Riya,Kolkata,Government
P0068,Neha,Mumbai,Government
P0069,Amit,Patna,Corporate
P0070,Amit,Kolkata,Corporate
P0071,Riya,Mumbai,Corporate
P0072,Riya,Pune,Private
P0073,Neha,Pune,Corporate
P0074,Amit,Delhi,Private
P0075,Neha,Delhi,Government
P0076,Pooja,Delhi,Government
P0077,Pooja,Pune,Corporate
P0078,Amit,Delhi,Corporate
P0079,Amit,Kolkata,Private
P0080,Amit,Patna,Corporate
P0081,Riya,Delhi,Government
P0082,Pooja,Mumbai,Government
P0083,Neha,Kolkata,Private
P0084,Karan,Kolkata,Private
P0085,Neha,Delhi,Government
P0086,Karan,Pune,Corporate
P0087,Pooja,Mumbai,Government
P0088,Neha,Mumbai,Government
P0089,Neha,Patna,Private
P0090,Amit,Patna,Private
P0091,Karan,Pune,Government
P0092,Riya,Kolkata,Government
P0093,Amit,Pune,Private
P0094,Riya,Pune,Corporate
P0095,Pooja,Kolkata,Government
P0096,Riya,Patna,Corporate
P0097,Neha,Delhi,Government
P0098,Neha,Delhi,Private
P0099,Riya,Pune,Corporate
P0100,Riya,Kolkata,Government
P0101,Karan,Kolkata,Government
P0102,Karan,Kolkata,Government
P0103,Pooja,Kolkata,Corporate
P0104,Karan,Patna,Government
P0105,Neha,Patna,Private
P0106,Neha,Delhi,Corporate
P0107,Amit,Kolkata,Private
P0108,Riya,Pune,Private
P0109,Neha,Pune,Government
P0110,Karan,Pune,Government
P0111,Amit,Patna,Corporate
P0112,Pooja,Patna,Government
P0113,Karan,Patna,Corporate
P0114,Riya,Kolkata,Government
P0115,Pooja,Delhi,Government
P0116,Neha,Delhi,Corporate
P0117,Riya,Pune,Corporate
P0118,Pooja,Pune,Private
P0119,Riya,Kolkata,Private
P0120,Pooja,Mumbai,Corporate
P0121,Pooja,Mumbai,Corporate
P0122,Amit,Pune,Government
P0123,Neha,Pune,Corporate
P0124,Amit,Patna,Government
P0125,Amit,Patna,Corporate
P0126,Pooja,Pune,Corporate
P0127,Karan,Mumbai,Government
P0128,Pooja,Pune,Government
P0129,Neha,Pune,Government
P0130,Pooja,Kolkata,Corporate
P0131,Pooja,Mumbai,Government
P0132,Amit,Kolkata,Private
P0133,Pooja,Delhi,Corporate
P0134,Riya,Patna,Private
P0135,Amit,Kolkata,Private
P0136,Pooja,Kolkata,Government
P0137,Neha,Pune,Corporate
P0138,Amit,Patna,Corporate
P0139,Karan,Delhi,Corporate
P0140,Karan,Delhi,Corporate
P0141,Neha,Pune,Corporate
P0142,Pooja,Patna,Corporate
P0143,Pooja,Kolkata,Government
P0144,Amit,Pune,Private
P0145,Riya,Pune,Corporate
P0146,Amit,Delhi,Government
P0147,Amit,Pune,Corporate
P0148,Karan,Patna,Government
P0149,Karan,Pune,Government
P0150,Riya,Patna,Government
P0151,Neha,Mumbai,Private
P0152,Neha,Delhi,Corporate
P0153,Neha,Kolkata,Private
P0154,Pooja,Kolkata,Private
P0155,Karan,Mumbai,Private
P0156,Karan,Kolkata,Government
P0157,Pooja,Pune,Corporate
P0158,Neha,Patna,Corporate
P0159,Neha,Mumbai,Government
P0160,Riya,Delhi,Corporate
P0161,Pooja,Mumbai,Private
P0162,Neha,Kolkata,Corporate
P0163,Neha,Patna,Government
P0164,Karan,Delhi,Government
P0165,Riya,Pune,Government
P0166,Karan,Patna,Private
P0167,Neha,Kolkata,Corporate
P0168,Neha,Mumbai,Government
P0169,Amit,Patna,Private
P0170,Neha,Patna,Corporate
P0171,Riya,Delhi,Private
P0172,Pooja,Pune,Corporate
P0173,Neha,Mumbai,Private
P0174,Amit,Kolkata,Private
P0175,Amit,Mumbai,Private
P0176,Pooja,Pune,Government
P0177,Neha,Pune,Government
P0178,Neha,Mumbai,Government
P0179,Pooja,Kolkata,Corporate
P0180,Riya,Pune,Private
P0181,Pooja,Patna,Government
P0182,Pooja,Delhi,Private
P0183,Karan,Mumbai,Corporate
P0184,Riya,Kolkata,Government
P0185,Riya,Delhi,Corporate
P0186,Amit,Mumbai,Corporate
P0187,Riya,Patna,Corporate
P0188,Riya,Mumbai,Corporate
P0189,Amit,Pune,Private
P0190,Pooja,Mumbai,Government
P0191,Neha,Patna,Private
P0192,Karan,Kolkata,Government
P0193,Pooja,Patna,Government
P0194,Karan,Kolkata,Corporate
P0195,Pooja,Patna,Private
P0196,Karan,Kolkata,Private
P0197,Neha,Patna,Private
P0198,Pooja,Patna,Private
P0199,Amit,Patna,Government
P0200,Karan,Kolkata,Corporate
P0201,Karan,Delhi,Government
P0202,Pooja,Delhi,Government
P0203,Pooja,Kolkata,Corporate
P0204,Karan,Mumbai,Government
P0205,Karan,Patna,Private
P0206,Karan,Kolkata,Government
P0207,Riya,Kolkata,Private
P0208,Amit,Mumbai,Corporate
P0209,Karan,Kolkata,Private
P0210,Riya,Mumbai,Private
P0211,Pooja,Patna,Government
P0212,Riya,Kolkata,Corporate
P0213,Riya,Patna,Corporate
P0214,Pooja,Delhi,Corporate
P0215,Pooja,Delhi,Private
P0216,Amit,Delhi,Corporate
P0217,Karan,Pune,Corporate
P0218,Amit,Kolkata,Corporate
P0219,Neha,Delhi,Corporate
P0220,Neha,Mumbai,Private
P0221,Riya,Pune,Government
P0222,Karan,Pune,Private
P0223,Karan,Patna,Government
P0224,Neha,Kolkata,Corporate
P0225,Amit,Pune,Private
P0226,Riya,Mumbai,Private
P0227,Riya,Mumbai,Corporate
P0228,Pooja,Patna,Government
P0229,Karan,Delhi,Corporate
P0230,Amit,Kolkata,Private
P0231,Neha,Mumbai,Corporate
P0232,Karan,Pune,Corporate
P0233,Riya,Patna,Government
P0234,Karan,Delhi,Corporate
P0235,Amit,Delhi,Government
P0236,Amit,Mumbai,Private
P0237,Karan,Patna,Corporate
P0238,Neha,Pune,Government
P0239,Riya,Mumbai,Private
P0240,Neha,Delhi,Corporate
P0241,Amit,Delhi,Corporate
P0242,Amit,Mumbai,Government
P0243,Riya,Kolkata,Corporate
P0244,Karan,Mumbai,Corporate
P0245,Pooja,Mumbai,Private
P0246,Karan,Delhi,Government
P0247,Amit,Patna,Government
P0248,Pooja,Delhi,Corporate
P0249,Pooja,Pune,Government
P0250,Pooja,Delhi,Private
P0251,Neha,Patna,Corporate
P0252,Karan,Kolkata,Corporate
P0253,Karan,Kolkata,Corporate
P0254,Riya,Pune,Private
P0255,Karan,Mumbai,Private
P0256,Karan,Kolkata,Private
P0257,Neha,Pune,Private
P0258,Karan,Pune,Private
P0259,Riya,Patna,Government
P0260,Karan,Kolkata,Private
P0261,Karan,Mumbai,Corporate
P0262,Neha,Patna,Private
P0263,Amit,Kolkata,Corporate
P0264,Karan,Patna,Private
P0265,Pooja,Pune,Government
P0266,Pooja,Patna,Private
P0267,Neha,Patna,Corporate
P0268,Pooja,Mumbai,Corporate
P0269,Amit,Delhi,Corporate
P0270,Riya,Patna,Private
P0271,Pooja,Delhi,Private
P0272,Neha,Patna,Corporate
P0273,Karan,Mumbai,Government
P0274,Karan,Delhi,Government
P0275,Riya,Delhi,Private
P0276,Karan,Delhi,Private
P0277,Amit,Patna,Corporate
P0278,Pooja,Patna,Government
P0279,Amit,Mumbai,Government
P0280,Karan,Patna,Private
P0281,Pooja,Delhi,Corporate
P0282,Amit,Patna,Private
P0283,Karan,Patna,Corporate
P0284,Riya,Pune,Corporate
P0285,Karan,Kolkata,Corporate
P0286,Neha,Kolkata,Private
P0287,Karan,Kolkata,Private
P0288,Pooja,Pune,Government
P0289,Neha,Pune,Private
P0290,Amit,Mumbai,Corporate
P0291,Amit,Patna,Private
P0292,Karan,Kolkata,Government
P0293,Amit,Patna,Government
P0294,Neha,Kolkata,Corporate
P0295,Pooja,Mumbai,Corporate
P0296,Amit,Delhi,Government
P0297,Karan,Pune,Corporate
P0298,Karan,Patna,Private
P0299,Karan,Mumbai,Government
P0300,Karan,Patna,Private
