sale_id,property_id,agent,sale_date,sale_price,commission
SL00001,PR0231,Agent A,2026-08-27,21446546.82,70163.88
SL00002,PR0182,Agent C,2026-01-22,28925813.28,275121.93
SL00003,PR0044,Agent B,2026-07-12,18622988.19,819692.87
SL00004,PR0007,Agent B,2026-02-17,43881182.81,513211.67
SL00005,PR0283,Agent B,2025-11-20,32739032.85,885813.84
SL00006,PR0184,Agent A,2026-05-07,33941142.88,665760.55
SL00007,PR0112,Agent B,2025-02-11,44439068.31,125697.68
SL00008,PR0238,Agent C,2025-10-25,22964011.53,664528.78
SL00009,PR0068,Agent C,2025-08-21,8985544.07,262275.69
SL00010,PR0292,Agent A,2025-12-04,38859553.54,427322.9
SL00011,PR0104,Agent A,2026-04-11,10198302.08,49282.78
SL00012,PR0279,Agent A,2026-09-22,27885225.63,33838.08
SL00013,PR0019,Agent A,2026-05-07,40867781.41,388894.0
SL00014,PR0012,Agent D,2025-07-01,1348316.06,675240.66
SL00015,PR0120,Agent A,2025-05-26,49139946.91,76471.82
SL00016,PR0254,Agent B,2025-05-30,33200993.87,408906.5
SL00017,PR0052,Agent B,2025-07-14,35127716.76,30756.97
SL00018,PR0065,Agent B,2025-05-25,40177179.9,997458.45
SL00019,PR0242,Agent D,2025-12-22,25104089.62,26658.77
SL00020,PR0298,Agent C,2026-07-02,41104766.57,369289.92
SL00021,PR0080,Agent A,2025-12-07,28269494.15,129064.16
SL00022,PR0162,Agent C,2026-09-30,19425227.62,300345.45
SL00023,PR0130,Agent C,2026-07-14,32492653.55,849162.14
SL00024,PR0051,Agent D,2025-10-24,41012492.86,592286.59
SL00025,PR0047,Agent A,2025-11-23,7672305.89,115232.14
SL00026,PR0052,Agent B,2025-12-10,25565711.45,239421.12
SL00027,PR0105,Agent C,2025-12-21,3487414.37,324515.75
SL00028,PR0246,Agent D,2025-03-17,3408628.61,815049.63
SL00029,PR0242,Agent C,2025-07-29,41993844.81,257050.87
SL00030,PR0164,Agent B,2025-09-08,12250623.12,511274.3
SL00031,PR0228,Agent A,2026-03-09,30752627.45,343860.0
SL00032,PR0029,Agent C,2025-08-29,8232510.72,488017.48
SL00033,PR0168,Agent B,2026-03-09,49871821.4,76255.98
SL00034,PR0279,Agent B,2026-03-30,20742748.77,980756.32
SL00035,PR0024,Agent A,2025-01-17,37780621.54,518551.46
SL00036,PR0174,Agent B,2025-05-15,18216405.63,76896.2
SL00037,PR0140,Agent A,2026-08-06,3954433.81,398429.44
SL00038,PR0172,Agent D,2025-01-10,24810340.96,332287.88
SL00039,PR0050,Agent C,2025-11-04,18496262.91,929559.93
SL00040,PR0106,Agent B,2025-12-22,1329740.18,177231.11
SL00041,PR0203,Agent C,2025-03-22,44879807.31,392255.75
SL00042,PR0069,Agent D,2026-01-15,12654001.48,953280.97
SL00043,PR0136,Agent C,2025-08-20,30397946.45,812746.29
SL00044,PR0031,Agent D,2025-02-28,38474230.99,897135.52
SL00045,PR0101,Agent C,2025-10-06,15152987.67,105763.81
SL00046,PR0092,Agent A,2025-06-27,23075971.18,163096.28
SL00047,PR0255,Agent B,2026-09-29,20550031.97,424645.34
SL00048,PR0193,Agent D,2025-03-03,33224463.92,360076.01
SL00049,PR0056,Agent B,2025-04-13,24452663.38,28072.06
SL00050,PR0257,Agent D,2025-08-19,41143715.59,550293.4
SL00051,PR0050,Agent A,2025-10-27,24625431.99,276042.25
SL00052,PR0269,Agent D,2026-09-19,47187673.17,92829.47
SL00053,PR0219,Agent A,2025-11-23,34029965.26,208632.91
SL00054,PR0122,Agent A,2026-09-19,3243961.49,284366.75
SL00055,PR0114,Agent B,2026-01-05,12484956.17,563342.26
SL00056,PR0039,Agent C,2026-03-25,39124961.56,992840.57
SL00057,PR0198,Agent A,2026-02-23,31822578.4,580634.88
SL00058,PR0136,Agent B,2026-03-04,7482644.73,154143.38
SL00059,PR0171,Agent B,2025-04-14,42177752.69,400603.94
SL00060,PR0056,Agent B,2025-07-21,9040842.57,315019.09
SL00061,PR0286,Agent B,2025-11-22,5093659.31,859663.89
SL00062,PR0160,Agent C,2025-01-06,8044876.04,759682.63
SL00063,PR0242,Agent D,2025-08-02,48420316.66,126251.13
SL00064,PR0192,Agent B,2026-06-20,27064773.32,206632.74
SL00065,PR0158,Agent D,2025-02-02,49107387.09,530218.73
SL00066,PR0201,Agent A,2026-05-07,15290756.9,812142.05
SL00067,PR0018,Agent B,2026-07-30,27304531.68,925871.31
SL00068,PR0250,Agent C,2025-08-03,1531387.82,896035.23
SL00069,PR0110,Agent C,2025-01-14,42184366.66,121902.54
SL00070,PR0254,Agent A,2025-09-01,38187420.71,742006.65
SL00071,PR0129,Agent D,2025-09-05,29607108.59,448428.82
SL00072,PR0119,Agent A,2025-08-05,17795180.56,828078.44
SL00073,PR0039,Agent D,2025-01-08,3769266.88,882910.19
SL00074,PR0189,Agent C,2026-01-29,44211580.43,406386.6
SL00075,PR0021,Agent C,2025-06-04,6801665.53,26715.99
SL00076,PR0239,Agent D,2026-07-06,21356319.04,848678.19
SL00077,PR0226,Agent A,2025-09-14,28154715.42,308403.9
SL00078,PR0232,Agent D,2026-09-23,42861076.6,536175.66
SL00079,PR0054,Agent D,2025-05-16,46592139.71,102213.13
SL00080,PR0248,Agent D,2025-08-25,23822781.09,284573.7
SL00081,PR0246,Agent D,2025-04-18,27921621.77,226163.03
SL00082,PR0082,Agent A,2025-11-10,3104913.67,86137.09
SL00083,PR0106,Agent B,2025-09-06,17345726.88,345053.32
SL00084,PR0264,Agent D,2025-11-09,47938802.44,310557.03
SL00085,PR0040,Agent A,2025-02-17,2630321.88,685617.24
SL00086,PR0232,Agent B,2025-03-11,46450938.01,587615.32
SL00087,PR0161,Agent D,2026-04-10,38549573.21,230427.57
SL00088,PR0106,Agent A,2025-04-19,29294725.96,885374.94
SL00089,PR0154,Agent B,2026-09-15,37654203.75,392384.34
SL00090,PR0192,Agent D,2025-11-19,3696837.37,65976.94
SL00091,PR0293,Agent C,2025-11-25,38302887.15,990726.91
SL00092,PR0032,Agent C,2025-04-26,21768632.38,751136.48
SL00093,PR0137,Agent A,2025-12-13,49593535.84,23391.99
SL00094,PR0281,Agent A,2025-05-17,8466113.95,254320.17
SL00095,PR0100,Agent C,2026-06-10,49965231.7,163439.12
SL00096,PR0163,Agent D,2026-01-05,26795617.2,157295.87
SL00097,PR0209,Agent C,2026-06-22,40623346.92,601997.08
SL00098,PR0174,Agent B,2025-04-07,13316126.5,302461.77
SL00099,PR0204,Agent B,2025-10-20,38376947.83,799722.99
SL00100,PR0058,Agent D,2025-10-21,41792682.56,335028.81
SL00101,PR0259,Agent B,2025-11-20,47041166.19,990516.31
SL00102,PR0286,Agent A,2025-05-19,30501427.58,105762.39
SL00103,PR0285,Agent D,2025-09-26,38501236.63,89266.27
SL00104,PR0031,Agent A,2026-04-25,32559352.12,792746.71
SL00105,PR0021,Agent C,2026-08-13,22075415.74,265446.04
SL00106,PR0062,Agent C,2026-07-15,13453122.05,610800.44
SL00107,PR0255,Agent A,2026-01-05,15928773.13,690819.7
SL00108,PR0007,Agent A,2025-10-29,12543448.82,660901.59
SL00109,PR0165,Agent A,2026-05-06,29301690.99,929159.35
SL00110,PR0031,Agent B,2025-07-31,21798197.56,890347.89
SL00111,PR0201,Agent B,2025-01-31,44806404.02,623506.19
SL00112,PR0048,Agent D,2025-08-04,8846518.31,440711.28
SL00113,PR0058,Agent D,2026-01-09,4473811.48,577773.53
SL00114,PR0078,Agent C,2025-05-11,12627117.38,951581.66
SL00115,PR0212,Agent C,2025-03-16,47352833.0,447655.97
SL00116,PR0282,Agent C,2026-03-24,12596487.73,784348.83
SL00117,PR0156,Agent B,2025-10-01,3724552.89,967130.15
SL00118,PR0207,Agent C,2025-11-25,5468322.13,508328.64
SL00119,PR0073,Agent B,2026-03-27,18865215.8,387180.2
SL00120,PR0059,Agent D,2026-03-16,9475142.96,830786.67
SL00121,PR0049,Agent D,2026-05-22,21915703.22,518919.72
SL00122,PR0199,Agent B,2025-08-22,15628565.8,702068.32
SL00123,PR0031,Agent A,2025-05-28,4846884.79,131030.3
SL00124,PR0163,Agent C,2025-03-19,29568492.77,278510.37
SL00125,PR0026,Agent C,2025-08-24,29447511.57,176797.72
SL00126,PR0152,Agent A,2025-02-23,38937008.12,207763.08
SL00127,PR0172,Agent D,2026-02-07,38990158.9,708865.47
SL00128,PR0054,Agent D,2025-09-15,17973939.05,304418.39
SL00129,PR0134,Agent D,2026-09-24,16992071.6,879106.59
SL00130,PR0134,Agent B,2025-01-28,3495404.31,95102.53
SL00131,PR0155,Agent B,2026-08-21,31253559.52,376083.02
SL00132,PR0143,Agent C,2026-03-20,29296413.43,718425.24
SL00133,PR0276,Agent D,2026-02-03,24250846.48,424688.72
SL00134,PR0092,Agent C,2025-11-06,22094811.2,811884.32
SL00135,PR0197,Agent A,2025-04-13,35895651.61,595721.94
SL00136,PR0239,Agent D,2025-06-06,37885325.96,922317.2
SL00137,PR0165,Agent C,2026-09-03,44897510.19,268462.02
SL00138,PR0217,Agent B,2025-07-07,49835805.63,722294.01
SL00139,PR0025,Agent A,2025-06-21,2893510.5,632838.79
SL00140,PR0154,Agent D,2026-04-02,33508207.81,787144.51
SL00141,PR0146,Agent A,2026-01-14,22253297.35,465724.35
SL00142,PR0199,Agent C,2025-12-27,12512119.69,367043.69
SL00143,PR0181,Agent A,2026-07-02,6554070.03,804187.4
SL00144,PR0098,Agent D,2025-04-02,12895742.85,808732.32
SL00145,PR0278,Agent A,2025-06-18,27857250.31,698106.29
SL00146,PR0108,Agent D,2025-02-07,34635913.73,910165.99
SL00147,PR0285,Agent D,2026-09-05,27587369.29,752925.76
SL00148,PR0235,Agent D,2026-03-21,2934686.21,293629.88
SL00149,PR0114,Agent B,2025-01-08,23720824.88,560180.07
SL00150,PR0054,Agent D,2025-02-03,42655556.04,290786.0
SL00151,PR0005,Agent A,2025-01-05,21678074.21,377059.72
SL00152,PR0173,Agent A,2026-08-03,35333411.74,545582.66
SL00153,PR0241,Agent B,2025-01-22,38152341.1,640707.84
SL00154,PR0070,Agent A,2025-08-25,29720647.85,634210.98
SL00155,PR0117,Agent D,2025-11-09,8454324.63,845844.27
SL00156,PR0027,Agent D,2025-07-31,36731508.45,791194.3
SL00157,PR0129,Agent D,2025-01-26,21194812.75,555651.99
SL00158,PR0261,Agent C,2025-02-22,38440606.34,901349.54
SL00159,PR0150,Agent B,2026-02-09,41554978.65,809432.4
SL00160,PR0203,Agent B,2025-04-05,12651317.65,757321.96
SL00161,PR0038,Agent C,2026-05-20,18795482.56,94747.34
SL00162,PR0231,Agent C,2026-03-12,30594050.52,566853.72
SL00163,PR0087,Agent B,2025-03-06,40871027.92,110377.41
SL00164,PR0135,Agent D,2026-04-28,45237002.61,321909.8
SL00165,PR0039,Agent B,2026-05-27,30004709.79,961158.95
SL00166,PR0145,Agent C,2025-01-05,13873705.88,108770.41
SL00167,PR0049,Agent A,2025-06-24,17742440.55,196386.91
SL00168,PR0073,Agent B,2025-10-16,8413510.57,950290.2
SL00169,PR0133,Agent B,2026-03-30,24332487.74,119475.42
SL00170,PR0124,Agent A,2026-04-05,45322278.89,512793.34
SL00171,PR0168,Agent A,2025-01-21,11078695.84,672690.4
SL00172,PR0206,Agent C,2025-01-20,18611044.92,368062.7
SL00173,PR0089,Agent B,2026-02-20,46283345.5,672592.03
SL00174,PR0293,Agent A,2025-04-23,18977795.82,173843.07
SL00175,PR0166,Agent A,2025-12-22,17220981.81,49086.2
SL00176,PR0028,Agent B,2025-01-17,22510398.05,621234.38
SL00177,PR0237,Agent D,2025-01-30,23492070.15,629964.67
SL00178,PR0138,Agent B,2026-03-20,21995358.03,921482.34
SL00179,PR0013,Agent B,2025-05-14,35990830.18,229529.96
SL00180,PR0193,Agent A,2026-08-26,21877864.17,463811.17
SL00181,PR0272,Agent A,2025-11-13,42632197.47,450244.27
SL00182,PR0103,Agent D,2026-01-29,24973026.67,30257.69
SL00183,PR0128,Agent A,2025-05-31,34974805.13,937337.18
SL00184,PR0204,Agent A,2025-03-18,15588634.36,897162.05
SL00185,PR0042,Agent D,2025-09-26,29698672.72,68514.94
SL00186,PR0191,Agent A,2026-06-01,24381909.17,146368.41
SL00187,PR0071,Agent B,2026-06-19,2328018.24,20237.36
SL00188,PR0144,Agent A,2026-08-20,13153408.78,93911.7
SL00189,PR0146,Agent C,2025-07-22,25462668.54,125746.06
SL00190,PR0167,Agent C,2025-11-04,7927620.74,729275.78
SL00191,PR0200,Agent B,2025-03-08,28838486.36,184752.71
SL00192,PR0071,Agent A,2025-05-20,38879528.36,444518.75
SL00193,PR0003,Agent B,2026-09-02,12688267.87,266801.31
SL00194,PR0206,Agent A,2025-03-01,17690439.58,285088.99
SL00195,PR0056,Agent B,2025-01-22,43263857.04,427560.4
SL00196,PR0165,Agent D,2025-08-10,19586851.92,817620.87
SL00197,PR0138,Agent D,2025-12-27,15076732.89,656399.77
SL00198,PR0142,Agent C,2026-03-11,21927001.71,896326.93
SL00199,PR0222,Agent D,2026-06-28,25790915.78,71376.71
SL00200,PR0259,Agent B,2026-05-20,22462050.89,126579.44
SL00201,PR0236,Agent B,2025-12-09,30766907.98,993404.64
SL00202,PR0292,Agent B,2025-09-09,26328447.44,408027.63
SL00203,PR0138,Agent C,2026-05-09,46472632.82,738355.26
SL00204,PR0290,Agent A,2025-11-12,18121925.29,759755.51
SL00205,PR0240,Agent C,2026-08-02,39987254.55,167556.13
SL00206,PR0181,Agent B,2026-03-11,7337093.8,803434.79
SL00207,PR0050,Agent C,2025-02-02,16317829.14,808255.79
SL00208,PR0165,Agent C,2026-03-18,28262168.0,517898.1
SL00209,PR0155,Agent A,2025-07-21,30968777.55,432786.73
SL00210,PR0122,Agent A,2025-12-31,21559347.27,570749.02
SL00211,PR0081,Agent B,2025-03-09,5904195.2,532232.01
SL00212,PR0177,Agent C,2025-11-08,45784216.56,581901.2
SL00213,PR0173,Agent B,2025-01-24,40653162.01,965984.08
SL00214,PR0259,Agent D,2026-09-18,46713034.61,819464.96
SL00215,PR0234,Agent A,2026-08-12,46409300.0,229184.47
SL00216,PR0297,Agent D,2025-11-06,2625586.62,493222.23
SL00217,PR0138,Agent D,2026-09-19,19766666.58,683845.87
SL00218,PR0101,Agent B,2026-02-24,30783412.49,165208.01
SL00219,PR0264,Agent D,2025-09-19,3916175.27,727153.68
SL00220,PR0105,Agent D,2025-08-13,28507236.17,665370.92
SL00221,PR0026,Agent B,2026-08-17,40482572.65,231636.91
SL00222,PR0277,Agent D,2025-06-27,38255812.39,303540.48
SL00223,PR0199,Agent C,2026-03-25,44695936.98,749569.77
SL00224,PR0095,Agent A,2025-06-09,43360761.54,967079.7
SL00225,PR0021,Agent C,2025-09-04,7879209.84,372040.14
SL00226,PR0070,Agent B,2025-11-05,2089116.4,941644.58
SL00227,PR0060,Agent C,2025-01-28,2899591.5,544108.83
SL00228,PR0260,Agent B,2025-02-19,27366596.5,231975.5
SL00229,PR0168,Agent B,2025-07-19,6227147.36,355990.17
SL00230,PR0085,Agent B,2026-01-04,35031310.13,941340.93
SL00231,PR0293,Agent B,2025-07-09,37745922.75,580999.95
SL00232,PR0035,Agent A,2025-12-11,13152825.26,74370.85
SL00233,PR0082,Agent C,2025-11-06,28510018.84,271694.69
SL00234,PR0299,Agent D,2025-12-06,20502649.51,792530.32
SL00235,PR0103,Agent A,2026-06-17,4879210.65,976252.88
SL00236,PR0053,Agent B,2025-04-17,12829176.25,348516.02
SL00237,PR0051,Agent C,2025-05-23,9566460.37,204325.3
SL00238,PR0210,Agent D,2025-06-24,48846047.69,878700.2
SL00239,PR0060,Agent C,2026-06-26,24549634.8,717745.66
SL00240,PR0180,Agent A,2025-12-04,36777806.15,651522.09
SL00241,PR0165,Agent A,2026-06-25,25055231.13,769193.55
SL00242,PR0053,Agent D,2026-03-04,20193019.07,859033.48
SL00243,PR0276,Agent C,2026-01-17,8394363.18,861036.07
SL00244,PR0166,Agent A,2026-05-08,41024990.46,560840.53
SL00245,PR0213,Agent A,2025-06-17,20540091.8,920077.53
SL00246,PR0136,Agent A,2026-09-06,35956031.05,30879.67
SL00247,PR0279,Agent B,2025-09-30,11870536.36,377299.93
SL00248,PR0136,Agent B,2025-01-30,42088644.11,387515.72
SL00249,PR0269,Agent B,2025-08-18,15910513.88,723498.44
SL00250,PR0130,Agent B,2026-01-17,10846836.95,34869.65
SL00251,PR0217,Agent B,2025-02-15,19539587.85,699467.25
SL00252,PR0226,Agent D,2025-06-15,11796897.46,49917.82
SL00253,PR0209,Agent C,2025-03-12,48663264.64,298946.34
SL00254,PR0041,Agent D,2025-05-28,48372107.18,844892.87
SL00255,PR0284,Agent D,2026-04-07,16360782.44,542158.06
SL00256,PR0061,Agent C,2025-01-25,45106269.95,710735.32
SL00257,PR0037,Agent B,2026-06-01,43656245.88,455485.18
SL00258,PR0060,Agent B,2026-03-20,48330182.42,759817.21
SL00259,PR0127,Agent B,2025-08-30,38499704.18,365503.58
SL00260,PR0249,Agent A,2025-10-17,2584454.12,830517.15
SL00261,PR0105,Agent D,2025-05-15,42086247.53,351980.57
SL00262,PR0079,Agent B,2026-07-31,36609151.17,657647.79
SL00263,PR0269,Agent C,2026-06-18,23387411.28,477434.32
SL00264,PR0023,Agent B,2025-04-09,2512711.26,468575.78
SL00265,PR0043,Agent B,2025-09-26,14568987.79,211968.59
SL00266,PR0063,Agent D,2025-12-06,25666856.51,773761.87
SL00267,PR0069,Agent B,2025-09-18,25659764.82,690960.9
SL00268,PR0269,Agent A,2025-06-06,4759929.44,463515.03
SL00269,PR0060,Agent D,2026-08-20,45920008.06,288783.87
SL00270,PR0057,Agent C,2026-02-05,48867027.02,610735.59
SL00271,PR0052,Agent C,2026-05-25,41419726.47,961942.58
SL00272,PR0138,Agent D,2025-12-03,32971169.14,895128.96
SL00273,PR0110,Agent D,2025-11-14,18072766.9,881536.62
SL00274,PR0175,Agent A,2025-03-25,10133456.43,578311.24
SL00275,PR0232,Agent D,2025-11-11,12403756.53,176963.05
SL00276,PR0108,Agent D,2025-06-12,18888326.14,118634.14
SL00277,PR0103,Agent A,2025-01-17,22889648.67,330890.99
SL00278,PR0153,Agent A,2025-01-13,39437223.56,155820.11
SL00279,PR0269,Agent B,2026-06-19,36978713.69,104068.93
SL00280,PR0014,Agent C,2025-08-08,4740960.34,545526.99
SL00281,PR0174,Agent D,2026-04-06,48846069.86,651660.54
SL00282,PR0214,Agent B,2025-09-08,37836446.83,367039.93
SL00283,PR0171,Agent C,2026-05-06,14750651.0,497861.72
SL00284,PR0080,Agent B,2026-03-16,17114040.71,863809.62
SL00285,PR0099,Agent A,2025-03-11,37759794.87,824482.29
SL00286,PR0092,Agent A,2025-08-12,17266375.91,673607.14
SL00287,PR0234,Agent A,2025-01-14,1026594.7,207370.58
SL00288,PR0061,Agent D,2025-05-17,15164690.57,923879.49
SL00289,PR0270,Agent B,2025-11-16,24110794.75,186202.12
SL00290,PR0043,Agent B,2025-01-17,9073951.57,473412.94
SL00291,PR0237,Agent A,2026-07-06,37022157.79,671913.31
SL00292,PR0064,Agent D,2026-06-04,44665739.58,429749.7
SL00293,PR0016,Agent D,2025-12-26,35527745.34,539828.29
SL00294,PR0152,Agent A,2025-07-25,13656209.02,87059.57
SL00295,PR0065,Agent B,2025-09-29,15694154.21,259321.16
SL00296,PR0178,Agent D,2025-10-20,44374451.24,188049.91
SL00297,PR0166,Agent A,2026-01-22,16622352.22,216776.0
SL00298,PR0205,Agent A,2026-03-17,21515439.35,317297.4
SL00299,PR0240,Agent B,2025-04-06,4054150.62,760843.78
SL00300,PR0083,Agent C,2025-06-23,1426801.28,349061.28
SL00301,PR0128,Agent D,2025-03-01,16028416.38,316379.17
SL00302,PR0129,Agent D,2025-02-14,38386224.71,827610.97
SL00303,PR0233,Agent B,2025-05-09,30056226.9,793387.89
SL00304,PR0182,Agent C,2026-05-04,30929646.89,279032.12
SL00305,PR0035,Agent D,2026-09-12,34326283.91,469405.53
SL00306,PR0190,Agent D,2025-12-16,14370261.38,889164.49
SL00307,PR0049,Agent B,2025-03-27,28865289.51,815015.14
SL00308,PR0155,Agent D,2025-07-04,12453021.16,390295.18
SL00309,PR0012,Agent C,2026-05-27,42432196.87,825589.98
SL00310,PR0164,Agent B,2026-03-28,5624072.29,48448.77
SL00311,PR0097,Agent D,2025-10-21,47708565.17,163135.24
SL00312,PR0085,Agent A,2025-06-16,42473847.77,441965.32
SL00313,PR0170,Agent B,2025-06-05,5285249.58,23197.32
SL00314,PR0250,Agent C,2026-04-25,11770842.49,884098.08
SL00315,PR0274,Agent C,2025-02-22,45876938.05,722160.67
SL00316,PR0074,Agent A,2026-07-23,3067934.34,273124.62
SL00317,PR0240,Agent D,2026-04-15,14991225.81,330018.45
SL00318,PR0238,Agent A,2026-07-02,47682407.15,114554.02
SL00319,PR0066,Agent D,2026-08-10,37914271.24,281632.96
SL00320,PR0100,Agent B,2026-02-02,1794571.74,912781.72
SL00321,PR0267,Agent C,2026-09-12,1248039.67,806330.27
SL00322,PR0279,Agent A,2026-09-22,14977191.51,260813.04
SL00323,PR0038,Agent B,2025-02-18,2632337.1,209582.96
SL00324,PR0053,Agent B,2025-04-11,2586940.46,397516.24
SL00325,PR0284,Agent D,2026-07-20,17971677.7,426374.48
SL00326,PR0092,Agent A,2026-01-06,24675064.36,603252.09
SL00327,PR0261,Agent D,2026-01-02,38360957.45,506516.25
SL00328,PR0177,Agent C,2026-02-10,8756357.04,201079.83
SL00329,PR0096,Agent C,2026-06-22,45279605.12,764079.34
SL00330,PR0224,Agent C,2025-07-21,33180065.09,466373.49
SL00331,PR0226,Agent A,2026-08-16,46018728.58,66856.74
SL00332,PR0294,Agent C,2026-02-16,10856950.0,717158.16
SL00333,PR0001,Agent B,2025-06-29,24251902.32,303451.8
SL00334,PR0020,Agent A,2026-06-30,37293798.94,993208.26
SL00335,PR0162,Agent D,2025-11-30,49473493.88,40368.38
SL00336,PR0058,Agent D,2025-09-01,17957290.73,933315.23
SL00337,PR0254,Agent B,2025-05-31,22169762.22,744327.96
SL00338,PR0172,Agent A,2025-07-23,40569975.05,854815.2
SL00339,PR0091,Agent A,2026-02-06,45866305.72,395042.51
SL00340,PR0243,Agent C,2025-10-29,33498293.55,841655.56
SL00341,PR0268,Agent C,2026-09-13,12558881.45,146771.63
SL00342,PR0074,Agent D,2025-02-18,44533075.47,79743.79
SL00343,PR0152,Agent C,2026-03-22,4970515.61,935836.68
SL00344,PR0123,Agent C,2025-04-12,16874057.9,794127.59
SL00345,PR0122,Agent B,2026-05-02,15318978.28,525053.17
SL00346,PR0292,Agent C,2026-05-17,44767859.47,566380.36
SL00347,PR0098,Agent B,2025-01-30,48703825.01,718341.55
SL00348,PR0215,Agent C,2026-06-21,43008743.6,430471.43
SL00349,PR0131,Agent B,2025-01-30,11359897.16,232155.86
SL00350,PR0056,Agent D,2025-04-01,3042090.07,538986.94
SL00351,PR0022,Agent C,2026-02-19,15017412.77,808432.42
SL00352,PR0148,Agent C,2026-07-18,31162412.36,454175.03
SL00353,PR0247,Agent D,2026-01-16,3626085.71,704588.47
SL00354,PR0237,Agent A,2026-03-29,13052891.56,425628.2
SL00355,PR0108,Agent C,2025-09-25,14103249.97,924289.17
SL00356,PR0209,Agent C,2026-07-13,17421922.72,320911.02
SL00357,PR0198,Agent D,2025-08-02,7197366.48,604543.77
SL00358,PR0171,Agent B,2026-06-23,8351163.19,75568.9
SL00359,PR0006,Agent C,2025-04-23,33765515.26,899520.82
SL00360,PR0026,Agent C,2026-02-08,32463651.69,400302.82
SL00361,PR0044,Agent B,2025-04-17,17638477.1,642973.6
SL00362,PR0210,Agent C,2025-01-04,20820219.7,709895.31
SL00363,PR0154,Agent D,2025-08-07,20417604.99,386102.36
SL00364,PR0050,Agent B,2025-07-13,27093084.6,582665.49
SL00365,PR0134,Agent A,2025-11-24,31958190.33,34104.7
SL00366,PR0288,Agent B,2025-12-02,24381723.1,553448.48
SL00367,PR0049,Agent B,2026-09-05,19487004.32,920747.16
SL00368,PR0018,Agent B,2025-09-11,45137235.18,337988.42
SL00369,PR0090,Agent C,2026-02-04,20466996.6,737546.26
SL00370,PR0138,Agent A,2026-06-26,32779722.56,125945.99
SL00371,PR0146,Agent A,2026-09-26,25429830.64,42940.53
SL00372,PR0019,Agent C,2025-04-26,9472471.26,147848.46
SL00373,PR0066,Agent D,2025-07-29,9655667.21,696629.12
SL00374,PR0092,Agent D,2025-01-18,6439440.19,859036.66
SL00375,PR0034,Agent C,2026-07-07,28024855.3,141815.28
SL00376,PR0248,Agent A,2026-06-08,31734326.41,844732.77
SL00377,PR0031,Agent B,2025-09-19,26654283.61,985071.3
SL00378,PR0181,Agent C,2025-01-05,8118010.05,335300.63
SL00379,PR0170,Agent C,2026-09-30,35721533.45,878665.35
SL00380,PR0152,Agent A,2026-01-23,44779151.64,299697.66
SL00381,PR0029,Agent C,2026-06-11,8626441.77,652183.55
SL00382,PR0275,Agent B,2026-01-01,39437053.76,344830.15
SL00383,PR0269,Agent B,2026-01-11,27302560.54,221683.77
SL00384,PR0167,Agent B,2026-04-01,7578507.45,967444.01
SL00385,PR0218,Agent B,2025-03-17,3038801.83,633579.33
SL00386,PR0039,Agent B,2026-05-10,22029945.01,34219.64
SL00387,PR0200,Agent D,2025-03-16,34495060.4,507292.1
SL00388,PR0217,Agent D,2025-11-26,34648040.7,839711.22
SL00389,PR0088,Agent D,2025-09-24,24446573.02,931887.65
SL00390,PR0016,Agent A,2025-04-02,31685911.18,647300.52
SL00391,PR0159,Agent D,2025-05-31,12029062.38,253801.69
SL00392,PR0202,Agent C,2026-03-20,31737443.36,265099.85
SL00393,PR0101,Agent C,2026-08-08,8139383.25,136735.84
SL00394,PR0257,Agent B,2025-04-22,19115936.74,822571.13
SL00395,PR0286,Agent B,2025-04-15,38717556.62,526589.4
SL00396,PR0167,Agent A,2026-01-26,22748016.95,799288.05
SL00397,PR0152,Agent D,2025-07-24,5014325.69,297461.72
SL00398,PR0176,Agent D,2025-05-28,42574639.89,601672.66
SL00399,PR0079,Agent B,2026-07-16,42791214.6,146641.85
SL00400,PR0238,Agent B,2025-03-01,30949147.64,737383.52
SL00401,PR0034,Agent D,2025-01-08,12808409.82,811857.52
SL00402,PR0088,Agent D,2025-10-12,11766974.05,764611.14
SL00403,PR0111,Agent C,2025-12-28,15970651.85,726310.11
SL00404,PR0068,Agent D,2026-01-27,43703405.23,36708.96
SL00405,PR0068,Agent A,2025-09-07,17654136.14,562512.11
SL00406,PR0265,Agent C,2026-06-29,25251617.06,941947.57
SL00407,PR0156,Agent A,2025-11-18,34335768.87,858678.24
SL00408,PR0057,Agent A,2025-05-28,31136229.94,295303.36
SL00409,PR0287,Agent C,2026-05-17,19547032.66,555813.5
SL00410,PR0107,Agent C,2025-06-11,39244080.98,240793.88
SL00411,PR0172,Agent B,2025-09-21,28956116.41,651321.93
SL00412,PR0141,Agent C,2026-07-28,12881706.84,627174.01
SL00413,PR0249,Agent A,2025-04-06,43442188.02,200142.57
SL00414,PR0233,Agent A,2025-06-28,42090886.0,125933.61
SL00415,PR0246,Agent A,2025-10-24,12550359.19,614038.88
SL00416,PR0217,Agent A,2025-04-20,37973910.2,226029.43
SL00417,PR0139,Agent C,2025-11-16,35490216.49,572601.96
SL00418,PR0104,Agent C,2025-04-01,17879192.27,469313.3
SL00419,PR0056,Agent C,2025-01-05,39053347.0,299278.7
SL00420,PR0063,Agent D,2025-08-16,48096649.61,549366.82
SL00421,PR0264,Agent D,2026-08-03,14893443.06,371137.13
SL00422,PR0161,Agent C,2026-09-09,43460617.42,715510.64
SL00423,PR0215,Agent D,2026-01-05,34916764.69,161449.07
SL00424,PR0107,Agent C,2025-12-27,6981659.32,366575.1
SL00425,PR0294,Agent A,2026-01-05,16077825.01,480726.0
SL00426,PR0137,Agent B,2026-08-17,36143528.68,279330.96
SL00427,PR0153,Agent B,2025-03-12,32506648.1,526457.52
SL00428,PR0183,Agent A,2025-01-29,48983580.73,504046.62
SL00429,PR0116,Agent B,2026-05-08,32270313.43,806790.67
SL00430,PR0114,Agent A,2026-01-15,33649468.92,698524.24
SL00431,PR0286,Agent A,2026-01-14,47122759.22,453142.15
SL00432,PR0027,Agent C,2025-04-29,38974004.97,133367.61
SL00433,PR0290,Agent C,2026-09-13,26403957.81,505223.71
SL00434,PR0258,Agent D,2025-01-21,32532335.15,296355.43
SL00435,PR0062,Agent D,2025-10-10,36384537.26,143352.91
SL00436,PR0209,Agent B,2026-02-06,24619277.35,156132.7
SL00437,PR0011,Agent D,2026-01-20,41879862.93,374724.07
SL00438,PR0267,Agent B,2026-07-31,16047852.73,822819.89
SL00439,PR0121,Agent A,2025-09-15,3545710.69,47455.84
SL00440,PR0236,Agent A,2025-05-21,22514059.02,719064.53
SL00441,PR0024,Agent B,2026-07-10,20406130.63,764632.66
SL00442,PR0233,Agent D,2025-11-22,16564583.72,277072.63
SL00443,PR0110,Agent D,2025-09-10,47378550.32,443777.12
SL00444,PR0027,Agent A,2026-08-31,14784131.8,156727.29
SL00445,PR0022,Agent D,2026-02-26,32830132.35,404346.62
SL00446,PR0256,Agent C,2025-11-29,31706237.37,265197.6
SL00447,PR0262,Agent B,2025-11-23,2044171.6,127180.13
SL00448,PR0181,Agent D,2025-08-11,21808319.94,493680.09
SL00449,PR0249,Agent B,2026-02-11,2953871.26,233769.25
SL00450,PR0243,Agent D,2026-08-22,40887570.23,304659.85
SL00451,PR0246,Agent A,2025-12-30,41216551.68,161634.38
SL00452,PR0130,Agent A,2026-08-04,9953130.35,362281.59
SL00453,PR0273,Agent C,2025-02-19,9231391.81,801983.9
SL00454,PR0240,Agent D,2025-11-20,17357559.34,383945.24
SL00455,PR0233,Agent A,2025-12-13,12839612.82,482580.1
SL00456,PR0288,Agent D,2025-05-04,13854293.9,486309.69
SL00457,PR0168,Agent A,2026-01-11,40910642.81,545170.47
SL00458,PR0233,Agent B,2026-03-15,16825071.62,74308.1
SL00459,PR0106,Agent C,2025-05-27,13236323.66,343960.62
SL00460,PR0215,Agent B,2026-08-10,3438505.49,439546.44
SL00461,PR0270,Agent C,2026-09-07,40833696.28,433109.16
SL00462,PR0053,Agent D,2025-02-16,25499109.9,600068.73
SL00463,PR0046,Agent C,2025-04-07,14199467.99,315674.41
SL00464,PR0109,Agent A,2026-08-13,37497864.32,232245.25
SL00465,PR0132,Agent D,2025-03-16,2660522.23,411436.79
SL00466,PR0030,Agent A,2026-07-16,44175218.0,870651.07
SL00467,PR0248,Agent C,2025-06-21,43205900.32,673813.41
SL00468,PR0047,Agent A,2025-02-20,23522301.75,33720.04
SL00469,PR0206,Agent A,2025-05-24,30770964.01,522469.26
SL00470,PR0240,Agent B,2026-01-23,34720439.23,368868.82
SL00471,PR0290,Agent A,2025-06-20,16578389.14,427334.14
SL00472,PR0297,Agent B,2026-05-24,12889329.2,886573.83
SL00473,PR0231,Agent B,2026-03-09,14263953.14,631650.01
SL00474,PR0180,Agent C,2025-04-14,10227107.6,622845.66
SL00475,PR0297,Agent A,2025-04-03,22681653.35,602142.98
SL00476,PR0193,Agent C,2026-02-28,32943196.91,904037.46
SL00477,PR0070,Agent B,2025-02-27,10710150.84,51256.39
SL00478,PR0228,Agent A,2025-10-12,39999022.49,264588.62
SL00479,PR0086,Agent B,2026-09-11,49313958.62,302964.91
SL00480,PR0029,Agent A,2025-03-23,20772849.33,20263.64
SL00481,PR0287,Agent D,2026-08-24,3943713.68,546832.02
SL00482,PR0101,Agent A,2026-07-03,39270625.32,524403.65
SL00483,PR0044,Agent D,2025-08-27,5260343.79,929212.03
SL00484,PR0205,Agent B,2025-11-16,28122238.55,630010.92
SL00485,PR0053,Agent A,2025-09-03,25871935.67,28385.05
SL00486,PR0024,Agent D,2025-12-25,30358483.08,530706.17
SL00487,PR0263,Agent D,2026-05-19,33540482.33,299959.11
SL00488,PR0030,Agent D,2025-01-01,24693252.32,995666.11
SL00489,PR0088,Agent D,2025-07-06,41621261.1,986896.77
SL00490,PR0095,Agent A,2025-05-29,49130824.87,764756.71
SL00491,PR0270,Agent C,2026-08-18,43810073.85,596061.03
SL00492,PR0249,Agent D,2025-09-27,11803483.41,949045.73
SL00493,PR0292,Agent A,2025-04-05,3391649.93,418263.82
SL00494,PR0108,Agent A,2026-01-12,12501120.77,938826.83
SL00495,PR0235,Agent A,2025-06-23,16601411.36,104280.33
SL00496,PR0280,Agent B,2026-02-26,30757831.5,156110.83
SL00497,PR0042,Agent D,2026-07-26,22793638.68,130443.07
SL00498,PR0105,Agent D,2025-05-27,48380043.05,755022.87
SL00499,PR0223,Agent D,2026-07-11,39094673.9,601099.98
SL00500,PR0214,Agent D,2025-08-09,3006375.05,577512.96
