property_id,property_type,city,locality
PR0001,Shop,Patna,East
PR0002,Office,Delhi,North
PR0003,Apartment,Delhi,West
PR0004,Villa,Bangalore,East
PR0005,Office,Bangalore,North
PR0006,Office,Mumbai,West
PR0007,Villa,Mumbai,North
PR0008,Villa,Patna,Central
PR0009,Apartment,Delhi,North
PR0010,Apartment,Bangalore,West
PR0011,Office,Pune,South
PR0012,Apartment,Delhi,West
PR0013,Shop,Bangalore,Central
PR0014,Shop,Bangalore,East
PR0015,Office,Bangalore,South
PR0016,Villa,Patna,North
PR0017,Apartment,Bangalore,Central
PR0018,Apartment,Mumbai,Central
PR0019,Shop,Patna,North
PR0020,Shop,Patna,Central
PR0021,Office,Delhi,East
PR0022,Office,Mumbai,South
PR0023,Shop,Delhi,Central
PR0024,Office,Bangalore,South
PR0025,Shop,Bangalore,West
PR0026,Shop,Patna,East
PR0027,Apartment,Mumbai,North
PR0028,Office,Patna,East
PR0029,Villa,Patna,South
PR0030,Villa,Delhi,East
PR0031,Villa,Delhi,West
PR0032,Apartment,Patna,South
PR0033,Office,Bangalore,West
PR0034,Villa,Mumbai,West
PR0035,Office,Pune,North
PR0036,Villa,Delhi,Central
PR0037,Office,Bangalore,Central
PR0038,Office,Mumbai,Central
PR0039,Office,Bangalore,South
PR0040,Apartment,Bangalore,West
PR0041,Office,Patna,North
PR0042,Office,Delhi,West
PR0043,Shop,Delhi,Central
PR0044,Apartment,Mumbai,South
PR0045,Shop,Mumbai,Central
PR0046,Villa,Pune,South
PR0047,Shop,Pune,West
PR0048,Apartment,Mumbai,North
PR0049,Office,Patna,Central
PR0050,Apartment,Delhi,Central
PR0051,Office,Bangalore,South
PR0052,Office,Mumbai,West
PR0053,Villa,Pune,East
PR0054,Apartment,Pune,East
PR0055,Shop,Bangalore,North
PR0056,Villa,Pune,South
PR0057,Apartment,Pune,North
PR0058,Shop,Mumbai,Central
PR0059,Villa,Bangalore,Central
PR0060,Villa,Patna,Central
PR0061,Apartment,Mumbai,South
PR0062,Shop,Bangalore,West
PR0063,Office,Pune,West
PR0064,Apartment,Pune,South
PR0065,Shop,Pune,North
PR0066,Villa,Pune,South
PR0067,Shop,Pune,West
PR0068,Villa,Pune,Central
PR0069,Shop,Delhi,Central
PR0070,Villa,Delhi,North
PR0071,Villa,Pune,West
PR0072,Shop,Bangalore,Central
PR0073,Villa,Patna,Central
PR0074,Apartment,Delhi,South
PR0075,Office,Mumbai,North
PR0076,Office,Pune,East
PR0077,Shop,Delhi,West
PR0078,Villa,Delhi,South
PR0079,Shop,Bangalore,Central
PR0080,Office,Pune,North
PR0081,Villa,Delhi,Central
PR0082,Office,Patna,South
PR0083,Shop,Delhi,Central
PR0084,Villa,Mumbai,South
PR0085,Shop,Delhi,Central
PR0086,Shop,Patna,East
PR0087,Shop,Bangalore,East
PR0088,Office,Mumbai,South
PR0089,Office,Mumbai,Central
PR0090,Shop,Pune,South
PR0091,Office,Delhi,East
PR0092,Villa,Patna,North
PR0093,Office,Bangalore,South
PR0094,Shop,Bangalore,East
PR0095,Villa,Mumbai,East
PR0096,Shop,Patna,East
PR0097,Villa,Bangalore,East
PR0098,Villa,Pune,Central
PR0099,Office,Pune,Central
PR0100,Office,Patna,Central
PR0101,Apartment,Mumbai,East
PR0102,Office,Delhi,North
PR0103,Villa,Pune,South
PR0104,Villa,Patna,South
PR0105,Villa,Delhi,West
PR0106,Villa,Patna,North
PR0107,Villa,Patna,West
PR0108,Office,Pune,North
PR0109,Shop,Mumbai,North
PR0110,Office,Bangalore,South
PR0111,Office,Patna,North
PR0112,Villa,Pune,North
PR0113,Shop,Pune,Central
PR0114,Office,Pune,Central
PR0115,Apartment,Patna,West
PR0116,Shop,Delhi,West
PR0117,Office,Pune,Central
PR0118,Apartment,Bangalore,West
PR0119,Office,Bangalore,North
PR0120,Shop,Pune,North
PR0121,Apartment,Delhi,South
PR0122,Office,Bangalore,North
PR0123,Villa,Patna,East
PR0124,Shop,Bangalore,North
PR0125,Villa,Patna,North
PR0126,Villa,Bangalore,Central
PR0127,Shop,Pune,East
PR0128,Villa,Pune,East
PR0129,Villa,Patna,Central
PR0130,Apartment,Patna,West
PR0131,Villa,Mumbai,West
PR0132,Villa,Pune,South
PR0133,Office,Pune,North
PR0134,Villa,Bangalore,Central
PR0135,Office,Pune,West
PR0136,Office,Patna,Central
PR0137,Shop,Delhi,East
PR0138,Villa,Bangalore,West
PR0139,Shop,Pune,East
PR0140,Shop,Pune,North
PR0141,Villa,Pune,Central
PR0142,Shop,Patna,Central
PR0143,Apartment,Pune,East
PR0144,Shop,Delhi,South
PR0145,Office,Pune,South
PR0146,Office,Patna,West
PR0147,Villa,Pune,West
PR0148,Apartment,Bangalore,Central
PR0149,Shop,Mumbai,Central
PR0150,Office,Mumbai,East
PR0151,Apartment,Patna,South
PR0152,Villa,Pune,Central
PR0153,Shop,Mumbai,Central
PR0154,Villa,Bangalore,Central
PR0155,Office,Delhi,Central
PR0156,Apartment,Pune,West
PR0157,Apartment,Mumbai,West
PR0158,Villa,Pune,West
PR0159,Office,Mumbai,North
PR0160,Villa,Patna,East
PR0161,Apartment,Patna,South
PR0162,Office,Mumbai,North
PR0163,Villa,Bangalore,West
PR0164,Villa,Bangalore,Central
PR0165,Office,Pune,Central
PR0166,Villa,Patna,West
PR0167,Villa,Mumbai,North
PR0168,Shop,Delhi,North
PR0169,Villa,Bangalore,Central
PR0170,Shop,Delhi,West
PR0171,Shop,Bangalore,South
PR0172,Shop,Bangalore,North
PR0173,Villa,Pune,Central
PR0174,Shop,Delhi,West
PR0175,Office,Patna,North
PR0176,Shop,Pune,Central
PR0177,Shop,Delhi,South
PR0178,Shop,Mumbai,East
PR0179,Shop,Mumbai,South
PR0180,Shop,Patna,Central
PR0181,Villa,Pune,Central
PR0182,Apartment,Mumbai,East
PR0183,Shop,Patna,West
PR0184,Apartment,Bangalore,Central
PR0185,Villa,Bangalore,West
PR0186,Shop,Delhi,East
PR0187,Office,Patna,South
PR0188,Office,Patna,Central
PR0189,Office,Patna,South
PR0190,Apartment,Mumbai,South
PR0191,Villa,Pune,North
PR0192,Villa,Bangalore,South
PR0193,Villa,Mumbai,North
PR0194,Villa,Delhi,East
PR0195,Apartment,Delhi,Central
PR0196,Apartment,Pune,North
PR0197,Apartment,Delhi,North
PR0198,Villa,Delhi,North
PR0199,Shop,Delhi,Central
PR0200,Office,Delhi,West
PR0201,Apartment,Pune,East
PR0202,Office,Patna,West
PR0203,Office,Patna,North
PR0204,Shop,Bangalore,North
PR0205,Apartment,Patna,South
PR0206,Apartment,Pune,Central
PR0207,Apartment,Bangalore,Central
PR0208,Office,Mumbai,South
PR0209,Apartment,Delhi,Central
PR0210,Villa,Patna,Central
PR0211,Villa,Mumbai,East
PR0212,Apartment,Pune,West
PR0213,Apartment,Pune,Central
PR0214,Shop,Pune,Central
PR0215,Villa,Mumbai,East
PR0216,Apartment,Patna,West
PR0217,Shop,Delhi,South
PR0218,Office,Bangalore,North
PR0219,Office,Bangalore,South
PR0220,Apartment,Patna,North
PR0221,Villa,Mumbai,Central
PR0222,Villa,Delhi,Central
PR0223,Apartment,Delhi,West
PR0224,Apartment,Bangalore,South
PR0225,Shop,Delhi,North
PR0226,Shop,Patna,West
PR0227,Apartment,Patna,West
PR0228,Apartment,Pune,East
PR0229,Villa,Pune,South
PR0230,Villa,Mumbai,South
PR0231,Office,Patna,Central
PR0232,Shop,Mumbai,East
PR0233,Shop,Pune,Central
PR0234,Shop,Bangalore,West
PR0235,Villa,Mumbai,West
PR0236,Shop,Pune,South
PR0237,Apartment,Delhi,East
PR0238,Shop,Mumbai,Central
PR0239,Office,Pune,West
PR0240,Shop,Bangalore,East
PR0241,Villa,Delhi,South
PR0242,Apartment,Patna,North
PR0243,Office,Bangalore,Central
PR0244,Office,Bangalore,East
PR0245,Apartment,Delhi,North
PR0246,Shop,Mumbai,North
PR0247,Shop,Bangalore,North
PR0248,Apartment,Delhi,South
PR0249,Shop,Delhi,West
PR0250,Villa,Delhi,East
PR0251,Shop,Pune,East
PR0252,Shop,Patna,South
PR0253,Office,Mumbai,South
PR0254,Shop,Delhi,Central
PR0255,Shop,Pune,North
PR0256,Office,Mumbai,West
PR0257,Shop,Bangalore,Central
PR0258,Shop,Bangalore,Central
PR0259,Shop,Pune,North
PR0260,Office,Delhi,Central
PR0261,Office,Mumbai,East
PR0262,Office,Delhi,Central
PR0263,Villa,Patna,South
PR0264,Office,Bangalore,West
PR0265,Office,Pune,South
PR0266,Apartment,Pune,Central
PR0267,Villa,Mumbai,West
PR0268,Shop,Bangalore,South
PR0269,Villa,Patna,West
PR0270,Office,Delhi,Central
PR0271,Shop,Delhi,North
PR0272,Villa,Patna,West
PR0273,Apartment,Delhi,North
PR0274,Shop,Mumbai,North
PR0275,Villa,Patna,South
PR0276,Shop,Patna,East
PR0277,Apartment,Patna,South
PR0278,Office,Delhi,South
PR0279,Shop,Patna,North
PR0280,Apartment,Mumbai,West
PR0281,Apartment,Pune,South
PR0282,Office,Bangalore,South
PR0283,Villa,Mumbai,West
PR0284,Office,Delhi,East
PR0285,Apartment,Patna,Central
PR0286,Villa,Delhi,North
PR0287,Shop,Delhi,East
PR0288,Villa,Bangalore,North
PR0289,Apartment,Mumbai,East
PR0290,Office,Delhi,South
PR0291,Villa,Mumbai,North
PR0292,Office,Mumbai,Central
PR0293,Villa,Pune,North
PR0294,Office,Mumbai,West
PR0295,Shop,Delhi,North
PR0296,Villa,Pune,South
PR0297,Office,Pune,West
PR0298,Shop,Pune,West
PR0299,Office,Bangalore,East
PR0300,Office,Bangalore,North
