reading_id,meter_id,reading_date,units_kwh,bill_amount,peak_units
R00001,M0070,2026-03-30,1064.81,69233.12,1752.46
R00002,M0267,2025-09-19,2440.46,2987.84,1133.59
R00003,M0205,2026-04-19,1770.5,7406.14,1057.08
R00004,M0016,2026-04-29,4760.12,58204.9,1898.53
R00005,M0093,2025-02-22,4946.17,66735.27,1300.49
R00006,M0198,2025-04-07,3337.09,25080.88,155.74
R00007,M0147,2025-11-06,3559.65,29299.5,142.65
R00008,M0084,2025-08-08,2477.12,29983.99,1375.75
R00009,M0053,2025-10-31,3674.5,39346.71,946.57
R00010,M0139,2026-05-15,2949.63,77361.83,852.14
R00011,M0253,2025-02-03,4454.79,72600.71,1412.19
R00012,M0146,2025-02-15,2677.88,79723.95,405.15
R00013,M0288,2025-09-02,1034.67,44398.11,588.2
R00014,M0102,2025-11-21,1213.69,18400.1,524.54
R00015,M0265,2025-04-09,145.18,64287.32,1640.98
R00016,M0083,2025-08-13,1179.24,8950.49,151.93
R00017,M0113,2026-02-09,2352.16,37625.04,1414.93
R00018,M0091,2025-12-18,3218.95,16424.08,1003.5
R00019,M0183,2025-01-05,381.05,46485.92,1064.14
R00020,M0135,2025-12-06,364.34,46999.7,887.85
R00021,M0242,2025-07-16,3518.85,18784.14,1138.44
R00022,M0040,2025-10-25,4335.45,677.93,1344.63
R00023,M0027,2025-06-09,3510.14,4984.25,289.15
R00024,M0104,2025-06-21,692.85,43683.04,136.94
R00025,M0150,2025-10-24,4443.44,7037.24,173.86
R00026,M0266,2025-11-17,188.24,46393.54,932.56
R00027,M0137,2025-01-02,534.63,74231.13,789.24
R00028,M0295,2025-11-28,2460.57,73538.47,1039.39
R00029,M0068,2026-08-22,4940.61,58314.77,107.23
R00030,M0251,2026-03-30,3147.51,58136.96,1634.28
R00031,M0200,2025-03-19,3050.03,33425.46,787.57
R00032,M0257,2025-11-16,3693.96,41416.65,1246.09
R00033,M0129,2026-08-12,2732.86,54991.79,1372.18
R00034,M0004,2025-09-02,2438.1,72849.71,1471.64
R00035,M0097,2026-01-05,3679.83,73136.47,1174.79
R00036,M0139,2026-02-27,2561.23,55334.25,680.92
R00037,M0267,2025-10-31,1292.75,19527.57,679.27
R00038,M0288,2025-04-11,4129.31,47599.21,485.19
R00039,M0246,2026-06-16,4190.97,71784.06,902.53
R00040,M0275,2025-09-18,4608.67,68146.68,1107.68
R00041,M0118,2025-07-17,3886.72,78433.88,1262.11
R00042,M0297,2026-07-06,3864.16,7344.54,808.86
R00043,M0014,2026-07-02,4328.32,27048.85,1298.2
R00044,M0110,2026-03-20,2158.14,63976.95,1320.9
R00045,M0194,2025-12-23,2789.43,2441.47,437.98
R00046,M0062,2025-08-13,1137.87,49461.21,1669.84
R00047,M0099,2026-06-28,3858.55,5846.59,697.32
R00048,M0144,2025-08-07,2761.85,71741.17,1774.53
R00049,M0095,2025-10-12,2912.65,7616.74,15.35
R00050,M0101,2025-03-08,349.84,64807.89,992.74
R00051,M0274,2025-08-03,4309.98,49127.57,875.38
R00052,M0031,2026-08-07,3733.84,63022.79,586.82
R00053,M0045,2026-06-14,3254.88,34143.1,1920.96
R00054,M0178,2025-04-30,1113.99,39309.66,1941.17
R00055,M0008,2026-07-17,3906.01,40694.31,1695.71
R00056,M0157,2025-12-23,807.23,15081.7,894.84
R00057,M0154,2026-01-22,212.84,1910.42,112.64
R00058,M0278,2025-03-31,2259.18,11351.02,94.74
R00059,M0047,2026-09-06,4546.42,24408.76,1635.72
R00060,M0099,2025-09-29,1022.1,78388.39,1539.25
R00061,M0154,2026-06-30,1479.82,52641.49,1505.69
R00062,M0003,2026-07-07,3828.57,31662.48,78.22
R00063,M0220,2025-11-06,4734.85,28781.69,1876.41
R00064,M0136,2026-06-25,4327.14,25589.26,1139.37
R00065,M0114,2025-08-30,2727.23,13872.27,1627.01
R00066,M0183,2026-04-06,598.8,17167.69,1173.16
R00067,M0049,2026-03-08,1525.25,19450.11,1278.17
R00068,M0245,2025-07-21,2256.37,8698.43,550.39
R00069,M0234,2025-08-09,1339.81,60211.33,1007.27
R00070,M0061,2026-04-16,2962.86,48038.18,891.87
R00071,M0138,2025-08-03,238.34,78559.83,1441.42
R00072,M0220,2025-09-16,3679.99,28237.44,484.14
R00073,M0060,2025-07-07,3433.25,51172.94,1219.02
R00074,M0156,2026-03-03,76.63,65643.27,1446.58
R00075,M0132,2026-07-29,2287.67,14929.19,1824.71
R00076,M0298,2025-07-23,811.57,59364.06,1700.18
R00077,M0295,2025-10-17,527.92,43200.36,765.55
R00078,M0263,2026-05-14,3210.07,60698.48,447.06
R00079,M0203,2026-04-24,869.25,79010.05,274.96
R00080,M0149,2025-07-24,2731.96,66728.9,1521.92
R00081,M0035,2025-03-17,2439.23,76229.71,56.97
R00082,M0126,2025-08-31,3752.39,27361.28,1280.4
R00083,M0249,2026-03-19,513.44,77015.97,1371.25
R00084,M0258,2025-06-18,637.9,6924.72,1080.69
R00085,M0272,2025-11-08,731.52,54390.01,906.96
R00086,M0200,2025-06-26,4391.19,36474.99,486.19
R00087,M0246,2026-03-18,2707.99,79930.11,1536.33
R00088,M0284,2026-06-28,3597.5,20206.16,1980.33
R00089,M0193,2025-02-19,658.09,35146.97,928.11
R00090,M0200,2026-06-14,1330.84,23033.89,50.43
R00091,M0119,2026-03-04,1820.37,18957.29,981.75
R00092,M0088,2026-03-12,3712.38,20192.02,1921.29
R00093,M0107,2026-03-10,1181.78,17735.08,232.88
R00094,M0145,2026-01-25,3095.74,59658.52,1506.52
R00095,M0285,2025-07-24,3585.54,67950.83,95.64
R00096,M0178,2025-02-14,4881.56,66569.23,348.16
R00097,M0022,2025-05-20,1441.64,74614.26,1438.47
R00098,M0171,2025-10-10,4069.35,58737.38,340.45
R00099,M0224,2025-09-30,4627.83,70382.87,136.29
R00100,M0101,2026-04-26,3287.53,44577.76,1361.21
R00101,M0279,2026-02-20,255.32,37021.99,1434.03
R00102,M0108,2026-06-02,3358.27,37765.17,1531.22
R00103,M0261,2026-05-11,4673.66,28416.38,450.09
R00104,M0211,2025-11-27,919.36,28393.28,1806.62
R00105,M0238,2025-02-15,2250.97,1425.82,1944.26
R00106,M0243,2026-05-22,2513.73,20650.67,374.4
R00107,M0137,2025-03-14,4592.2,8139.85,160.47
R00108,M0267,2026-03-25,3596.04,18682.5,1456.21
R00109,M0016,2026-03-18,3660.49,25337.25,1234.79
R00110,M0121,2026-07-06,1584.35,38030.96,597.82
R00111,M0082,2025-11-07,2665.34,57490.62,331.53
R00112,M0139,2025-09-28,4649.28,32837.96,683.55
R00113,M0170,2025-02-18,3078.05,17657.22,894.61
R00114,M0040,2026-06-07,3681.51,29568.03,554.74
R00115,M0077,2026-06-23,2965.69,1828.39,1540.99
R00116,M0108,2025-09-22,729.71,51041.31,782.6
R00117,M0042,2025-05-27,4515.9,10086.0,938.81
R00118,M0120,2025-01-22,4995.14,13769.45,1467.21
R00119,M0011,2025-04-10,279.15,5088.99,276.65
R00120,M0210,2026-05-08,2928.23,46269.74,846.33
R00121,M0275,2025-08-01,1831.47,41906.82,327.68
R00122,M0146,2026-03-18,1120.89,13044.05,1481.32
R00123,M0077,2026-08-17,4885.94,59672.36,577.99
R00124,M0038,2026-05-27,302.53,14174.93,604.55
R00125,M0076,2025-10-25,4711.69,61505.74,1067.88
R00126,M0228,2025-12-10,3203.1,8549.95,1229.81
R00127,M0050,2025-02-26,4564.08,72873.56,1881.05
R00128,M0102,2025-06-10,4841.49,78797.25,1034.99
R00129,M0071,2026-06-16,3812.65,23431.59,245.25
R00130,M0012,2025-10-20,1401.17,51026.77,963.64
R00131,M0078,2025-02-28,4637.91,5551.94,1688.2
R00132,M0179,2025-09-12,843.16,70923.42,693.35
R00133,M0058,2025-11-26,1915.94,3785.64,561.25
R00134,M0026,2026-03-08,1830.96,29706.17,126.68
R00135,M0212,2026-04-17,534.48,25118.74,935.44
R00136,M0271,2025-08-22,1130.57,65073.36,1367.96
R00137,M0098,2026-06-04,3403.85,70741.35,1850.03
R00138,M0169,2025-04-19,762.16,27492.58,151.39
R00139,M0176,2025-06-24,331.07,12956.8,740.88
R00140,M0122,2026-05-09,3827.28,6326.0,400.33
R00141,M0213,2026-01-06,3458.19,1004.83,1491.56
R00142,M0087,2025-08-07,4411.86,48116.69,1266.71
R00143,M0172,2025-04-16,3805.56,32980.26,1823.41
R00144,M0051,2025-08-09,3451.25,49880.27,1719.42
R00145,M0006,2025-06-07,4182.35,26290.16,971.38
R00146,M0137,2025-03-13,3074.51,24195.46,84.95
R00147,M0042,2025-06-21,123.48,22296.64,1106.36
R00148,M0010,2025-03-05,3501.8,67496.52,160.08
R00149,M0114,2025-02-20,2086.81,17003.46,460.87
R00150,M0226,2025-08-28,1603.88,53856.7,1404.83
R00151,M0184,2026-09-09,367.47,47407.91,474.39
R00152,M0297,2026-04-27,2096.29,38433.31,1475.34
R00153,M0003,2026-05-06,2264.76,46888.2,904.47
R00154,M0172,2026-08-29,3766.8,3192.33,1619.91
R00155,M0057,2025-08-09,2008.23,55548.93,525.11
R00156,M0030,2026-08-29,3216.14,73708.94,596.8
R00157,M0274,2025-12-18,3834.55,44157.24,166.21
R00158,M0255,2025-08-23,3781.46,78740.65,1940.55
R00159,M0013,2026-07-30,2523.95,56466.53,1817.16
R00160,M0201,2026-09-25,4728.85,49803.42,1172.58
R00161,M0181,2026-02-14,1604.31,68134.06,453.16
R00162,M0227,2026-05-25,2198.76,10944.95,1716.02
R00163,M0117,2026-03-02,620.97,53796.25,680.85
R00164,M0183,2026-05-28,2476.16,68441.89,673.7
R00165,M0261,2025-04-09,2506.07,65898.41,71.05
R00166,M0127,2026-09-25,226.94,33412.73,468.55
R00167,M0153,2026-07-15,1901.12,61182.99,272.53
R00168,M0010,2025-02-05,3265.08,45258.8,241.97
R00169,M0150,2026-07-09,3087.86,18278.41,975.98
R00170,M0297,2025-01-07,4142.57,72807.95,1998.25
R00171,M0215,2026-02-05,3402.23,27124.11,1130.86
R00172,M0229,2026-03-31,3442.94,10440.24,757.77
R00173,M0015,2026-03-02,3363.78,64933.67,304.11
R00174,M0009,2026-02-24,842.18,44033.82,152.25
R00175,M0181,2026-04-12,1660.91,46597.01,1660.67
R00176,M0071,2025-09-13,538.04,59072.38,1123.05
R00177,M0160,2025-04-23,981.25,10217.89,1267.12
R00178,M0127,2025-06-10,1322.47,70633.34,1427.45
R00179,M0043,2025-11-15,3782.09,16402.64,417.49
R00180,M0044,2026-08-31,2339.69,667.71,86.23
R00181,M0298,2025-07-24,4708.81,2393.09,1243.93
R00182,M0072,2026-03-17,2324.73,46091.37,1579.57
R00183,M0139,2026-09-23,3374.29,47321.29,468.81
R00184,M0066,2025-01-02,2461.64,72461.84,220.25
R00185,M0284,2025-01-11,4318.47,50023.47,948.66
R00186,M0042,2025-07-30,3424.87,38238.35,1298.37
R00187,M0168,2025-06-04,2903.9,52916.54,1585.54
R00188,M0211,2026-01-24,318.88,1257.46,1656.35
R00189,M0178,2025-08-29,4550.35,78153.24,1133.83
R00190,M0043,2026-04-24,2621.1,11736.19,1293.06
R00191,M0275,2026-03-27,4703.54,19598.63,385.69
R00192,M0150,2025-12-16,612.56,42710.8,1845.02
R00193,M0210,2025-02-24,3682.41,44680.73,1391.36
R00194,M0274,2026-08-30,3093.68,19351.84,1342.83
R00195,M0009,2026-01-09,3159.21,46611.21,638.75
R00196,M0240,2025-01-29,4992.45,49776.87,1783.37
R00197,M0292,2025-03-08,3920.54,42176.81,228.12
R00198,M0053,2026-07-24,1494.39,78744.44,490.59
R00199,M0264,2025-04-23,1293.78,54016.33,989.47
R00200,M0282,2025-07-01,1814.38,57890.92,356.19
R00201,M0246,2025-05-24,1174.24,8915.53,376.76
R00202,M0235,2025-03-10,1564.34,10145.62,1472.41
R00203,M0074,2025-02-14,4426.4,76214.43,1097.06
R00204,M0176,2026-05-31,940.77,7251.17,653.35
R00205,M0150,2026-06-08,4685.87,75981.07,333.25
R00206,M0130,2025-12-02,471.43,28393.41,371.7
R00207,M0134,2026-01-14,975.33,7782.52,1232.11
R00208,M0293,2025-10-05,701.24,37985.26,1816.12
R00209,M0232,2025-09-28,663.08,13770.31,573.8
R00210,M0165,2025-03-28,559.54,1359.27,1353.14
R00211,M0142,2025-04-25,3841.33,2906.05,657.4
R00212,M0226,2025-04-06,4537.88,60110.78,1953.97
R00213,M0242,2025-03-09,4116.5,11550.51,286.57
R00214,M0236,2025-02-10,4319.41,16656.1,1281.24
R00215,M0041,2026-04-21,3724.04,50810.43,1483.62
R00216,M0131,2026-02-06,728.22,77611.61,1881.81
R00217,M0158,2026-04-29,2823.45,28848.75,117.21
R00218,M0293,2026-09-17,3393.64,43734.54,15.01
R00219,M0028,2025-11-06,1471.15,47661.62,1358.76
R00220,M0152,2026-08-23,1835.26,45778.94,643.98
R00221,M0166,2025-02-05,2613.04,36324.66,1411.66
R00222,M0250,2025-11-09,2412.21,77881.48,808.43
R00223,M0013,2026-03-05,3723.85,41534.85,39.36
R00224,M0276,2025-09-15,3987.13,44743.48,507.34
R00225,M0221,2025-09-14,4284.6,73653.77,167.91
R00226,M0201,2025-06-03,762.84,45738.74,1704.73
R00227,M0208,2025-12-23,4256.78,7666.99,1762.88
R00228,M0252,2025-09-26,648.77,34755.56,1591.48
R00229,M0041,2025-03-09,4582.49,51507.37,128.37
R00230,M0101,2025-01-18,2628.12,39387.76,524.0
R00231,M0110,2025-07-22,105.49,12938.98,1154.79
R00232,M0229,2026-05-09,850.21,57839.45,590.02
R00233,M0005,2025-04-24,4280.69,11434.38,22.87
R00234,M0054,2025-10-22,4829.04,6094.25,618.9
R00235,M0246,2025-09-09,1533.18,41671.27,805.34
R00236,M0023,2026-01-19,2286.42,12003.67,60.23
R00237,M0099,2025-07-23,3538.93,55303.37,809.74
R00238,M0225,2026-07-11,662.04,19767.14,1295.55
R00239,M0242,2026-07-07,3213.4,37099.04,1167.7
R00240,M0061,2025-07-31,3559.92,57997.13,1969.9
R00241,M0292,2026-09-05,2883.68,23151.43,1907.81
R00242,M0227,2025-08-29,4820.17,58034.36,181.62
R00243,M0273,2026-08-25,214.11,54183.01,1551.57
R00244,M0292,2026-05-08,3475.4,41190.84,1304.97
R00245,M0199,2026-02-12,4761.74,26812.53,939.96
R00246,M0084,2026-03-31,2007.48,47022.84,553.48
R00247,M0277,2026-04-19,3202.92,50956.82,1723.18
R00248,M0263,2025-06-10,2879.63,21308.41,1340.91
R00249,M0081,2025-03-21,152.04,35677.16,668.92
R00250,M0048,2025-09-16,2049.82,46680.57,116.35
R00251,M0027,2026-07-09,4710.42,75313.35,1848.34
R00252,M0288,2025-06-11,2877.76,3293.55,476.82
R00253,M0013,2026-09-05,4109.15,6761.77,1937.94
R00254,M0254,2026-08-24,2686.7,12342.09,170.03
R00255,M0185,2026-04-06,2853.79,11441.08,113.41
R00256,M0008,2025-03-13,3599.52,51985.26,1222.8
R00257,M0050,2026-08-26,2197.47,14072.84,1848.52
R00258,M0122,2026-06-12,2906.51,20079.6,1331.19
R00259,M0067,2025-09-13,2754.85,56615.79,151.68
R00260,M0013,2025-11-18,3281.48,79613.76,1619.36
R00261,M0220,2026-05-17,1804.77,41985.73,1268.84
R00262,M0121,2026-04-14,1439.06,38236.85,308.7
R00263,M0076,2025-01-25,324.07,48443.8,922.58
R00264,M0084,2025-03-16,1371.4,44074.88,333.9
R00265,M0056,2025-05-28,2298.99,26658.3,171.14
R00266,M0236,2026-09-28,434.28,26473.22,36.7
R00267,M0242,2026-03-29,3817.33,18948.77,989.0
R00268,M0274,2025-11-02,4729.19,10789.29,318.55
R00269,M0170,2025-12-30,1498.52,49523.89,886.57
R00270,M0014,2025-06-23,3635.97,69948.59,905.42
R00271,M0009,2025-06-22,3365.43,42509.72,38.85
R00272,M0269,2026-04-05,4469.65,69804.42,1382.64
R00273,M0264,2026-03-25,4570.01,10097.33,1004.28
R00274,M0027,2025-08-05,315.48,57328.03,1546.0
R00275,M0088,2025-06-26,3270.82,24933.03,73.84
R00276,M0080,2025-03-04,4886.92,56394.77,1758.61
R00277,M0273,2026-05-18,3777.13,51986.12,559.49
R00278,M0106,2025-05-14,2754.99,19796.78,1953.56
R00279,M0142,2026-02-05,4298.83,68050.07,483.6
R00280,M0092,2025-03-28,3564.55,75889.29,942.78
R00281,M0222,2025-05-27,2295.95,35479.81,1837.52
R00282,M0193,2026-05-05,3907.99,38434.87,1751.82
R00283,M0147,2026-08-29,3062.22,11329.64,731.34
R00284,M0265,2026-05-11,1482.81,79683.22,1941.46
R00285,M0246,2025-09-14,2714.18,18494.61,1783.69
R00286,M0235,2025-01-12,3939.72,47243.4,1026.17
R00287,M0023,2025-04-15,3217.65,71281.51,1258.45
R00288,M0187,2025-12-29,3922.84,39945.95,1207.89
R00289,M0093,2025-07-09,4583.39,36121.83,1942.32
R00290,M0189,2026-09-02,4959.23,54612.73,132.53
R00291,M0216,2026-09-08,591.3,50796.78,75.75
R00292,M0199,2025-04-11,4555.46,35979.6,715.57
R00293,M0214,2026-05-29,630.78,2836.56,89.79
R00294,M0111,2026-05-18,1527.14,27264.79,823.16
R00295,M0039,2026-03-28,3143.61,10072.22,782.99
R00296,M0182,2025-06-06,4946.82,12090.07,593.54
R00297,M0065,2025-06-05,1787.78,11514.82,417.92
R00298,M0293,2025-05-26,2546.34,21625.82,660.73
R00299,M0178,2025-03-30,1809.84,20850.78,1788.01
R00300,M0296,2026-07-10,624.37,5882.96,82.34
R00301,M0117,2026-05-31,589.69,29530.39,881.08
R00302,M0204,2025-09-29,1394.11,69122.09,1057.21
R00303,M0199,2025-03-11,58.67,1138.56,1493.2
R00304,M0011,2025-06-18,2752.27,65487.24,1374.62
R00305,M0074,2026-09-14,481.42,7140.58,1321.68
R00306,M0179,2025-07-21,142.11,8765.37,140.75
R00307,M0025,2026-06-05,4137.12,13550.07,1264.67
R00308,M0269,2025-09-25,3846.84,77954.53,374.14
R00309,M0100,2026-07-22,4812.99,79481.62,309.21
R00310,M0126,2025-09-05,4474.72,28440.14,682.0
R00311,M0270,2025-07-26,416.26,52721.86,802.25
R00312,M0046,2025-07-14,2374.48,58134.62,293.65
R00313,M0159,2026-05-24,2761.89,36784.65,48.3
R00314,M0024,2025-02-20,4731.42,54026.37,347.9
R00315,M0253,2026-09-22,513.43,58182.24,731.96
R00316,M0299,2026-01-10,4284.78,20865.56,744.81
R00317,M0033,2025-10-05,4534.36,41629.47,1427.15
R00318,M0090,2025-12-11,4073.94,54555.27,471.03
R00319,M0080,2025-12-05,2179.77,8104.15,1175.54
R00320,M0075,2025-11-22,303.58,31321.2,321.4
R00321,M0157,2026-01-22,4630.52,69319.47,718.64
R00322,M0006,2025-01-17,973.39,48236.8,50.13
R00323,M0249,2025-01-16,3987.32,40692.76,245.68
R00324,M0216,2025-07-12,1877.59,58479.92,1343.78
R00325,M0211,2025-08-21,2756.42,53178.65,1469.71
R00326,M0078,2026-05-11,1194.72,53334.79,1496.46
R00327,M0003,2026-06-04,568.67,53590.3,329.26
R00328,M0155,2025-06-18,2238.46,18585.1,1209.75
R00329,M0260,2025-07-28,2473.94,19796.28,949.07
R00330,M0149,2026-06-10,3755.51,52904.4,1329.09
R00331,M0257,2025-01-05,3845.98,2198.6,1858.78
R00332,M0168,2025-04-12,408.37,24609.3,448.3
R00333,M0019,2025-03-26,2832.03,29996.71,1265.98
R00334,M0091,2025-04-16,1554.18,20649.82,1433.35
R00335,M0010,2026-08-11,2290.42,26753.86,464.29
R00336,M0293,2026-04-15,102.54,61600.62,1393.89
R00337,M0280,2025-07-17,1747.99,39610.01,1244.29
R00338,M0300,2025-07-28,3240.49,56735.03,587.62
R00339,M0247,2025-10-12,4979.36,11066.3,588.38
R00340,M0121,2025-05-28,1261.5,34353.6,1112.46
R00341,M0076,2026-08-16,4148.82,49686.45,352.26
R00342,M0237,2026-02-19,1067.59,24632.0,562.44
R00343,M0072,2025-03-14,1313.28,11088.59,1903.94
R00344,M0047,2025-03-07,3774.12,18817.44,1167.72
R00345,M0076,2025-05-31,116.83,918.91,204.61
R00346,M0180,2025-06-13,1449.19,74313.18,1998.91
R00347,M0179,2025-01-06,3692.89,51248.8,1631.0
R00348,M0194,2025-09-18,4932.55,42905.76,234.52
R00349,M0280,2026-03-23,4552.95,38806.19,1423.43
R00350,M0179,2026-08-06,3656.86,71956.14,1912.97
R00351,M0086,2025-01-05,2694.44,50946.61,924.18
R00352,M0124,2026-05-10,2880.42,68306.52,602.85
R00353,M0124,2026-09-30,1550.75,6975.34,1436.74
R00354,M0277,2025-08-21,1473.8,45600.47,1760.42
R00355,M0107,2025-01-28,4088.42,62715.06,1439.71
R00356,M0032,2025-04-09,379.98,17040.36,1510.46
R00357,M0137,2025-12-11,183.34,13853.3,438.16
R00358,M0221,2026-04-02,3183.53,56261.18,98.92
R00359,M0251,2026-07-16,3418.78,52728.17,404.12
R00360,M0080,2026-06-18,76.64,67220.4,193.5
R00361,M0032,2026-07-23,4880.75,24536.42,1801.27
R00362,M0256,2026-04-25,495.55,68152.51,1633.54
R00363,M0158,2026-09-11,4359.38,6597.36,794.68
R00364,M0051,2026-07-03,268.41,50272.1,73.65
R00365,M0265,2026-03-26,3774.49,28955.53,1477.11
R00366,M0007,2026-01-28,1402.63,68780.02,282.37
R00367,M0025,2026-06-28,3271.5,770.0,1856.55
R00368,M0226,2025-01-26,481.61,71558.79,1349.63
R00369,M0152,2025-08-25,125.74,42830.1,1628.96
R00370,M0241,2026-03-04,4424.74,67179.33,1001.96
R00371,M0143,2025-10-15,4420.15,43201.39,180.91
R00372,M0276,2026-04-04,2862.52,3446.34,12.19
R00373,M0111,2026-01-23,1803.82,69155.31,1303.96
R00374,M0154,2025-12-18,661.62,63727.78,1837.47
R00375,M0220,2025-12-27,4131.69,44753.49,261.08
R00376,M0290,2026-05-12,306.61,53046.9,363.09
R00377,M0072,2025-09-05,3784.5,36542.5,722.42
R00378,M0156,2025-12-23,3663.62,59142.65,430.43
R00379,M0127,2025-08-09,3474.3,2252.74,1809.98
R00380,M0191,2025-09-25,1443.63,74496.98,887.63
R00381,M0106,2026-07-30,3238.08,73207.73,1613.46
R00382,M0131,2026-02-01,1217.31,20965.31,934.73
R00383,M0120,2026-09-07,3807.22,24147.77,1807.55
R00384,M0183,2025-01-08,837.19,4413.52,186.53
R00385,M0228,2025-03-16,4045.44,54478.6,1569.72
R00386,M0019,2025-12-13,4427.36,51842.55,1772.72
R00387,M0245,2025-11-16,2108.34,50160.24,854.14
R00388,M0192,2026-01-31,4237.06,57488.02,491.45
R00389,M0062,2026-05-28,4954.41,35236.92,1799.32
R00390,M0091,2025-07-14,1221.75,63919.24,878.7
R00391,M0077,2025-02-09,2425.34,4906.94,389.83
R00392,M0218,2025-11-09,1429.83,32638.41,1824.21
R00393,M0039,2026-06-26,4729.79,31980.56,1579.01
R00394,M0059,2025-08-06,1072.89,26342.35,1107.69
R00395,M0003,2026-05-31,1472.43,25873.86,1938.59
R00396,M0110,2025-02-02,4172.8,46995.67,906.68
R00397,M0093,2026-05-07,159.82,58293.99,684.5
R00398,M0226,2025-05-19,1586.06,35986.52,536.27
R00399,M0249,2025-08-25,436.44,67421.39,389.21
R00400,M0289,2026-04-05,3757.1,59576.62,816.95
R00401,M0117,2026-07-19,2756.81,56230.38,621.54
R00402,M0218,2025-05-19,855.28,11324.5,588.15
R00403,M0209,2026-02-27,432.09,62623.47,496.66
R00404,M0292,2025-06-30,3067.55,22486.68,1758.26
R00405,M0190,2026-02-26,3922.92,17335.57,1941.5
R00406,M0053,2025-05-28,2169.51,25721.98,1272.97
R00407,M0054,2025-03-11,868.53,31411.49,970.97
R00408,M0114,2025-04-25,4297.61,30723.66,821.56
R00409,M0146,2025-02-11,2242.87,11642.67,1207.14
R00410,M0073,2025-02-25,4206.45,19923.47,1268.54
R00411,M0205,2025-03-31,1622.16,10743.41,398.92
R00412,M0212,2026-06-03,2676.9,9665.95,151.37
R00413,M0209,2026-02-02,2565.08,40600.01,1778.65
R00414,M0172,2026-02-14,2290.37,6229.27,50.06
R00415,M0090,2025-07-28,3926.54,64845.83,824.48
R00416,M0276,2025-03-18,958.57,20673.99,326.05
R00417,M0078,2025-11-24,2329.91,25325.85,1791.44
R00418,M0198,2026-02-17,4581.76,75439.44,1023.31
R00419,M0072,2025-05-01,1401.84,18831.78,458.97
R00420,M0038,2025-06-21,2898.18,27870.09,512.56
R00421,M0291,2026-07-06,3779.64,62499.27,1778.58
R00422,M0118,2025-06-14,4240.94,53026.42,482.81
R00423,M0009,2026-07-02,1804.5,65232.94,1459.71
R00424,M0164,2025-09-06,1301.92,60771.98,1821.44
R00425,M0294,2025-10-24,2353.74,68625.55,486.98
R00426,M0185,2026-06-30,3582.78,25288.27,324.31
R00427,M0296,2026-09-15,3318.02,25123.74,216.39
R00428,M0110,2026-05-11,3085.75,46974.81,1662.65
R00429,M0092,2025-12-08,2110.94,71407.1,1254.4
R00430,M0009,2026-03-28,1398.42,34641.81,1408.17
R00431,M0169,2025-11-19,899.28,25034.93,527.44
R00432,M0154,2025-01-14,2874.53,55735.16,12.81
R00433,M0233,2026-03-08,1404.87,5131.5,1308.78
R00434,M0253,2025-11-02,1572.82,68938.23,934.0
R00435,M0159,2026-08-22,1418.36,77202.87,1436.03
R00436,M0154,2026-05-05,869.39,41662.33,400.09
R00437,M0159,2026-02-14,2272.6,65557.75,624.1
R00438,M0148,2025-09-15,1486.17,34438.21,1142.63
R00439,M0209,2025-07-06,4466.67,3130.92,524.11
R00440,M0266,2026-09-28,1931.68,6603.31,429.33
R00441,M0199,2025-04-27,2768.67,1048.41,178.71
R00442,M0210,2025-05-05,906.43,36854.29,477.35
R00443,M0091,2025-05-20,3999.09,13238.96,165.17
R00444,M0113,2025-01-09,4669.37,40882.18,1386.83
R00445,M0181,2025-12-26,957.68,10894.05,283.33
R00446,M0089,2025-06-18,634.72,37211.3,70.88
R00447,M0187,2025-08-22,2803.95,10393.6,1965.42
R00448,M0113,2025-12-09,4665.46,53268.01,903.35
R00449,M0103,2026-08-27,913.11,60141.01,1001.76
R00450,M0180,2025-07-15,3511.88,38303.52,624.37
R00451,M0144,2025-11-22,3738.84,6110.61,1200.48
R00452,M0177,2025-04-11,3444.93,45988.12,562.2
R00453,M0198,2025-11-17,1214.99,56544.18,302.92
R00454,M0245,2025-03-19,4381.03,38584.24,1075.96
R00455,M0174,2025-03-30,4937.7,72188.97,1987.34
R00456,M0292,2026-01-24,1132.0,47133.17,1888.37
R00457,M0171,2025-02-12,4333.44,44005.0,1933.89
R00458,M0089,2025-05-11,4644.05,42806.44,612.12
R00459,M0221,2026-05-15,4123.33,49621.63,1618.81
R00460,M0139,2026-08-22,172.64,49154.39,1375.56
R00461,M0188,2026-05-26,3134.35,57836.81,1593.3
R00462,M0057,2026-06-14,536.86,66700.28,426.36
R00463,M0064,2025-02-04,4062.06,28144.38,65.83
R00464,M0267,2025-09-10,4127.98,76891.16,134.21
R00465,M0122,2025-04-29,4554.89,67324.23,1492.31
R00466,M0052,2025-07-29,836.3,27707.57,618.28
R00467,M0033,2026-05-04,2435.3,12935.69,1909.67
R00468,M0198,2026-01-07,3187.47,22023.57,409.84
R00469,M0084,2026-07-13,1472.85,28884.82,434.63
R00470,M0148,2025-11-14,2203.85,46797.86,1783.29
R00471,M0216,2026-09-23,4458.12,25989.44,129.57
R00472,M0194,2025-01-26,237.04,48827.52,1100.24
R00473,M0190,2025-08-25,3944.41,17422.39,704.8
R00474,M0230,2025-05-08,793.76,71494.83,1770.11
R00475,M0079,2026-06-23,394.07,19866.5,144.27
R00476,M0013,2025-04-11,3356.14,24524.74,459.55
R00477,M0232,2025-01-10,2574.34,9319.96,186.65
R00478,M0189,2026-05-17,840.45,21784.15,1930.4
R00479,M0136,2026-01-15,3101.81,74089.31,103.02
R00480,M0096,2025-11-17,270.3,43809.89,159.86
R00481,M0276,2026-07-06,4791.55,61895.85,1532.64
R00482,M0143,2025-04-21,1711.84,51757.19,898.41
R00483,M0038,2026-06-06,4668.69,20456.51,1622.14
R00484,M0249,2025-08-12,2561.26,78695.64,513.99
R00485,M0022,2025-03-12,3073.47,11123.62,1709.09
R00486,M0040,2025-01-11,3347.33,1853.53,665.41
R00487,M0230,2025-12-11,1248.6,60105.26,1236.81
R00488,M0256,2026-01-11,357.29,25615.2,533.72
R00489,M0166,2026-05-01,3820.8,17896.87,1536.52
R00490,M0063,2025-02-15,2035.69,73706.05,157.08
R00491,M0217,2025-02-05,143.47,14466.93,18.97
R00492,M0233,2025-10-02,3146.2,5208.61,923.01
R00493,M0006,2025-07-18,4030.53,55489.95,1467.51
R00494,M0218,2026-09-03,2333.63,35437.12,132.96
R00495,M0205,2025-08-18,379.32,1280.1,11.87
R00496,M0177,2025-06-16,994.68,51639.66,1872.69
R00497,M0019,2026-02-08,875.82,1814.8,993.66
R00498,M0133,2026-01-09,4616.09,51173.11,1706.93
R00499,M0016,2025-03-29,3827.49,66318.69,1895.21
R00500,M0149,2026-01-15,4834.21,33157.29,1551.36
