exam_id,student_id,subject,exam_date,marks,attendance_pct
E00001,S0085,Statistics,2026-04-24,48.1,84.0
E00002,S0223,SQL,2026-06-23,65.7,82.3
E00003,S0199,Spark,2025-05-15,28.6,90.9
E00004,S0250,Python,2025-07-27,27.2,75.3
E00005,S0169,Statistics,2026-08-05,46.3,81.3
E00006,S0071,SQL,2026-09-03,64.9,55.2
E00007,S0159,Java,2026-06-23,88.6,69.1
E00008,S0232,Java,2025-08-15,35.1,73.6
E00009,S0239,Spark,2026-07-22,52.3,67.4
E00010,S0108,Java,2025-08-09,58.7,64.0
E00011,S0091,Spark,2025-04-02,82.0,96.0
E00012,S0187,Java,2026-02-27,85.8,92.7
E00013,S0063,Spark,2025-01-23,23.9,98.4
E00014,S0203,SQL,2025-05-15,91.7,85.8
E00015,S0050,SQL,2026-05-08,52.6,93.1
E00016,S0199,Java,2025-07-03,69.5,95.9
E00017,S0018,Spark,2026-07-28,77.3,90.4
E00018,S0260,Spark,2026-01-24,36.1,87.2
E00019,S0194,SQL,2026-09-09,71.0,97.5
E00020,S0138,SQL,2026-07-04,71.2,55.3
E00021,S0101,Statistics,2025-07-02,21.0,64.6
E00022,S0072,Python,2025-04-06,24.7,68.9
E00023,S0221,Python,2026-07-18,99.2,61.6
E00024,S0163,Spark,2025-01-24,45.1,63.7
E00025,S0020,Python,2026-01-13,61.8,68.8
E00026,S0095,SQL,2025-05-30,55.0,78.2
E00027,S0120,SQL,2025-11-18,28.6,94.4
E00028,S0160,Python,2026-01-10,81.5,96.9
E00029,S0219,Spark,2025-01-01,55.1,74.4
E00030,S0285,Python,2026-05-06,41.6,90.0
E00031,S0027,SQL,2026-03-31,58.5,65.3
E00032,S0286,SQL,2025-07-20,92.8,56.7
E00033,S0012,SQL,2025-09-25,78.9,78.2
E00034,S0269,Spark,2026-07-20,26.6,96.6
E00035,S0125,Python,2025-08-03,53.4,99.6
E00036,S0258,Python,2025-12-15,88.5,92.8
E00037,S0055,SQL,2025-03-18,83.6,67.0
E00038,S0236,Python,2025-07-24,55.3,82.3
E00039,S0247,Java,2026-01-06,78.4,65.9
E00040,S0242,Python,2025-10-08,51.1,68.1
E00041,S0075,Statistics,2025-10-30,99.8,85.7
E00042,S0049,Python,2026-05-31,58.9,75.1
E00043,S0237,Java,2025-01-13,96.9,94.3
E00044,S0088,SQL,2025-09-16,91.3,75.7
E00045,S0044,SQL,2026-01-15,88.5,73.6
E00046,S0011,SQL,2025-08-28,62.2,84.3
E00047,S0215,Statistics,2025-05-11,75.2,73.7
E00048,S0134,Statistics,2025-05-25,61.5,80.1
E00049,S0296,Spark,2026-06-20,31.5,77.7
E00050,S0272,Statistics,2026-06-04,24.9,70.8
E00051,S0093,SQL,2025-07-13,95.8,59.7
E00052,S0246,Spark,2025-12-13,44.2,55.6
E00053,S0128,Statistics,2026-02-08,62.6,81.3
E00054,S0300,Python,2025-08-03,46.3,85.1
E00055,S0205,SQL,2026-04-04,29.6,92.0
E00056,S0193,Statistics,2025-03-17,52.3,57.9
E00057,S0200,Java,2025-11-06,48.6,57.2
E00058,S0082,Python,2025-01-11,71.4,60.9
E00059,S0174,SQL,2025-01-07,20.5,70.4
E00060,S0075,Spark,2025-06-20,73.6,88.0
E00061,S0057,SQL,2025-02-22,93.9,81.1
E00062,S0005,Java,2025-09-20,55.8,95.7
E00063,S0220,Java,2025-05-19,49.5,78.6
E00064,S0295,Statistics,2025-04-02,89.7,62.6
E00065,S0126,Statistics,2026-02-22,65.9,96.0
E00066,S0118,SQL,2026-02-17,91.5,85.5
E00067,S0185,Python,2025-01-23,87.4,70.7
E00068,S0059,Java,2025-10-11,79.2,89.6
E00069,S0277,Java,2026-04-11,32.6,99.5
E00070,S0081,Spark,2026-03-18,67.1,87.7
E00071,S0245,Spark,2026-03-15,41.2,94.5
E00072,S0062,SQL,2026-01-21,84.1,65.3
E00073,S0181,SQL,2026-04-06,59.6,83.8
E00074,S0007,SQL,2025-04-13,21.8,67.7
E00075,S0171,Spark,2025-08-15,59.2,66.9
E00076,S0265,Spark,2025-04-15,78.4,59.3
E00077,S0048,Java,2026-02-18,35.9,77.6
E00078,S0286,Spark,2025-06-05,32.2,84.5
E00079,S0275,Spark,2026-04-09,87.1,86.4
E00080,S0133,Python,2026-04-13,57.8,81.6
E00081,S0206,Spark,2025-11-25,27.9,65.8
E00082,S0164,SQL,2026-02-26,31.1,73.8
E00083,S0178,Java,2025-03-29,44.3,66.6
E00084,S0106,Python,2025-05-08,68.7,82.7
E00085,S0235,Statistics,2025-03-02,98.2,82.2
E00086,S0102,Statistics,2026-05-16,44.6,56.3
E00087,S0164,Python,2025-03-10,53.0,93.4
E00088,S0237,SQL,2026-01-12,48.6,74.6
E00089,S0119,Python,2026-04-17,30.7,94.4
E00090,S0174,Python,2025-08-12,33.3,78.0
E00091,S0088,Spark,2026-06-13,42.3,92.2
E00092,S0080,Java,2025-11-10,40.3,97.7
E00093,S0276,Spark,2025-09-05,58.4,79.1
E00094,S0215,Statistics,2025-03-20,44.1,93.3
E00095,S0150,Java,2026-07-14,26.0,91.5
E00096,S0158,SQL,2025-11-01,81.1,98.2
E00097,S0101,Spark,2026-09-24,67.1,59.9
E00098,S0060,Spark,2025-03-12,94.1,86.4
E00099,S0172,Java,2025-03-28,67.7,85.3
E00100,S0240,Statistics,2026-06-06,70.8,99.1
E00101,S0167,Java,2025-05-07,40.8,94.1
E00102,S0117,Java,2025-09-26,60.3,71.4
E00103,S0025,Statistics,2026-05-05,93.6,79.5
E00104,S0210,Python,2026-05-25,35.5,69.8
E00105,S0178,Java,2025-08-16,22.0,95.9
E00106,S0109,Spark,2026-09-24,36.5,89.0
E00107,S0045,SQL,2026-09-26,64.3,63.1
E00108,S0234,Statistics,2025-04-20,34.0,62.1
E00109,S0245,Python,2026-04-24,25.6,97.7
E00110,S0275,SQL,2025-10-12,80.6,98.9
E00111,S0185,Java,2026-07-03,88.4,81.0
E00112,S0164,Statistics,2026-03-16,88.7,98.2
E00113,S0003,Python,2025-02-19,41.1,67.6
E00114,S0290,Spark,2025-08-22,87.0,78.9
E00115,S0195,Python,2026-03-04,36.6,76.4
E00116,S0166,Java,2025-07-25,75.3,83.1
E00117,S0171,Statistics,2026-01-05,51.6,96.3
E00118,S0002,Spark,2026-05-14,59.5,72.2
E00119,S0192,SQL,2026-06-06,53.1,76.0
E00120,S0108,Python,2025-08-28,97.3,94.6
E00121,S0024,Python,2026-07-19,56.6,94.4
E00122,S0084,Spark,2025-08-27,47.1,94.7
E00123,S0169,Java,2025-06-28,91.2,57.3
E00124,S0069,Python,2026-05-14,83.2,88.1
E00125,S0173,Statistics,2025-06-02,91.3,68.7
E00126,S0242,Java,2025-11-07,49.5,77.2
E00127,S0295,Python,2025-12-02,23.1,70.2
E00128,S0017,Statistics,2025-01-21,49.4,90.3
E00129,S0094,Spark,2026-06-19,74.4,89.3
E00130,S0160,Java,2026-04-11,96.7,63.2
E00131,S0151,SQL,2025-01-29,30.2,65.0
E00132,S0157,Spark,2026-09-13,84.1,65.7
E00133,S0100,Statistics,2026-06-15,75.4,58.5
E00134,S0018,Statistics,2025-02-26,64.4,92.3
E00135,S0279,Statistics,2026-03-18,40.0,88.0
E00136,S0061,Python,2026-04-18,96.8,82.0
E00137,S0300,Statistics,2026-06-11,44.5,96.4
E00138,S0089,Statistics,2026-05-29,31.9,93.1
E00139,S0235,Spark,2026-05-13,41.6,94.5
E00140,S0191,Python,2026-05-20,71.9,70.8
E00141,S0194,SQL,2025-12-25,81.1,80.7
E00142,S0152,Spark,2025-02-19,79.8,78.4
E00143,S0150,Python,2026-04-19,28.7,74.2
E00144,S0125,Python,2025-09-28,78.2,70.9
E00145,S0280,Python,2025-06-10,40.3,59.7
E00146,S0278,Statistics,2025-07-20,23.2,92.1
E00147,S0120,Spark,2025-12-07,93.6,76.0
E00148,S0078,SQL,2026-01-21,50.0,82.2
E00149,S0102,Java,2026-05-10,79.5,61.5
E00150,S0111,Spark,2025-01-18,72.8,55.1
E00151,S0230,SQL,2026-04-13,58.3,57.5
E00152,S0054,SQL,2026-05-01,65.5,79.0
E00153,S0032,SQL,2025-09-20,57.3,93.8
E00154,S0080,Statistics,2025-04-02,51.1,92.2
E00155,S0207,Spark,2025-05-07,22.5,79.1
E00156,S0241,SQL,2026-03-24,74.1,75.7
E00157,S0042,Statistics,2025-12-04,52.5,55.1
E00158,S0003,Python,2025-07-03,24.2,75.5
E00159,S0219,SQL,2026-09-03,32.4,82.8
E00160,S0095,Python,2025-06-27,69.4,84.5
E00161,S0090,Statistics,2026-06-24,94.5,80.3
E00162,S0183,Python,2025-11-26,43.6,94.8
E00163,S0029,Java,2026-07-06,45.1,56.9
E00164,S0193,Spark,2026-08-16,47.8,55.6
E00165,S0003,SQL,2026-03-04,61.8,83.8
E00166,S0221,Spark,2025-02-11,69.0,88.2
E00167,S0278,SQL,2026-07-17,95.9,55.5
E00168,S0013,Java,2025-12-23,98.7,71.4
E00169,S0031,Statistics,2025-02-06,28.2,85.1
E00170,S0036,Java,2025-04-26,81.8,82.2
E00171,S0031,Java,2025-11-22,27.4,93.1
E00172,S0031,Python,2025-04-25,56.4,68.9
E00173,S0267,SQL,2025-06-15,42.6,98.6
E00174,S0296,SQL,2025-10-31,58.6,75.0
E00175,S0050,SQL,2025-09-12,24.7,91.4
E00176,S0272,Statistics,2025-08-21,89.3,93.9
E00177,S0205,Spark,2026-08-23,63.9,58.9
E00178,S0162,Statistics,2025-08-07,66.8,81.4
E00179,S0142,Python,2025-09-28,60.3,82.8
E00180,S0252,SQL,2026-03-23,94.1,61.4
E00181,S0147,Statistics,2025-01-20,73.3,81.3
E00182,S0255,Python,2025-03-16,96.1,93.7
E00183,S0163,Spark,2025-01-02,63.1,55.7
E00184,S0161,Statistics,2025-05-24,50.7,84.2
E00185,S0120,Spark,2026-01-15,45.1,68.7
E00186,S0099,SQL,2025-10-24,54.3,57.1
E00187,S0229,Statistics,2025-01-27,37.7,99.8
E00188,S0235,Python,2025-08-12,52.8,86.1
E00189,S0033,Java,2025-03-30,88.9,83.8
E00190,S0221,Statistics,2026-07-23,57.2,59.3
E00191,S0119,Spark,2026-06-12,30.1,68.9
E00192,S0073,Python,2025-04-08,40.7,99.6
E00193,S0171,Python,2025-01-30,57.0,84.8
E00194,S0061,Spark,2025-09-07,52.5,81.5
E00195,S0041,Statistics,2025-03-11,39.4,71.4
E00196,S0257,Spark,2026-02-21,82.2,92.9
E00197,S0244,Java,2025-05-20,37.1,97.4
E00198,S0142,SQL,2026-03-11,55.4,65.7
E00199,S0274,Statistics,2026-05-13,34.5,64.5
E00200,S0169,Python,2026-02-16,42.9,80.6
E00201,S0162,Python,2025-02-17,83.2,76.7
E00202,S0096,Java,2025-08-08,71.8,90.2
E00203,S0111,SQL,2025-12-11,53.1,87.9
E00204,S0041,SQL,2025-11-25,64.9,66.0
E00205,S0299,Statistics,2025-11-17,36.6,82.9
E00206,S0193,Python,2026-07-12,82.8,85.4
E00207,S0125,Python,2025-02-19,58.3,97.5
E00208,S0166,Statistics,2025-07-09,29.1,85.2
E00209,S0036,Statistics,2025-03-03,28.7,67.1
E00210,S0228,SQL,2025-10-04,34.2,90.0
E00211,S0138,SQL,2026-06-21,35.0,99.9
E00212,S0181,Spark,2025-09-28,72.9,92.8
E00213,S0027,SQL,2025-07-09,60.6,85.1
E00214,S0214,SQL,2026-05-27,43.7,66.9
E00215,S0284,Statistics,2025-10-02,33.7,94.5
E00216,S0032,Statistics,2025-08-01,85.5,58.1
E00217,S0253,Python,2026-06-10,94.4,56.6
E00218,S0226,Python,2026-03-21,79.9,68.3
E00219,S0197,Java,2026-05-23,83.2,97.3
E00220,S0296,Python,2025-12-29,71.8,69.6
E00221,S0198,Statistics,2026-09-28,92.8,79.4
E00222,S0063,Statistics,2026-09-18,90.0,88.8
E00223,S0098,SQL,2026-07-07,29.8,82.5
E00224,S0138,Python,2026-08-15,46.6,65.0
E00225,S0020,SQL,2026-04-26,40.6,79.3
E00226,S0288,Java,2025-10-22,85.5,83.7
E00227,S0214,SQL,2025-09-16,99.9,94.7
E00228,S0154,SQL,2025-12-05,56.5,64.1
E00229,S0228,Spark,2025-09-03,26.4,91.3
E00230,S0033,Statistics,2026-01-09,50.9,91.5
E00231,S0294,Python,2026-09-07,97.2,98.0
E00232,S0240,Statistics,2026-09-21,76.5,63.8
E00233,S0228,Spark,2025-07-07,93.3,78.2
E00234,S0060,Java,2025-08-24,68.7,67.5
E00235,S0188,Java,2025-07-25,73.0,66.8
E00236,S0126,Java,2025-09-15,74.7,89.5
E00237,S0046,Java,2026-02-09,77.2,68.4
E00238,S0036,SQL,2026-09-22,65.9,64.3
E00239,S0041,Spark,2025-04-04,89.5,56.6
E00240,S0146,Spark,2026-04-17,30.8,58.7
E00241,S0267,SQL,2025-09-28,84.9,67.3
E00242,S0184,Java,2025-01-28,84.0,64.7
E00243,S0116,SQL,2026-05-02,98.0,90.2
E00244,S0074,Spark,2026-03-26,79.8,63.2
E00245,S0257,Python,2025-11-15,86.8,80.4
E00246,S0188,Spark,2025-06-24,78.3,66.3
E00247,S0195,Statistics,2025-09-11,87.1,86.1
E00248,S0131,Spark,2025-05-02,74.7,91.6
E00249,S0085,Statistics,2026-03-13,84.5,91.5
E00250,S0023,SQL,2025-06-11,68.8,93.1
E00251,S0292,Statistics,2025-07-06,66.3,98.9
E00252,S0271,Java,2025-10-19,97.5,78.4
E00253,S0025,SQL,2025-09-12,83.5,77.2
E00254,S0088,SQL,2026-03-02,66.6,61.3
E00255,S0156,Python,2025-01-19,48.6,85.9
E00256,S0050,SQL,2026-06-14,96.3,80.4
E00257,S0287,SQL,2026-04-06,37.8,77.3
E00258,S0158,Python,2025-10-06,28.3,96.7
E00259,S0061,Java,2026-02-14,58.4,68.5
E00260,S0117,Statistics,2026-01-27,61.8,56.0
E00261,S0031,Spark,2026-03-18,44.8,80.8
E00262,S0067,Statistics,2025-01-25,54.9,72.2
E00263,S0211,Spark,2025-08-10,98.9,84.7
E00264,S0171,Java,2025-11-03,85.4,99.2
E00265,S0264,Statistics,2026-05-12,61.7,80.1
E00266,S0291,Java,2025-06-09,25.4,56.0
E00267,S0086,Statistics,2026-09-25,42.6,83.0
E00268,S0018,Spark,2025-06-16,64.5,89.0
E00269,S0193,Spark,2025-07-25,71.7,73.0
E00270,S0021,Spark,2025-09-25,42.2,73.3
E00271,S0131,Java,2025-08-02,39.5,58.3
E00272,S0025,SQL,2026-04-07,82.1,67.5
E00273,S0106,Java,2025-09-10,94.8,98.5
E00274,S0076,Statistics,2026-08-06,97.8,71.9
E00275,S0186,SQL,2026-02-15,31.3,89.7
E00276,S0271,Python,2026-09-14,85.0,63.5
E00277,S0277,Statistics,2026-04-21,56.2,59.1
E00278,S0277,Python,2025-02-16,68.0,59.8
E00279,S0006,Spark,2025-12-30,41.3,89.4
E00280,S0161,SQL,2025-09-13,93.2,74.6
E00281,S0290,Spark,2025-08-09,26.4,81.7
E00282,S0239,Python,2026-07-12,47.8,98.6
E00283,S0156,Python,2025-04-22,90.3,91.6
E00284,S0165,Python,2025-12-08,80.5,80.9
E00285,S0200,Statistics,2025-05-21,79.9,80.0
E00286,S0049,SQL,2025-02-16,59.6,62.0
E00287,S0191,Java,2025-05-14,36.5,77.3
E00288,S0232,Python,2026-05-03,61.5,72.6
E00289,S0245,SQL,2025-04-07,73.5,86.5
E00290,S0231,Statistics,2025-02-15,76.0,92.3
E00291,S0191,Python,2026-05-02,81.6,95.5
E00292,S0056,Spark,2025-08-20,25.4,69.2
E00293,S0170,Java,2025-05-17,75.5,72.0
E00294,S0106,Spark,2025-09-15,60.9,91.6
E00295,S0083,Statistics,2026-03-28,99.3,64.2
E00296,S0242,Python,2025-10-29,30.2,60.7
E00297,S0124,Statistics,2025-06-06,88.5,59.2
E00298,S0083,Java,2025-02-26,87.0,87.2
E00299,S0173,Spark,2026-04-29,76.3,55.8
E00300,S0263,SQL,2026-06-13,49.1,78.7
E00301,S0227,Statistics,2025-08-25,42.7,79.5
E00302,S0273,Statistics,2025-07-04,81.1,99.0
E00303,S0296,Java,2026-05-15,59.7,83.5
E00304,S0093,Spark,2025-11-23,45.8,81.6
E00305,S0077,SQL,2026-03-01,20.9,60.0
E00306,S0263,SQL,2026-01-07,58.7,55.4
E00307,S0101,Java,2025-07-24,85.9,80.6
E00308,S0137,Statistics,2026-09-19,95.4,85.4
E00309,S0152,Java,2025-05-05,37.1,74.0
E00310,S0039,Python,2025-06-12,64.3,65.4
E00311,S0073,Python,2026-02-17,91.5,94.0
E00312,S0176,Statistics,2025-12-27,88.0,83.6
E00313,S0217,SQL,2026-09-29,23.2,65.9
E00314,S0091,Java,2025-06-28,97.7,84.8
E00315,S0272,Python,2026-03-07,24.5,98.9
E00316,S0260,Python,2025-01-14,34.7,94.0
E00317,S0033,Python,2025-09-16,61.7,64.8
E00318,S0143,SQL,2026-07-25,79.7,80.9
E00319,S0200,Statistics,2025-12-09,21.1,61.6
E00320,S0181,Spark,2025-03-10,77.9,86.6
E00321,S0110,Java,2025-02-17,68.6,99.2
E00322,S0291,Java,2025-06-06,48.9,59.7
E00323,S0118,Python,2026-02-12,37.3,72.2
E00324,S0251,Python,2026-04-30,23.4,80.3
E00325,S0039,Spark,2025-07-28,97.7,61.8
E00326,S0262,Spark,2025-07-25,55.0,75.7
E00327,S0168,Statistics,2025-07-16,82.4,58.8
E00328,S0293,Python,2026-03-26,87.0,91.9
E00329,S0045,Spark,2025-03-30,80.8,58.0
E00330,S0024,Python,2026-01-14,58.6,75.3
E00331,S0120,Statistics,2025-05-01,22.0,85.5
E00332,S0201,Statistics,2025-08-31,65.0,67.7
E00333,S0076,Spark,2026-07-28,45.5,73.7
E00334,S0226,SQL,2025-10-08,89.6,85.3
E00335,S0296,Statistics,2026-09-17,43.2,85.4
E00336,S0264,Spark,2025-10-15,76.0,74.4
E00337,S0250,SQL,2025-11-13,27.3,70.9
E00338,S0245,SQL,2026-06-06,22.2,84.1
E00339,S0143,Statistics,2025-04-08,58.6,94.0
E00340,S0293,Python,2026-07-22,58.9,89.9
E00341,S0163,Python,2025-06-14,63.4,69.0
E00342,S0273,SQL,2026-05-31,71.1,85.8
E00343,S0178,Java,2026-04-20,22.0,99.0
E00344,S0229,Python,2025-05-01,48.2,56.3
E00345,S0091,Java,2025-09-26,48.8,71.6
E00346,S0003,SQL,2025-02-09,79.3,83.7
E00347,S0150,SQL,2026-01-26,21.8,64.7
E00348,S0226,Python,2025-03-01,54.1,55.8
E00349,S0123,Spark,2025-10-13,58.5,75.4
E00350,S0252,Statistics,2025-08-13,71.3,72.1
E00351,S0111,Statistics,2026-08-02,66.4,98.6
E00352,S0214,Statistics,2026-05-08,23.3,79.7
E00353,S0136,Spark,2026-09-05,95.8,62.5
E00354,S0109,Statistics,2026-03-22,90.5,69.4
E00355,S0203,Python,2026-03-18,99.2,64.3
E00356,S0009,Python,2025-03-19,29.5,98.6
E00357,S0130,Statistics,2026-08-24,68.7,74.2
E00358,S0274,Statistics,2026-02-03,35.1,62.4
E00359,S0156,Java,2026-04-06,66.8,87.6
E00360,S0271,Java,2026-09-12,48.8,68.5
E00361,S0223,Java,2025-01-18,94.2,96.5
E00362,S0040,Python,2026-07-18,35.4,75.4
E00363,S0233,Spark,2025-02-14,75.3,61.2
E00364,S0259,SQL,2026-01-17,70.0,62.2
E00365,S0197,Statistics,2026-07-23,61.9,99.7
E00366,S0180,SQL,2026-08-07,86.5,69.8
E00367,S0213,SQL,2025-09-04,98.0,69.5
E00368,S0171,SQL,2025-08-10,37.2,90.4
E00369,S0119,Python,2026-09-06,83.8,98.9
E00370,S0092,Python,2026-03-07,76.8,69.4
E00371,S0160,SQL,2026-06-06,97.9,92.1
E00372,S0192,SQL,2025-01-21,22.6,72.5
E00373,S0277,SQL,2026-02-27,22.8,76.9
E00374,S0144,SQL,2026-06-23,88.6,87.2
E00375,S0262,Spark,2025-03-06,77.6,85.9
E00376,S0031,SQL,2026-07-25,32.3,86.3
E00377,S0096,SQL,2025-08-23,66.5,90.3
E00378,S0074,SQL,2026-07-24,51.2,58.8
E00379,S0177,SQL,2026-06-17,61.9,76.7
E00380,S0075,Python,2025-08-12,94.4,93.8
E00381,S0221,Python,2026-05-06,44.2,71.6
E00382,S0292,Spark,2025-05-01,27.0,70.1
E00383,S0121,SQL,2025-08-04,66.0,74.8
E00384,S0127,Statistics,2025-05-20,92.4,90.2
E00385,S0278,Java,2026-03-13,71.7,88.9
E00386,S0150,Spark,2026-02-05,88.6,85.6
E00387,S0022,Statistics,2026-06-05,64.1,62.9
E00388,S0090,Python,2026-03-11,27.6,58.9
E00389,S0203,Spark,2025-11-16,63.5,59.4
E00390,S0218,Python,2026-01-31,75.0,81.2
E00391,S0285,Spark,2026-09-23,87.1,84.9
E00392,S0199,Python,2025-09-24,31.7,71.1
E00393,S0106,Java,2026-09-28,84.0,64.3
E00394,S0259,SQL,2026-05-08,85.3,56.3
E00395,S0137,SQL,2025-05-07,57.4,69.3
E00396,S0157,SQL,2025-06-16,80.3,55.5
E00397,S0041,Java,2026-04-04,47.5,79.2
E00398,S0113,Java,2026-04-23,90.3,73.0
E00399,S0160,Statistics,2025-11-06,59.9,96.7
E00400,S0190,Python,2025-02-27,32.2,89.2
E00401,S0267,Java,2025-02-20,24.5,59.5
E00402,S0113,SQL,2025-02-07,21.0,89.0
E00403,S0292,Java,2026-03-25,76.5,80.8
E00404,S0113,Statistics,2026-05-07,63.2,70.2
E00405,S0249,Java,2025-09-26,81.8,78.2
E00406,S0076,Spark,2026-07-09,44.7,68.5
E00407,S0255,SQL,2025-06-16,61.9,86.2
E00408,S0274,Python,2025-09-17,33.6,57.5
E00409,S0187,Statistics,2025-07-20,27.7,56.5
E00410,S0036,Python,2025-07-02,50.9,97.6
E00411,S0019,SQL,2026-07-26,99.9,82.4
E00412,S0199,Java,2026-01-04,91.4,81.8
E00413,S0203,SQL,2026-07-19,26.9,73.6
E00414,S0136,SQL,2026-08-21,66.9,95.7
E00415,S0221,Python,2025-08-28,73.2,91.4
E00416,S0050,SQL,2025-01-08,43.9,92.0
E00417,S0052,Java,2026-03-21,58.8,74.9
E00418,S0092,Python,2026-01-15,22.8,91.5
E00419,S0167,SQL,2026-01-24,45.3,64.1
E00420,S0042,Statistics,2025-07-20,38.1,86.9
E00421,S0263,Python,2025-05-22,78.0,82.8
E00422,S0291,SQL,2026-03-30,50.6,90.3
E00423,S0163,Java,2026-04-09,100.0,57.3
E00424,S0235,Java,2025-06-29,47.3,56.7
E00425,S0120,SQL,2026-01-03,44.6,65.9
E00426,S0062,Statistics,2025-09-21,82.1,72.0
E00427,S0154,Spark,2025-07-24,94.2,86.7
E00428,S0070,Statistics,2026-02-07,82.7,74.3
E00429,S0196,SQL,2025-01-21,20.7,89.3
E00430,S0174,SQL,2026-01-10,68.0,76.8
E00431,S0165,Statistics,2026-09-15,54.3,65.4
E00432,S0164,Python,2025-09-02,60.8,83.4
E00433,S0072,SQL,2025-04-09,41.6,72.3
E00434,S0249,SQL,2026-06-11,37.7,56.9
E00435,S0071,Spark,2026-02-07,94.7,83.9
E00436,S0174,Spark,2025-03-16,25.8,60.8
E00437,S0113,Java,2025-10-20,82.4,56.8
E00438,S0046,SQL,2026-07-18,76.8,71.0
E00439,S0065,Java,2025-08-18,20.5,59.9
E00440,S0177,Statistics,2025-06-13,40.4,64.7
E00441,S0249,SQL,2026-06-11,30.6,78.3
E00442,S0298,SQL,2025-03-24,87.3,93.9
E00443,S0152,Spark,2026-07-27,28.5,95.4
E00444,S0209,Statistics,2026-03-27,21.6,83.0
E00445,S0151,SQL,2025-06-18,91.2,89.2
E00446,S0228,Python,2026-04-12,76.3,75.1
E00447,S0198,Statistics,2025-04-18,29.8,77.4
E00448,S0092,Statistics,2026-07-05,40.8,71.7
E00449,S0222,Java,2026-07-15,28.6,67.0
E00450,S0105,Java,2026-07-09,62.6,92.3
E00451,S0114,Python,2025-11-28,50.2,97.1
E00452,S0089,Java,2026-01-24,51.3,60.6
E00453,S0064,SQL,2025-07-24,56.1,67.9
E00454,S0211,Java,2025-06-18,46.3,62.7
E00455,S0225,Java,2026-05-17,91.5,82.4
E00456,S0079,Statistics,2025-06-08,40.7,89.2
E00457,S0054,Spark,2025-06-29,22.8,70.1
E00458,S0277,Python,2025-12-24,24.7,74.3
E00459,S0292,Python,2025-02-03,89.9,59.2
E00460,S0218,SQL,2025-02-16,54.4,61.9
E00461,S0039,Java,2025-01-01,45.5,77.9
E00462,S0273,Python,2025-08-12,99.4,67.0
E00463,S0245,Statistics,2025-11-21,48.1,84.3
E00464,S0216,SQL,2025-07-07,53.7,66.5
E00465,S0104,Spark,2026-02-17,71.6,79.2
E00466,S0018,Python,2026-09-06,53.2,90.9
E00467,S0072,Python,2025-03-03,90.1,66.6
E00468,S0039,Java,2025-09-02,77.1,88.3
E00469,S0121,Python,2025-10-23,48.5,81.7
E00470,S0196,Statistics,2026-03-28,28.8,60.3
E00471,S0250,Java,2026-09-03,82.1,80.5
E00472,S0122,Spark,2025-02-01,62.7,93.7
E00473,S0206,Statistics,2025-11-18,96.2,56.1
E00474,S0263,Java,2026-07-09,37.6,81.9
E00475,S0177,Java,2025-11-25,47.6,77.5
E00476,S0213,Spark,2025-06-13,47.7,95.5
E00477,S0135,Python,2025-10-29,64.2,88.4
E00478,S0154,Spark,2025-01-16,44.4,62.6
E00479,S0207,Spark,2026-07-06,61.6,88.4
E00480,S0040,Java,2026-05-13,82.8,82.0
E00481,S0189,Java,2026-09-29,58.6,81.5
E00482,S0073,SQL,2026-07-29,95.8,70.0
E00483,S0006,Statistics,2026-08-04,85.0,92.7
E00484,S0013,Spark,2025-11-15,42.9,77.5
E00485,S0067,Python,2026-02-03,92.3,85.6
E00486,S0299,Python,2026-07-29,89.2,72.0
E00487,S0071,Python,2025-11-09,32.6,96.6
E00488,S0281,Java,2025-12-02,45.1,84.0
E00489,S0150,Java,2025-10-29,24.5,78.6
E00490,S0124,SQL,2025-08-11,56.2,75.0
E00491,S0285,Statistics,2026-08-01,38.1,55.8
E00492,S0016,Python,2025-09-19,54.4,72.9
E00493,S0277,Python,2026-07-07,69.0,98.6
E00494,S0262,Java,2025-06-10,82.5,56.4
E00495,S0063,SQL,2026-06-09,65.3,87.3
E00496,S0006,SQL,2026-08-17,99.8,82.6
E00497,S0004,Java,2025-08-06,64.6,76.2
E00498,S0006,Python,2025-07-06,85.1,59.1
E00499,S0151,Spark,2025-05-29,95.0,86.0
E00500,S0081,Java,2026-04-19,41.9,89.8
