student_id,student_name,city,course
S0001,Amit,Patna,BSc
S0002,Amit,Delhi,MCA
S0003,Pooja,Mumbai,BTech
S0004,Pooja,Mumbai,MCA
S0005,Amit,Kolkata,BTech
S0006,Neha,Patna,BSc
S0007,Pooja,Patna,BSc
S0008,Amit,Patna,MCA
S0009,Pooja,Mumbai,BCA
S0010,Karan,Delhi,BTech
S0011,Amit,Pune,BSc
S0012,Neha,Patna,BTech
S0013,Karan,Kolkata,MCA
S0014,Pooja,Pune,BCA
S0015,Amit,Delhi,BCA
S0016,Karan,Delhi,BTech
S0017,Neha,Mumbai,BTech
S0018,Riya,Kolkata,BCA
S0019,Amit,Delhi,BTech
S0020,Riya,Pune,MCA
S0021,Amit,Mumbai,MCA
S0022,Pooja,Delhi,BCA
S0023,Neha,Pune,BCA
S0024,Karan,Mumbai,MCA
S0025,Amit,Kolkata,BCA
S0026,Riya,Pune,BTech
S0027,Neha,Patna,MCA
S0028,Riya,Patna,BTech
S0029,Riya,Delhi,BCA
S0030,Amit,Pune,MCA
S0031,Karan,Kolkata,BSc
S0032,Riya,Mumbai,BCA
S0033,Neha,Kolkata,MCA
S0034,Neha,Pune,MCA
S0035,Karan,Mumbai,BSc
S0036,Amit,Kolkata,MCA
S0037,Amit,Mumbai,BTech
S0038,Pooja,Patna,BCA
S0039,Amit,Mumbai,BTech
S0040,Amit,Mumbai,BSc
S0041,Riya,Patna,BSc
S0042,Amit,Kolkata,BSc
S0043,Pooja,Delhi,BTech
S0044,Pooja,Kolkata,BSc
S0045,Karan,Kolkata,BCA
S0046,Pooja,Delhi,BSc
S0047,Riya,Patna,BSc
S0048,Riya,Patna,BTech
S0049,Riya,Patna,MCA
S0050,Pooja,Delhi,BCA
S0051,Amit,Patna,MCA
S0052,Amit,Delhi,BTech
S0053,Riya,Delhi,BTech
S0054,Riya,Kolkata,MCA
S0055,Amit,Delhi,MCA
S0056,Pooja,Patna,MCA
S0057,Riya,Mumbai,MCA
S0058,Amit,Patna,BSc
S0059,Karan,Delhi,BCA
S0060,Riya,Patna,BTech
S0061,Karan,Kolkata,MCA
S0062,Karan,Pune,BCA
S0063,Riya,Delhi,BSc
S0064,Karan,Delhi,MCA
S0065,Riya,Delhi,BCA
S0066,Neha,Patna,MCA
S0067,Pooja,Kolkata,MCA
S0068,Riya,Pune,BCA
S0069,Karan,Delhi,BCA
S0070,Neha,Delhi,BSc
S0071,Neha,Kolkata,BTech
S0072,Amit,Pune,MCA
S0073,Karan,Pune,BCA
S0074,Pooja,Pune,BCA
S0075,Amit,Pune,BTech
S0076,Neha,Patna,MCA
S0077,Karan,Patna,BTech
S0078,Amit,Kolkata,BTech
S0079,Pooja,Patna,MCA
S0080,Amit,Pune,BTech
S0081,Riya,Patna,BSc
S0082,Riya,Kolkata,BCA
S0083,Amit,Kolkata,MCA
S0084,Neha,Kolkata,BSc
S0085,Riya,Mumbai,BCA
S0086,Neha,Mumbai,BCA
S0087,Karan,Pune,BCA
S0088,Riya,Patna,BTech
S0089,Pooja,Kolkata,BTech
S0090,Karan,Mumbai,BTech
S0091,Neha,Kolkata,BCA
S0092,Neha,Pune,MCA
S0093,Amit,Patna,BTech
S0094,Karan,Patna,BCA
S0095,Karan,Kolkata,MCA
S0096,Pooja,Patna,MCA
S0097,Amit,Delhi,BTech
S0098,Riya,Pune,BTech
S0099,Riya,Patna,BTech
S0100,Riya,Mumbai,BCA
S0101,Pooja,Pune,BCA
S0102,Pooja,Mumbai,MCA
S0103,Karan,Pune,BTech
S0104,Neha,Pune,BCA
S0105,Riya,Kolkata,BCA
S0106,Neha,Delhi,BSc
S0107,Amit,Patna,BTech
S0108,Riya,Pune,BCA
S0109,Riya,Delhi,BSc
S0110,Pooja,Patna,MCA
S0111,Pooja,Pune,BTech
S0112,Neha,Mumbai,BSc
S0113,Amit,Pune,BTech
S0114,Pooja,Pune,MCA
S0115,Karan,Delhi,MCA
S0116,Amit,Patna,BTech
S0117,Riya,Mumbai,BCA
S0118,Pooja,Pune,MCA
S0119,Karan,Patna,MCA
S0120,Pooja,Patna,BTech
S0121,Riya,Kolkata,BSc
S0122,Karan,Pune,BCA
S0123,Karan,Mumbai,BTech
S0124,Pooja,Delhi,BSc
S0125,Neha,Patna,BCA
S0126,Neha,Pune,BTech
S0127,Neha,Pune,BTech
S0128,Amit,Mumbai,BSc
S0129,Riya,Pune,BSc
S0130,Neha,Patna,BSc
S0131,Neha,Delhi,BSc
S0132,Neha,Patna,BSc
S0133,Karan,Delhi,MCA
S0134,Pooja,Patna,BTech
S0135,Riya,Mumbai,MCA
S0136,Riya,Kolkata,BSc
S0137,Amit,Kolkata,MCA
S0138,Neha,Mumbai,BCA
S0139,Neha,Patna,MCA
S0140,Riya,Pune,MCA
S0141,Riya,Delhi,BTech
S0142,Pooja,Kolkata,BTech
S0143,Pooja,Pune,MCA
S0144,Riya,Patna,BTech
S0145,Pooja,Patna,BSc
S0146,Amit,Pune,BTech
S0147,Pooja,Mumbai,BSc
S0148,Amit,Mumbai,BCA
S0149,Karan,Kolkata,MCA
S0150,Pooja,Mumbai,BSc
S0151,Riya,Patna,MCA
S0152,Riya,Mumbai,BCA
S0153,Karan,Mumbai,BCA
S0154,Pooja,Delhi,BTech
S0155,Karan,Mumbai,BCA
S0156,Karan,Delhi,BSc
S0157,Pooja,Pune,MCA
S0158,Neha,Patna,MCA
S0159,Pooja,Pune,BSc
S0160,Riya,Delhi,BSc
S0161,Riya,Kolkata,BSc
S0162,Karan,Mumbai,BCA
S0163,Riya,Kolkata,BCA
S0164,Pooja,Pune,BTech
S0165,Pooja,Pune,BCA
S0166,Pooja,Patna,MCA
S0167,Pooja,Patna,BCA
S0168,Pooja,Kolkata,BSc
S0169,Karan,Patna,BSc
S0170,Karan,Pune,BCA
S0171,Neha,Mumbai,BCA
S0172,Pooja,Mumbai,BCA
S0173,Karan,Pune,BCA
S0174,Neha,Mumbai,BCA
S0175,Neha,Delhi,BCA
S0176,Pooja,Mumbai,BSc
S0177,Pooja,Delhi,BCA
S0178,Neha,Pune,BSc
S0179,Karan,Delhi,MCA
S0180,Karan,Delhi,BSc
S0181,Neha,Patna,BCA
S0182,Karan,Kolkata,BSc
S0183,Riya,Kolkata,MCA
S0184,Amit,Kolkata,BCA
S0185,Karan,Delhi,BSc
S0186,Amit,Mumbai,BSc
S0187,Riya,Pune,BCA
S0188,Neha,Pune,BSc
S0189,Pooja,Mumbai,MCA
S0190,Pooja,Delhi,MCA
S0191,Neha,Pune,MCA
S0192,Pooja,Delhi,BCA
S0193,Neha,Pune,MCA
S0194,Riya,Mumbai,BTech
S0195,Pooja,Pune,MCA
S0196,Riya,Mumbai,MCA
S0197,Neha,Mumbai,MCA
S0198,Karan,Mumbai,BTech
S0199,Pooja,Mumbai,BCA
S0200,Pooja,Mumbai,MCA
S0201,Amit,Delhi,MCA
S0202,Neha,Patna,BCA
S0203,Neha,Delhi,MCA
S0204,Karan,Delhi,BTech
S0205,Amit,Patna,BTech
S0206,Neha,Kolkata,BTech
S0207,Riya,Patna,BTech
S0208,Amit,Patna,BTech
S0209,Pooja,Patna,MCA
S0210,Neha,Patna,BSc
S0211,Pooja,Delhi,BCA
S0212,Pooja,Kolkata,MCA
S0213,Neha,Delhi,BTech
S0214,Pooja,Patna,BCA
S0215,Pooja,Delhi,BTech
S0216,Amit,Kolkata,BTech
S0217,Karan,Delhi,BTech
S0218,Amit,Kolkata,BSc
S0219,Riya,Pune,BCA
S0220,Riya,Kolkata,BTech
S0221,Riya,Pune,BCA
S0222,Amit,Kolkata,BCA
S0223,Amit,Mumbai,BSc
S0224,Karan,Delhi,BSc
S0225,Karan,Patna,BTech
S0226,Amit,Delhi,MCA
S0227,Neha,Delhi,BTech
S0228,Amit,Patna,MCA
S0229,Karan,Patna,BSc
S0230,Neha,Patna,BTech
S0231,Pooja,Pune,BSc
S0232,Neha,Kolkata,MCA
S0233,Riya,Kolkata,BTech
S0234,Neha,Delhi,BCA
S0235,Pooja,Mumbai,BCA
S0236,Amit,Delhi,BTech
S0237,Pooja,Kolkata,BSc
S0238,Karan,Delhi,MCA
S0239,Neha,Patna,BCA
S0240,Neha,Pune,BCA
S0241,Neha,Kolkata,BTech
S0242,Pooja,Mumbai,BCA
S0243,Neha,Pune,BTech
S0244,Karan,Kolkata,BSc
S0245,Pooja,Pune,BTech
S0246,Karan,Mumbai,BTech
S0247,Neha,Kolkata,BCA
S0248,Neha,Patna,BSc
S0249,Amit,Kolkata,MCA
S0250,Karan,Kolkata,MCA
S0251,Neha,Delhi,BSc
S0252,Riya,Pune,BSc
S0253,Riya,Patna,BSc
S0254,Neha,Patna,BTech
S0255,Neha,Mumbai,MCA
S0256,Riya,Patna,BCA
S0257,Amit,Pune,MCA
S0258,Neha,Kolkata,BTech
S0259,Pooja,Kolkata,BCA
S0260,Riya,Mumbai,BCA
S0261,Karan,Mumbai,BSc
S0262,Amit,Kolkata,BTech
S0263,Pooja,Pune,BTech
S0264,Neha,Patna,BSc
S0265,Riya,Patna,BTech
S0266,Pooja,Patna,BTech
S0267,Riya,Kolkata,MCA
S0268,Pooja,Patna,BTech
S0269,Riya,Pune,MCA
S0270,Pooja,Mumbai,MCA
S0271,Neha,Mumbai,BCA
S0272,Riya,Kolkata,BTech
S0273,Karan,Mumbai,BCA
S0274,Karan,Patna,BTech
S0275,Pooja,Delhi,BSc
S0276,Amit,Kolkata,BCA
S0277,Karan,Delhi,MCA
S0278,Riya,Kolkata,MCA
S0279,Riya,Pune,MCA
S0280,Neha,Patna,MCA
S0281,Riya,Kolkata,BCA
S0282,Riya,Delhi,BCA
S0283,Pooja,Kolkata,BSc
S0284,Karan,Delhi,MCA
S0285,Karan,Patna,BCA
S0286,Amit,Delhi,MCA
S0287,Pooja,Mumbai,BTech
S0288,Amit,Kolkata,BTech
S0289,Riya,Patna,BTech
S0290,Neha,Patna,BSc
S0291,Riya,Pune,MCA
S0292,Pooja,Patna,BCA
S0293,Karan,Pune,BCA
S0294,Neha,Pune,BTech
S0295,Neha,Patna,BTech
S0296,Amit,Pune,BTech
S0297,Karan,Kolkata,BTech
S0298,Karan,Pune,BCA
S0299,Karan,Patna,BCA
S0300,Amit,Delhi,BSc
