movie_id,movie_title,genre,language,studio
M0001,Mystery Case,Comedy,Telugu,StudioC
M0002,Action Hero,Action,English,StudioD
M0003,Mystery Case,Comedy,Hindi,StudioA
M0004,Comedy Night,Comedy,English,StudioA
M0005,Space World,Drama,Tamil,StudioA
M0006,Space World,Action,Hindi,StudioA
M0007,Mystery Case,Sci-Fi,English,StudioD
M0008,Space World,Sci-Fi,Telugu,StudioA
M0009,Mystery Case,Action,Telugu,StudioC
M0010,Action Hero,Action,Hindi,StudioC
M0011,Space World,Drama,Hindi,StudioA
M0012,Comedy Night,Comedy,Hindi,StudioD
M0013,Comedy Night,Comedy,Tamil,StudioB
M0014,Love Story,Drama,English,StudioD
M0015,Action Hero,Sci-Fi,Telugu,StudioB
M0016,Action Hero,Action,English,StudioC
M0017,Mystery Case,Action,Hindi,StudioB
M0018,Space World,Thriller,Telugu,StudioD
M0019,Comedy Night,Drama,Tamil,StudioC
M0020,Space World,Comedy,English,StudioA
M0021,Comedy Night,Drama,Telugu,StudioC
M0022,Space World,Thriller,Hindi,StudioB
M0023,Action Hero,Comedy,Hindi,StudioC
M0024,Space World,Action,Tamil,StudioC
M0025,Comedy Night,Sci-Fi,Tamil,StudioB
M0026,Love Story,Thriller,Telugu,StudioA
M0027,Action Hero,Thriller,Telugu,StudioB
M0028,Comedy Night,Action,English,StudioC
M0029,Mystery Case,Action,Telugu,StudioA
M0030,Action Hero,Sci-Fi,Hindi,StudioA
M0031,Comedy Night,Comedy,Tamil,StudioA
M0032,Comedy Night,Sci-Fi,English,StudioA
M0033,Comedy Night,Action,Telugu,StudioC
M0034,Action Hero,Drama,Hindi,StudioA
M0035,Comedy Night,Action,English,StudioA
M0036,Comedy Night,Action,Hindi,StudioD
M0037,Love Story,Comedy,Hindi,StudioB
M0038,Mystery Case,Drama,English,StudioC
M0039,Mystery Case,Sci-Fi,Tamil,StudioD
M0040,Space World,Comedy,Tamil,StudioC
M0041,Action Hero,Drama,Telugu,StudioB
M0042,Mystery Case,Thriller,Tamil,StudioC
M0043,Love Story,Thriller,English,StudioD
M0044,Action Hero,Drama,English,StudioD
M0045,Comedy Night,Sci-Fi,Hindi,StudioC
M0046,Comedy Night,Drama,English,StudioB
M0047,Mystery Case,Action,Telugu,StudioD
M0048,Love Story,Action,English,StudioD
M0049,Space World,Action,Hindi,StudioD
M0050,Love Story,Comedy,Tamil,StudioA
M0051,Space World,Action,Tamil,StudioB
M0052,Love Story,Drama,Tamil,StudioA
M0053,Action Hero,Sci-Fi,English,StudioC
M0054,Action Hero,Action,Telugu,StudioC
M0055,Action Hero,Thriller,Hindi,StudioA
M0056,Space World,Sci-Fi,Hindi,StudioA
M0057,Space World,Sci-Fi,Tamil,StudioA
M0058,Comedy Night,Comedy,Telugu,StudioC
M0059,Mystery Case,Action,Tamil,StudioC
M0060,Action Hero,Sci-Fi,Hindi,StudioC
M0061,Love Story,Drama,Hindi,StudioD
M0062,Mystery Case,Comedy,English,StudioC
M0063,Action Hero,Comedy,Telugu,StudioC
M0064,Love Story,Action,Telugu,StudioB
M0065,Love Story,Drama,Tamil,StudioC
M0066,Comedy Night,Comedy,Hindi,StudioA
M0067,Action Hero,Action,Telugu,StudioD
M0068,Space World,Comedy,English,StudioD
M0069,Mystery Case,Thriller,Hindi,StudioC
M0070,Space World,Drama,Hindi,StudioB
M0071,Comedy Night,Thriller,Tamil,StudioA
M0072,Action Hero,Comedy,Tamil,StudioA
M0073,Mystery Case,Action,Hindi,StudioC
M0074,Action Hero,Thriller,Tamil,StudioD
M0075,Comedy Night,Drama,English,StudioA
M0076,Action Hero,Drama,Hindi,StudioA
M0077,Mystery Case,Drama,Telugu,StudioD
M0078,Space World,Drama,Hindi,StudioB
M0079,Comedy Night,Action,Telugu,StudioC
M0080,Space World,Sci-Fi,Tamil,StudioD
M0081,Action Hero,Thriller,Telugu,StudioA
M0082,Comedy Night,Action,English,StudioA
M0083,Comedy Night,Sci-Fi,English,StudioD
M0084,Action Hero,Sci-Fi,Tamil,StudioC
M0085,Comedy Night,Comedy,Telugu,StudioD
M0086,Action Hero,Comedy,English,StudioD
M0087,Space World,Action,Telugu,StudioC
M0088,Comedy Night,Comedy,Hindi,StudioD
M0089,Mystery Case,Drama,Hindi,StudioB
M0090,Comedy Night,Drama,Hindi,StudioD
M0091,Comedy Night,Thriller,Telugu,StudioA
M0092,Mystery Case,Action,English,StudioC
M0093,Comedy Night,Comedy,Hindi,StudioA
M0094,Comedy Night,Action,Hindi,StudioC
M0095,Love Story,Thriller,English,StudioC
M0096,Space World,Drama,English,StudioB
M0097,Comedy Night,Drama,Hindi,StudioD
M0098,Mystery Case,Comedy,English,StudioC
M0099,Mystery Case,Sci-Fi,English,StudioA
M0100,Space World,Thriller,Telugu,StudioB
M0101,Space World,Sci-Fi,Tamil,StudioC
M0102,Love Story,Thriller,English,StudioA
M0103,Action Hero,Comedy,Telugu,StudioC
M0104,Mystery Case,Comedy,Telugu,StudioD
M0105,Mystery Case,Action,Telugu,StudioC
M0106,Comedy Night,Action,Telugu,StudioC
M0107,Mystery Case,Thriller,Tamil,StudioB
M0108,Love Story,Comedy,Hindi,StudioB
M0109,Comedy Night,Sci-Fi,Hindi,StudioB
M0110,Mystery Case,Action,Telugu,StudioB
M0111,Love Story,Action,Hindi,StudioA
M0112,Comedy Night,Action,Tamil,StudioA
M0113,Action Hero,Action,Telugu,StudioC
M0114,Love Story,Action,Tamil,StudioA
M0115,Love Story,Comedy,English,StudioA
M0116,Love Story,Drama,Tamil,StudioD
M0117,Love Story,Drama,Hindi,StudioB
M0118,Mystery Case,Drama,Tamil,StudioA
M0119,Space World,Thriller,Hindi,StudioB
M0120,Action Hero,Action,Tamil,StudioA
M0121,Love Story,Comedy,Hindi,StudioB
M0122,Love Story,Comedy,Telugu,StudioD
M0123,Love Story,Drama,Hindi,StudioA
M0124,Comedy Night,Sci-Fi,English,StudioA
M0125,Love Story,Action,Hindi,StudioA
M0126,Love Story,Comedy,Hindi,StudioD
M0127,Action Hero,Thriller,Tamil,StudioA
M0128,Space World,Drama,Hindi,StudioD
M0129,Mystery Case,Action,Tamil,StudioA
M0130,Comedy Night,Action,English,StudioA
M0131,Love Story,Drama,English,StudioC
M0132,Space World,Thriller,Hindi,StudioD
M0133,Action Hero,Sci-Fi,Tamil,StudioA
M0134,Comedy Night,Thriller,English,StudioD
M0135,Love Story,Drama,Tamil,StudioB
M0136,Mystery Case,Drama,Tamil,StudioA
M0137,Mystery Case,Thriller,Telugu,StudioA
M0138,Mystery Case,Action,Telugu,StudioC
M0139,Love Story,Thriller,Tamil,StudioA
M0140,Space World,Sci-Fi,Telugu,StudioC
M0141,Comedy Night,Thriller,Hindi,StudioA
M0142,Action Hero,Sci-Fi,Hindi,StudioC
M0143,Love Story,Action,Tamil,StudioB
M0144,Mystery Case,Thriller,English,StudioC
M0145,Comedy Night,Action,Telugu,StudioD
M0146,Mystery Case,Drama,Tamil,StudioD
M0147,Mystery Case,Action,English,StudioD
M0148,Action Hero,Drama,English,StudioD
M0149,Action Hero,Action,Tamil,StudioD
M0150,Love Story,Drama,Hindi,StudioB
M0151,Action Hero,Action,Telugu,StudioC
M0152,Comedy Night,Thriller,English,StudioA
M0153,Space World,Drama,Tamil,StudioB
M0154,Action Hero,Comedy,Tamil,StudioC
M0155,Action Hero,Action,Telugu,StudioA
M0156,Love Story,Action,Telugu,StudioD
M0157,Space World,Drama,Tamil,StudioC
M0158,Love Story,Comedy,Tamil,StudioA
M0159,Action Hero,Action,Hindi,StudioB
M0160,Mystery Case,Thriller,English,StudioD
M0161,Space World,Sci-Fi,Tamil,StudioD
M0162,Love Story,Sci-Fi,English,StudioD
M0163,Love Story,Thriller,Telugu,StudioB
M0164,Space World,Drama,Telugu,StudioD
M0165,Mystery Case,Sci-Fi,Tamil,StudioA
M0166,Comedy Night,Action,English,StudioA
M0167,Comedy Night,Comedy,English,StudioB
M0168,Comedy Night,Sci-Fi,Tamil,StudioB
M0169,Comedy Night,Action,Tamil,StudioD
M0170,Comedy Night,Action,Tamil,StudioC
M0171,Mystery Case,Action,English,StudioD
M0172,Action Hero,Action,English,StudioB
M0173,Love Story,Thriller,Telugu,StudioA
M0174,Space World,Action,English,StudioC
M0175,Love Story,Action,English,StudioA
M0176,Comedy Night,Drama,Hindi,StudioD
M0177,Mystery Case,Sci-Fi,Telugu,StudioD
M0178,Mystery Case,Thriller,Telugu,StudioC
M0179,Space World,Thriller,English,StudioD
M0180,Mystery Case,Action,English,StudioD
M0181,Space World,Action,Telugu,StudioD
M0182,Love Story,Drama,English,StudioA
M0183,Comedy Night,Comedy,Tamil,StudioC
M0184,Comedy Night,Action,English,StudioB
M0185,Love Story,Thriller,English,StudioC
M0186,Love Story,Sci-Fi,Telugu,StudioC
M0187,Comedy Night,Thriller,English,StudioC
M0188,Comedy Night,Thriller,Hindi,StudioD
M0189,Comedy Night,Action,Tamil,StudioA
M0190,Comedy Night,Drama,Hindi,StudioB
M0191,Space World,Comedy,Tamil,StudioD
M0192,Space World,Action,Tamil,StudioB
M0193,Comedy Night,Comedy,Telugu,StudioD
M0194,Comedy Night,Drama,Tamil,StudioC
M0195,Comedy Night,Comedy,Telugu,StudioA
M0196,Mystery Case,Action,Tamil,StudioC
M0197,Action Hero,Thriller,Hindi,StudioA
M0198,Love Story,Sci-Fi,Tamil,StudioB
M0199,Mystery Case,Action,Telugu,StudioD
M0200,Action Hero,Sci-Fi,English,StudioB
M0201,Space World,Thriller,Hindi,StudioD
M0202,Love Story,Thriller,English,StudioA
M0203,Mystery Case,Action,Tamil,StudioA
M0204,Mystery Case,Sci-Fi,Tamil,StudioD
M0205,Love Story,Comedy,English,StudioD
M0206,Action Hero,Thriller,Tamil,StudioC
M0207,Love Story,Sci-Fi,Telugu,StudioD
M0208,Love Story,Comedy,Tamil,StudioC
M0209,Comedy Night,Thriller,Tamil,StudioB
M0210,Mystery Case,Thriller,Telugu,StudioC
M0211,Love Story,Drama,Hindi,StudioC
M0212,Mystery Case,Sci-Fi,Tamil,StudioC
M0213,Space World,Sci-Fi,Tamil,StudioB
M0214,Mystery Case,Comedy,English,StudioA
M0215,Space World,Action,Hindi,StudioD
M0216,Mystery Case,Sci-Fi,English,StudioD
M0217,Comedy Night,Comedy,English,StudioB
M0218,Space World,Comedy,Telugu,StudioB
M0219,Action Hero,Thriller,English,StudioB
M0220,Mystery Case,Comedy,Telugu,StudioA
M0221,Space World,Action,Tamil,StudioA
M0222,Mystery Case,Thriller,Telugu,StudioB
M0223,Mystery Case,Sci-Fi,Hindi,StudioC
M0224,Space World,Thriller,Hindi,StudioD
M0225,Comedy Night,Drama,English,StudioD
M0226,Love Story,Sci-Fi,Hindi,StudioD
M0227,Mystery Case,Drama,English,StudioC
M0228,Space World,Thriller,Tamil,StudioC
M0229,Space World,Thriller,Tamil,StudioC
M0230,Space World,Sci-Fi,Telugu,StudioC
M0231,Mystery Case,Thriller,Tamil,StudioC
M0232,Space World,Drama,English,StudioB
M0233,Mystery Case,Drama,English,StudioC
M0234,Comedy Night,Drama,English,StudioB
M0235,Comedy Night,Thriller,Tamil,StudioB
M0236,Mystery Case,Action,English,StudioC
M0237,Space World,Thriller,Tamil,StudioB
M0238,Love Story,Action,Telugu,StudioB
M0239,Space World,Drama,Telugu,StudioB
M0240,Action Hero,Comedy,Hindi,StudioC
M0241,Comedy Night,Sci-Fi,English,StudioC
M0242,Space World,Action,Hindi,StudioB
M0243,Action Hero,Action,Tamil,StudioC
M0244,Love Story,Action,Telugu,StudioC
M0245,Mystery Case,Thriller,Telugu,StudioB
M0246,Love Story,Drama,English,StudioB
M0247,Action Hero,Comedy,English,StudioC
M0248,Space World,Drama,Telugu,StudioD
M0249,Love Story,Drama,Hindi,StudioC
M0250,Action Hero,Thriller,Tamil,StudioC
