ticket_id,movie_id,city,show_date,tickets_sold,box_office
T00001,M0059,Pune,2026-09-04,494,286820.83
T00002,M0064,Kolkata,2025-05-22,427,45753.14
T00003,M0214,Mumbai,2026-06-19,432,331076.9
T00004,M0188,Patna,2025-08-30,409,199152.42
T00005,M0181,Mumbai,2026-01-13,191,423726.34
T00006,M0092,Patna,2025-06-03,357,282845.61
T00007,M0197,Delhi,2026-06-18,417,83261.83
T00008,M0120,Pune,2026-07-03,123,216803.27
T00009,M0075,Kolkata,2025-09-24,306,72390.62
T00010,M0031,Pune,2025-05-16,158,263810.64
T00011,M0024,Patna,2025-07-22,219,269481.24
T00012,M0219,Mumbai,2025-12-17,238,189367.91
T00013,M0016,Kolkata,2026-02-05,204,91425.01
T00014,M0027,Patna,2026-09-03,460,366999.91
T00015,M0144,Mumbai,2025-05-26,376,312774.89
T00016,M0038,Delhi,2026-02-13,236,87820.14
T00017,M0170,Patna,2025-04-15,410,121090.27
T00018,M0231,Mumbai,2025-03-16,303,374874.35
T00019,M0070,Mumbai,2026-09-11,158,140543.92
T00020,M0004,Mumbai,2026-01-18,182,442256.79
T00021,M0034,Mumbai,2025-05-05,275,360663.16
T00022,M0075,Mumbai,2026-01-08,227,334436.54
T00023,M0166,Pune,2025-10-09,362,433028.96
T00024,M0159,Patna,2025-04-08,371,319926.89
T00025,M0165,Kolkata,2025-10-15,205,196543.47
T00026,M0158,Pune,2026-03-28,35,463794.11
T00027,M0029,Delhi,2026-07-07,352,475250.85
T00028,M0249,Mumbai,2026-06-25,105,271508.56
T00029,M0091,Patna,2025-08-07,288,193574.14
T00030,M0157,Patna,2025-12-23,361,88792.15
T00031,M0240,Kolkata,2025-05-20,247,455913.77
T00032,M0159,Kolkata,2026-06-02,94,296351.89
T00033,M0070,Mumbai,2026-07-07,378,229915.0
T00034,M0008,Mumbai,2025-12-04,124,67778.05
T00035,M0029,Pune,2026-04-25,352,177306.5
T00036,M0168,Delhi,2025-07-20,466,84059.24
T00037,M0118,Pune,2026-03-17,272,449905.24
T00038,M0240,Pune,2025-03-14,159,257834.37
T00039,M0194,Kolkata,2025-12-24,2,66456.53
T00040,M0048,Mumbai,2025-10-06,467,422201.47
T00041,M0172,Delhi,2025-09-22,138,55772.07
T00042,M0108,Mumbai,2026-06-21,353,274783.59
T00043,M0230,Mumbai,2025-09-25,31,235703.34
T00044,M0172,Pune,2026-07-14,308,465851.08
T00045,M0113,Delhi,2025-03-06,8,201218.35
T00046,M0081,Pune,2026-02-04,357,55037.94
T00047,M0054,Mumbai,2025-12-28,370,295789.85
T00048,M0144,Kolkata,2025-10-09,333,397734.39
T00049,M0053,Patna,2026-04-15,158,43521.92
T00050,M0235,Delhi,2025-02-18,20,357913.74
T00051,M0238,Kolkata,2025-08-13,482,490146.32
T00052,M0019,Mumbai,2025-12-18,216,9852.59
T00053,M0049,Kolkata,2026-04-24,146,166146.57
T00054,M0191,Delhi,2025-11-21,406,175380.74
T00055,M0136,Kolkata,2025-09-08,340,464563.66
T00056,M0197,Kolkata,2025-02-22,13,33139.11
T00057,M0031,Delhi,2025-04-20,53,231344.97
T00058,M0209,Mumbai,2025-05-01,89,414986.41
T00059,M0172,Pune,2025-09-11,53,241074.96
T00060,M0078,Patna,2025-04-17,490,339135.73
T00061,M0144,Kolkata,2026-06-14,88,308976.18
T00062,M0051,Kolkata,2026-03-04,447,255872.06
T00063,M0196,Patna,2025-01-16,243,381519.78
T00064,M0008,Delhi,2025-07-19,382,250331.11
T00065,M0080,Patna,2026-05-25,216,161319.7
T00066,M0200,Patna,2025-05-04,365,260613.99
T00067,M0249,Kolkata,2025-01-30,9,219278.04
T00068,M0208,Kolkata,2025-06-02,349,137659.29
T00069,M0080,Mumbai,2026-04-13,272,452441.54
T00070,M0104,Kolkata,2025-07-12,28,415299.37
T00071,M0009,Pune,2025-11-01,13,317336.4
T00072,M0080,Kolkata,2025-06-19,457,498956.45
T00073,M0094,Patna,2025-10-12,445,131037.69
T00074,M0072,Mumbai,2026-04-04,119,345803.53
T00075,M0182,Mumbai,2025-08-04,135,456204.75
T00076,M0239,Mumbai,2025-03-07,111,457086.53
T00077,M0109,Pune,2025-03-31,35,165745.07
T00078,M0084,Kolkata,2026-01-21,30,418044.22
T00079,M0061,Pune,2025-08-26,326,88303.38
T00080,M0003,Delhi,2025-07-24,312,132035.62
T00081,M0193,Kolkata,2025-04-04,350,376529.65
T00082,M0233,Delhi,2026-05-21,488,184163.93
T00083,M0065,Pune,2025-09-15,132,176403.93
T00084,M0099,Kolkata,2025-09-27,454,178340.95
T00085,M0035,Mumbai,2025-02-13,25,103189.72
T00086,M0159,Delhi,2026-01-16,427,499230.48
T00087,M0231,Mumbai,2026-06-07,401,390053.29
T00088,M0151,Pune,2025-05-30,60,495498.51
T00089,M0229,Kolkata,2026-04-28,321,493752.63
T00090,M0162,Patna,2025-03-29,53,437201.97
T00091,M0122,Kolkata,2025-08-07,476,397781.48
T00092,M0150,Kolkata,2025-07-31,436,250937.61
T00093,M0017,Pune,2025-07-08,271,461472.75
T00094,M0111,Delhi,2025-06-14,273,456555.52
T00095,M0121,Kolkata,2025-10-11,210,431449.42
T00096,M0140,Patna,2025-03-26,278,225941.1
T00097,M0166,Kolkata,2026-09-23,389,146107.3
T00098,M0183,Mumbai,2025-05-03,476,128358.62
T00099,M0140,Patna,2025-01-09,69,405439.26
T00100,M0221,Delhi,2025-12-05,381,435699.37
T00101,M0229,Patna,2025-06-02,393,413558.57
T00102,M0037,Mumbai,2025-05-21,337,271469.66
T00103,M0041,Patna,2025-09-05,85,411964.14
T00104,M0156,Kolkata,2025-01-08,476,316077.43
T00105,M0036,Pune,2025-10-24,345,199992.94
T00106,M0153,Mumbai,2025-08-10,173,83727.04
T00107,M0235,Patna,2026-01-09,476,392954.97
T00108,M0098,Mumbai,2025-03-30,402,493446.64
T00109,M0223,Mumbai,2025-03-15,129,393940.71
T00110,M0167,Delhi,2025-04-04,305,397197.05
T00111,M0018,Kolkata,2025-04-02,213,79536.16
T00112,M0192,Delhi,2025-09-03,311,204677.26
T00113,M0154,Pune,2025-08-29,224,256490.95
T00114,M0116,Mumbai,2026-09-07,27,86227.14
T00115,M0058,Pune,2025-06-23,35,163271.18
T00116,M0116,Delhi,2025-06-18,55,431939.02
T00117,M0079,Delhi,2026-05-13,69,5690.23
T00118,M0104,Patna,2025-11-03,383,159217.01
T00119,M0248,Mumbai,2026-03-04,317,116977.02
T00120,M0155,Delhi,2025-04-19,209,315856.09
T00121,M0192,Patna,2026-01-16,73,487093.55
T00122,M0153,Kolkata,2026-05-07,445,348190.11
T00123,M0076,Patna,2026-03-06,15,292150.98
T00124,M0210,Delhi,2025-10-15,269,115011.86
T00125,M0031,Delhi,2026-06-30,282,317548.46
T00126,M0026,Mumbai,2026-03-02,19,385803.43
T00127,M0237,Mumbai,2025-03-17,329,482675.21
T00128,M0192,Mumbai,2025-04-13,140,273570.8
T00129,M0117,Pune,2025-04-11,491,229585.4
T00130,M0167,Kolkata,2026-09-21,73,484865.27
T00131,M0152,Mumbai,2025-01-19,279,290146.19
T00132,M0114,Mumbai,2025-05-24,334,2087.48
T00133,M0048,Pune,2026-07-20,315,225131.9
T00134,M0148,Pune,2026-07-14,293,72669.64
T00135,M0158,Pune,2025-10-15,343,463457.86
T00136,M0088,Delhi,2025-09-22,327,188580.51
T00137,M0039,Delhi,2025-04-17,335,135613.11
T00138,M0205,Pune,2025-08-22,457,253110.68
T00139,M0189,Mumbai,2025-03-17,133,118254.08
T00140,M0149,Delhi,2025-05-14,210,221029.04
T00141,M0226,Patna,2026-02-06,495,124361.88
T00142,M0122,Mumbai,2026-08-03,459,342237.39
T00143,M0179,Patna,2026-07-23,85,133549.9
T00144,M0210,Pune,2026-09-09,499,355179.76
T00145,M0040,Kolkata,2025-04-14,116,214966.07
T00146,M0150,Kolkata,2026-04-24,67,390515.32
T00147,M0109,Patna,2026-03-03,333,401929.55
T00148,M0116,Delhi,2026-03-20,218,425753.6
T00149,M0164,Pune,2025-02-11,239,224167.71
T00150,M0155,Pune,2025-04-06,385,482248.28
T00151,M0010,Pune,2025-11-20,312,369480.97
T00152,M0191,Delhi,2026-07-07,320,71023.14
T00153,M0073,Mumbai,2025-12-14,278,92135.33
T00154,M0229,Delhi,2026-09-05,204,159543.15
T00155,M0067,Patna,2026-09-04,485,250362.51
T00156,M0149,Mumbai,2025-01-10,49,462153.64
T00157,M0222,Patna,2026-08-17,416,361433.81
T00158,M0128,Pune,2025-12-15,496,257562.71
T00159,M0125,Mumbai,2025-02-24,392,169794.75
T00160,M0068,Delhi,2026-01-05,419,236244.36
T00161,M0166,Patna,2025-04-08,61,260746.86
T00162,M0123,Delhi,2026-06-19,374,282656.08
T00163,M0213,Patna,2025-06-17,286,136604.96
T00164,M0061,Patna,2025-03-21,102,239649.17
T00165,M0020,Mumbai,2026-09-16,305,24343.15
T00166,M0216,Pune,2026-05-03,68,27835.56
T00167,M0143,Kolkata,2025-10-11,420,113970.2
T00168,M0038,Kolkata,2025-04-13,216,278753.4
T00169,M0078,Kolkata,2026-08-21,259,486441.14
T00170,M0179,Pune,2026-02-11,435,299859.63
T00171,M0003,Patna,2026-05-08,390,145355.06
T00172,M0108,Mumbai,2026-05-05,203,204577.41
T00173,M0082,Mumbai,2026-02-08,136,102893.43
T00174,M0175,Pune,2026-08-11,402,145449.4
T00175,M0049,Patna,2025-09-26,32,270676.03
T00176,M0169,Patna,2025-06-22,244,467250.59
T00177,M0004,Mumbai,2025-07-01,176,495274.64
T00178,M0217,Pune,2025-11-27,31,446456.89
T00179,M0202,Pune,2025-12-20,239,245481.83
T00180,M0068,Delhi,2025-03-02,233,428103.09
T00181,M0240,Kolkata,2026-03-15,141,74004.91
T00182,M0112,Mumbai,2025-04-30,461,5147.43
T00183,M0141,Mumbai,2025-02-14,329,281178.25
T00184,M0034,Mumbai,2025-02-18,234,147407.98
T00185,M0182,Delhi,2025-08-29,186,148640.47
T00186,M0013,Delhi,2025-07-03,116,173350.67
T00187,M0185,Pune,2025-11-07,150,359405.48
T00188,M0017,Mumbai,2025-07-03,251,237453.99
T00189,M0126,Mumbai,2025-12-28,142,331132.94
T00190,M0220,Patna,2026-05-26,136,388568.11
T00191,M0212,Mumbai,2025-05-07,402,112625.08
T00192,M0097,Patna,2025-12-04,186,242546.82
T00193,M0036,Pune,2026-03-29,197,363289.74
T00194,M0139,Pune,2026-06-12,36,365082.5
T00195,M0149,Delhi,2025-12-15,218,401317.26
T00196,M0058,Patna,2025-01-12,389,219902.88
T00197,M0168,Delhi,2025-08-07,158,157725.35
T00198,M0247,Kolkata,2025-10-22,194,177073.8
T00199,M0108,Kolkata,2025-02-01,198,179068.05
T00200,M0078,Pune,2026-06-12,465,395337.65
T00201,M0195,Mumbai,2025-09-12,73,241044.6
T00202,M0130,Patna,2025-11-02,393,313843.11
T00203,M0090,Delhi,2025-05-04,304,439631.59
T00204,M0063,Kolkata,2026-08-19,447,324701.11
T00205,M0002,Pune,2026-05-27,319,256519.15
T00206,M0117,Pune,2025-07-27,157,127189.24
T00207,M0031,Pune,2025-12-27,464,325563.66
T00208,M0184,Kolkata,2026-05-25,45,61565.99
T00209,M0117,Delhi,2026-05-10,155,307095.87
T00210,M0030,Delhi,2026-07-26,227,37878.83
T00211,M0122,Pune,2025-05-18,121,441106.0
T00212,M0227,Kolkata,2025-04-13,232,100997.56
T00213,M0234,Delhi,2026-03-23,435,293248.22
T00214,M0038,Delhi,2025-07-24,68,369481.12
T00215,M0062,Pune,2025-08-31,85,363805.26
T00216,M0246,Mumbai,2025-12-03,444,1187.42
T00217,M0153,Pune,2025-11-27,354,180610.37
T00218,M0150,Mumbai,2025-06-16,468,462938.61
T00219,M0201,Patna,2026-07-10,353,38272.61
T00220,M0032,Delhi,2025-12-12,131,43840.33
T00221,M0173,Pune,2025-11-02,9,490976.49
T00222,M0165,Patna,2026-04-05,219,407835.64
T00223,M0061,Delhi,2025-10-28,98,405319.64
T00224,M0027,Delhi,2026-07-23,83,46957.19
T00225,M0163,Pune,2026-03-14,68,256866.25
T00226,M0136,Kolkata,2025-07-04,490,85969.84
T00227,M0157,Kolkata,2026-06-06,205,456621.89
T00228,M0126,Delhi,2026-07-23,259,352289.7
T00229,M0030,Delhi,2025-06-07,449,50288.02
T00230,M0242,Kolkata,2026-08-25,87,216913.49
T00231,M0230,Mumbai,2025-04-24,55,70271.87
T00232,M0110,Patna,2025-08-30,72,100252.31
T00233,M0146,Mumbai,2026-04-09,97,1815.23
T00234,M0218,Mumbai,2026-01-22,327,373650.75
T00235,M0120,Pune,2026-08-09,477,321410.13
T00236,M0006,Patna,2026-05-05,301,204935.01
T00237,M0123,Delhi,2025-09-05,332,140825.76
T00238,M0026,Patna,2026-03-08,404,254635.06
T00239,M0091,Mumbai,2026-01-19,100,34643.55
T00240,M0040,Delhi,2026-02-07,51,34591.73
T00241,M0144,Delhi,2025-01-23,156,468316.36
T00242,M0131,Patna,2026-02-09,435,196557.76
T00243,M0103,Delhi,2026-04-21,5,332879.82
T00244,M0073,Mumbai,2026-06-01,234,177045.72
T00245,M0078,Pune,2026-01-17,392,412019.72
T00246,M0022,Mumbai,2026-04-11,196,80987.34
T00247,M0228,Pune,2025-08-28,350,83525.01
T00248,M0018,Kolkata,2026-07-06,85,224848.69
T00249,M0093,Patna,2026-07-01,48,202784.23
T00250,M0134,Pune,2025-06-23,197,42927.82
T00251,M0165,Delhi,2025-11-26,155,158030.24
T00252,M0064,Kolkata,2026-04-24,244,286436.41
T00253,M0129,Delhi,2026-06-19,198,308404.14
T00254,M0205,Pune,2025-03-07,433,457022.14
T00255,M0134,Delhi,2026-03-18,218,358437.45
T00256,M0227,Delhi,2025-02-14,396,99125.93
T00257,M0138,Mumbai,2025-01-28,131,324753.34
T00258,M0245,Pune,2025-12-07,417,62959.92
T00259,M0086,Mumbai,2025-09-19,384,136859.36
T00260,M0054,Delhi,2026-03-06,59,190058.16
T00261,M0248,Mumbai,2026-04-06,460,159623.21
T00262,M0033,Patna,2025-12-10,203,424729.81
T00263,M0151,Mumbai,2025-05-31,323,369166.54
T00264,M0234,Patna,2025-12-26,43,192750.83
T00265,M0152,Mumbai,2026-06-16,54,308659.89
T00266,M0112,Patna,2026-07-03,349,480315.02
T00267,M0022,Kolkata,2025-08-22,382,450869.58
T00268,M0141,Patna,2025-11-09,132,313258.95
T00269,M0250,Patna,2025-05-07,448,494437.16
T00270,M0115,Delhi,2025-09-11,456,260286.96
T00271,M0247,Patna,2025-06-13,275,1181.65
T00272,M0153,Patna,2025-01-10,88,191676.39
T00273,M0125,Mumbai,2025-12-16,28,434080.76
T00274,M0177,Delhi,2025-11-28,446,302251.98
T00275,M0035,Patna,2026-01-27,192,429955.85
T00276,M0038,Mumbai,2025-07-22,487,44638.03
T00277,M0072,Delhi,2025-04-18,133,261029.13
T00278,M0110,Delhi,2026-02-06,109,488324.29
T00279,M0158,Pune,2025-01-16,379,67075.35
T00280,M0206,Pune,2025-09-04,252,263831.86
T00281,M0037,Kolkata,2025-09-20,290,232375.79
T00282,M0200,Pune,2025-08-29,446,262552.15
T00283,M0021,Mumbai,2025-04-05,456,1778.46
T00284,M0212,Mumbai,2025-11-13,119,29882.95
T00285,M0196,Delhi,2026-04-18,436,30521.42
T00286,M0166,Delhi,2025-04-11,44,101418.75
T00287,M0045,Mumbai,2025-01-15,423,252381.81
T00288,M0067,Pune,2026-05-01,113,291859.49
T00289,M0035,Delhi,2026-09-27,268,5813.69
T00290,M0085,Kolkata,2026-04-14,413,99243.4
T00291,M0155,Mumbai,2026-02-10,383,397711.84
T00292,M0151,Delhi,2025-05-29,492,448143.32
T00293,M0114,Pune,2026-09-03,145,54969.82
T00294,M0172,Mumbai,2026-06-24,306,270435.63
T00295,M0189,Kolkata,2026-03-06,230,94177.09
T00296,M0002,Patna,2025-03-01,46,294632.19
T00297,M0103,Pune,2025-06-15,453,71874.17
T00298,M0162,Delhi,2025-04-03,397,467397.61
T00299,M0208,Mumbai,2025-07-10,412,56975.31
T00300,M0122,Mumbai,2025-02-02,11,333230.66
T00301,M0150,Pune,2026-05-28,287,412136.56
T00302,M0187,Delhi,2025-10-22,153,64734.19
T00303,M0031,Patna,2026-07-28,53,314240.94
T00304,M0124,Pune,2026-02-14,41,297807.8
T00305,M0243,Pune,2026-01-23,484,146282.74
T00306,M0046,Pune,2025-12-05,317,262414.35
T00307,M0245,Patna,2025-02-27,373,19470.01
T00308,M0115,Mumbai,2025-09-12,442,497276.05
T00309,M0116,Delhi,2025-10-28,371,277402.31
T00310,M0079,Mumbai,2025-12-23,409,329349.0
T00311,M0192,Pune,2025-07-14,283,232670.72
T00312,M0154,Pune,2026-05-18,132,191378.29
T00313,M0165,Kolkata,2025-06-24,168,36306.27
T00314,M0180,Patna,2025-05-05,131,340843.52
T00315,M0167,Pune,2026-03-08,430,444773.55
T00316,M0008,Mumbai,2025-10-20,68,298729.2
T00317,M0035,Delhi,2026-06-19,218,378741.16
T00318,M0053,Pune,2026-09-22,160,406318.16
T00319,M0058,Mumbai,2026-06-28,269,71950.52
T00320,M0138,Kolkata,2025-12-19,122,421004.51
T00321,M0188,Pune,2025-04-07,102,427197.41
T00322,M0102,Delhi,2026-07-30,170,163503.55
T00323,M0079,Mumbai,2025-06-08,483,175091.03
T00324,M0048,Mumbai,2026-07-03,105,198036.52
T00325,M0022,Mumbai,2025-09-20,197,341693.49
T00326,M0149,Delhi,2025-09-04,357,349795.6
T00327,M0061,Pune,2025-06-10,271,183296.93
T00328,M0174,Mumbai,2025-11-06,186,242100.21
T00329,M0144,Delhi,2025-01-06,309,151136.85
T00330,M0077,Patna,2025-02-23,320,395481.88
T00331,M0232,Mumbai,2025-06-10,434,372877.11
T00332,M0101,Mumbai,2026-05-25,277,47149.09
T00333,M0247,Pune,2025-02-12,236,251733.99
T00334,M0145,Mumbai,2025-02-10,335,83586.43
T00335,M0169,Patna,2026-06-10,411,353761.74
T00336,M0080,Kolkata,2025-09-01,372,77890.38
T00337,M0168,Kolkata,2026-06-18,126,342308.66
T00338,M0152,Patna,2025-05-16,351,444811.77
T00339,M0091,Pune,2025-05-15,75,217760.39
T00340,M0100,Pune,2025-10-09,455,148594.23
T00341,M0144,Delhi,2026-04-12,19,86306.18
T00342,M0188,Pune,2025-06-28,460,293227.68
T00343,M0157,Pune,2025-05-11,481,281231.04
T00344,M0028,Delhi,2026-03-02,319,483647.65
T00345,M0211,Mumbai,2025-03-07,281,165109.26
T00346,M0154,Patna,2026-02-16,136,247415.94
T00347,M0012,Pune,2025-10-14,497,296526.25
T00348,M0105,Patna,2025-12-23,80,90205.65
T00349,M0198,Patna,2025-09-20,424,184608.41
T00350,M0225,Kolkata,2025-02-05,474,383871.32
T00351,M0084,Kolkata,2026-08-11,457,2912.15
T00352,M0194,Mumbai,2025-03-04,450,191083.14
T00353,M0222,Delhi,2026-09-29,298,409510.41
T00354,M0163,Mumbai,2026-08-19,193,445229.07
T00355,M0102,Mumbai,2025-12-07,272,85629.02
T00356,M0023,Patna,2025-09-13,248,229207.71
T00357,M0026,Pune,2025-02-19,267,402075.76
T00358,M0057,Delhi,2025-11-10,307,327511.92
T00359,M0037,Delhi,2025-09-13,94,389962.07
T00360,M0202,Kolkata,2026-08-17,111,114159.96
T00361,M0182,Patna,2026-01-29,456,470288.48
T00362,M0073,Kolkata,2026-07-16,361,162332.39
T00363,M0202,Delhi,2026-06-15,11,375493.28
T00364,M0222,Mumbai,2026-04-18,111,401157.44
T00365,M0037,Kolkata,2025-07-05,177,6982.83
T00366,M0092,Patna,2026-07-09,136,119306.5
T00367,M0198,Kolkata,2026-01-19,87,82508.51
T00368,M0167,Mumbai,2026-02-26,109,352043.84
T00369,M0044,Mumbai,2026-06-14,213,224925.18
T00370,M0025,Patna,2026-09-04,385,323874.27
T00371,M0018,Patna,2025-09-14,324,486913.74
T00372,M0001,Kolkata,2025-05-08,222,217560.16
T00373,M0075,Mumbai,2026-04-24,475,469737.02
T00374,M0237,Kolkata,2025-11-10,316,124645.58
T00375,M0158,Pune,2025-01-09,371,430046.86
T00376,M0169,Pune,2025-02-08,202,7023.5
T00377,M0101,Kolkata,2026-03-16,141,414898.76
T00378,M0003,Delhi,2026-05-02,417,473138.61
T00379,M0017,Delhi,2025-03-08,374,351109.33
T00380,M0108,Mumbai,2026-02-11,95,61126.77
T00381,M0040,Mumbai,2026-03-03,492,292701.56
T00382,M0202,Kolkata,2026-03-27,71,18304.38
T00383,M0016,Kolkata,2026-02-03,305,392362.83
T00384,M0221,Kolkata,2025-06-16,339,485218.0
T00385,M0101,Patna,2025-07-21,284,218151.39
T00386,M0190,Pune,2026-04-01,275,161328.07
T00387,M0104,Kolkata,2026-05-08,252,435921.73
T00388,M0163,Mumbai,2025-09-08,445,255937.61
T00389,M0139,Delhi,2025-01-02,84,6879.21
T00390,M0237,Mumbai,2025-07-28,258,8317.61
T00391,M0033,Delhi,2026-03-15,389,22766.05
T00392,M0030,Patna,2025-03-31,311,46805.66
T00393,M0186,Kolkata,2026-03-22,43,71662.47
T00394,M0237,Patna,2026-01-07,63,383332.96
T00395,M0189,Mumbai,2026-03-04,246,58391.74
T00396,M0173,Kolkata,2025-09-28,71,47383.71
T00397,M0071,Kolkata,2025-02-22,311,190398.79
T00398,M0243,Mumbai,2025-01-25,426,117016.24
T00399,M0084,Mumbai,2025-11-04,20,361084.25
T00400,M0127,Pune,2025-07-10,394,198213.53
T00401,M0084,Patna,2025-01-12,270,389077.97
T00402,M0111,Patna,2026-04-30,78,296407.05
T00403,M0197,Pune,2026-08-13,457,399656.97
T00404,M0031,Delhi,2025-07-10,378,158974.38
T00405,M0099,Delhi,2026-05-11,30,56416.11
T00406,M0024,Delhi,2025-11-30,487,403085.81
T00407,M0074,Patna,2026-03-04,27,251430.42
T00408,M0170,Mumbai,2026-08-25,457,5681.02
T00409,M0206,Pune,2026-02-14,86,284730.62
T00410,M0048,Delhi,2025-08-19,416,442627.46
T00411,M0026,Pune,2025-12-15,278,214223.24
T00412,M0137,Pune,2026-01-14,132,76925.35
T00413,M0001,Kolkata,2025-01-29,397,36890.53
T00414,M0032,Mumbai,2026-03-30,246,151165.92
T00415,M0164,Patna,2026-01-07,53,154543.3
T00416,M0045,Mumbai,2025-06-08,207,448327.86
T00417,M0141,Pune,2026-01-05,496,143660.22
T00418,M0154,Mumbai,2025-06-02,460,252043.65
T00419,M0241,Pune,2026-05-19,485,319317.99
T00420,M0155,Pune,2026-03-10,413,34755.96
T00421,M0103,Patna,2025-03-26,330,177079.77
T00422,M0168,Patna,2026-03-07,78,373870.92
T00423,M0205,Patna,2025-09-15,483,103635.71
T00424,M0235,Mumbai,2025-07-28,495,81825.49
T00425,M0079,Delhi,2025-06-08,232,464267.25
T00426,M0145,Pune,2025-03-26,298,385642.39
T00427,M0225,Kolkata,2026-09-09,366,285344.0
T00428,M0212,Patna,2025-06-11,248,458000.41
T00429,M0035,Mumbai,2026-09-27,44,335869.39
T00430,M0049,Patna,2025-04-24,474,467917.24
T00431,M0214,Pune,2026-02-10,124,68220.65
T00432,M0037,Delhi,2025-10-18,21,276694.25
T00433,M0093,Patna,2026-05-04,113,311271.57
T00434,M0028,Pune,2025-04-19,283,475427.98
T00435,M0219,Mumbai,2026-02-02,356,471953.53
T00436,M0063,Delhi,2026-05-14,418,5484.51
T00437,M0049,Kolkata,2026-08-12,141,137022.1
T00438,M0250,Kolkata,2025-07-29,236,414297.73
T00439,M0062,Delhi,2025-03-12,432,269128.86
T00440,M0039,Pune,2025-01-30,167,29699.43
T00441,M0040,Delhi,2026-05-17,262,466210.9
T00442,M0165,Mumbai,2025-01-19,325,480807.5
T00443,M0125,Patna,2026-03-31,102,203962.87
T00444,M0238,Kolkata,2025-06-22,372,373298.72
T00445,M0167,Mumbai,2025-01-27,445,262820.87
T00446,M0236,Delhi,2025-12-04,396,318009.77
T00447,M0180,Delhi,2026-03-11,76,172739.62
T00448,M0022,Kolkata,2026-04-02,391,63242.85
T00449,M0183,Pune,2025-08-01,335,296950.63
T00450,M0246,Delhi,2026-01-17,161,264756.74
T00451,M0062,Mumbai,2025-11-12,37,215210.24
T00452,M0004,Kolkata,2025-02-04,140,8398.75
T00453,M0099,Mumbai,2025-12-27,96,362633.08
T00454,M0087,Patna,2026-06-06,307,193652.23
T00455,M0112,Kolkata,2025-02-01,400,101437.78
T00456,M0088,Kolkata,2025-09-26,260,443121.47
T00457,M0014,Kolkata,2026-08-19,184,317220.0
T00458,M0073,Pune,2025-10-29,42,414736.72
T00459,M0181,Patna,2025-09-27,155,214835.49
T00460,M0212,Kolkata,2025-09-06,55,463112.43
T00461,M0112,Mumbai,2025-04-28,426,339376.18
T00462,M0173,Delhi,2025-11-18,302,382257.62
T00463,M0151,Delhi,2025-09-02,336,277567.59
T00464,M0197,Kolkata,2026-06-02,389,311712.92
T00465,M0036,Delhi,2026-03-19,13,73757.78
T00466,M0016,Delhi,2025-01-27,441,353897.93
T00467,M0012,Patna,2025-11-01,332,113722.42
T00468,M0057,Patna,2026-01-23,99,17141.19
T00469,M0202,Pune,2025-11-27,23,496121.06
T00470,M0037,Kolkata,2026-07-24,378,28615.95
T00471,M0009,Pune,2026-08-14,420,492854.63
T00472,M0103,Mumbai,2026-08-26,478,292646.06
T00473,M0086,Patna,2025-07-23,180,240006.08
T00474,M0236,Delhi,2025-12-13,15,326589.81
T00475,M0010,Mumbai,2026-02-09,209,173390.33
T00476,M0166,Kolkata,2025-05-24,411,248328.81
T00477,M0140,Delhi,2025-02-07,8,172103.9
T00478,M0100,Patna,2026-09-27,158,455547.67
T00479,M0187,Kolkata,2025-05-28,217,452083.81
T00480,M0226,Patna,2025-09-27,365,196697.36
T00481,M0049,Mumbai,2025-01-06,356,111126.27
T00482,M0187,Delhi,2026-02-06,466,112791.87
T00483,M0123,Delhi,2025-07-20,387,442224.35
T00484,M0006,Kolkata,2025-02-01,279,275633.35
T00485,M0026,Delhi,2026-01-28,138,172954.96
T00486,M0034,Mumbai,2026-03-29,248,377507.28
T00487,M0109,Mumbai,2025-03-26,32,271545.18
T00488,M0052,Mumbai,2025-09-17,436,332488.26
T00489,M0111,Kolkata,2026-05-06,387,365786.67
T00490,M0026,Kolkata,2026-05-21,320,495548.92
T00491,M0021,Kolkata,2025-09-05,330,177312.83
T00492,M0076,Delhi,2025-08-16,156,249184.6
T00493,M0030,Pune,2026-08-26,279,390250.08
T00494,M0146,Mumbai,2026-01-06,69,303731.79
T00495,M0003,Patna,2025-12-19,387,154296.05
T00496,M0229,Patna,2025-02-01,304,287835.84
T00497,M0118,Mumbai,2026-07-12,53,113833.77
T00498,M0195,Kolkata,2025-01-14,90,419222.91
T00499,M0221,Mumbai,2025-08-15,335,251622.45
T00500,M0112,Kolkata,2025-11-05,459,438815.52
