booking_id,traveler_id,destination,travel_class,booking_date,fare
B00001,T0271,Delhi,Economy,2025-12-15,69281.06
B00002,T0197,Mumbai,Business,2026-07-09,84902.11
B00003,T0132,Dubai,Economy,2026-03-03,4116.1
B00004,T0103,Bangalore,Economy,2026-05-24,15299.29
B00005,T0236,Dubai,Business,2026-09-07,7745.97
B00006,T0203,Mumbai,Economy,2025-06-10,103670.68
B00007,T0074,Goa,Business,2025-07-12,85753.56
B00008,T0149,Bangalore,Business,2025-09-27,87989.11
B00009,T0079,Mumbai,Premium,2026-07-15,17936.74
B00010,T0290,Delhi,Premium,2025-05-24,68142.21
B00011,T0254,Mumbai,Business,2025-09-30,77911.9
B00012,T0020,Bangalore,Premium,2026-06-05,97116.66
B00013,T0177,Delhi,Business,2025-06-07,22722.78
B00014,T0281,Delhi,Business,2026-02-11,20325.63
B00015,T0027,Bangalore,Business,2025-09-09,25028.17
B00016,T0276,Delhi,Premium,2025-04-05,32925.02
B00017,T0036,Bangalore,Economy,2025-11-26,111472.11
B00018,T0088,Dubai,Premium,2026-01-11,93266.91
B00019,T0192,Delhi,Business,2025-01-09,111983.05
B00020,T0210,Delhi,Economy,2026-03-25,50439.71
B00021,T0094,Bangalore,Economy,2025-08-22,106024.57
B00022,T0243,Bangalore,Economy,2026-03-01,92786.94
B00023,T0106,Dubai,Economy,2026-03-16,21503.61
B00024,T0077,Goa,Business,2026-01-03,64889.72
B00025,T0278,Delhi,Business,2026-03-05,55821.2
B00026,T0069,Delhi,Business,2026-09-14,30923.59
B00027,T0014,Goa,Economy,2025-12-22,116426.3
B00028,T0290,Goa,Business,2025-10-02,9102.78
B00029,T0208,Goa,Business,2026-06-21,116781.85
B00030,T0101,Delhi,Business,2025-04-21,56896.81
B00031,T0234,Dubai,Business,2026-03-28,21458.33
B00032,T0082,Goa,Premium,2026-03-24,50980.24
B00033,T0290,Goa,Economy,2026-08-17,39644.96
B00034,T0019,Delhi,Business,2026-06-26,92671.72
B00035,T0296,Delhi,Business,2025-10-26,68012.29
B00036,T0261,Bangalore,Economy,2025-09-16,70545.64
B00037,T0161,Mumbai,Economy,2025-07-31,112307.51
B00038,T0163,Dubai,Economy,2025-12-14,74294.04
B00039,T0048,Dubai,Economy,2026-05-16,100408.45
B00040,T0076,Bangalore,Business,2025-10-22,29347.13
B00041,T0153,Mumbai,Premium,2025-08-17,104755.17
B00042,T0148,Dubai,Premium,2025-08-29,96045.58
B00043,T0153,Mumbai,Economy,2025-06-25,85798.61
B00044,T0045,Dubai,Economy,2026-04-05,8185.81
B00045,T0191,Bangalore,Premium,2026-08-19,50701.46
B00046,T0206,Dubai,Business,2026-01-01,30433.72
B00047,T0128,Bangalore,Business,2026-04-05,65331.76
B00048,T0263,Mumbai,Premium,2025-07-13,113513.27
B00049,T0275,Mumbai,Premium,2025-10-15,56430.99
B00050,T0154,Delhi,Economy,2025-02-14,29188.02
B00051,T0252,Goa,Business,2025-02-10,44017.83
B00052,T0049,Goa,Economy,2026-08-20,41217.0
B00053,T0287,Goa,Business,2026-07-13,31089.83
B00054,T0256,Goa,Premium,2025-11-30,94554.48
B00055,T0049,Dubai,Business,2025-04-09,87508.06
B00056,T0241,Dubai,Business,2026-05-26,36990.67
B00057,T0254,Delhi,Business,2026-01-28,65214.51
B00058,T0022,Bangalore,Premium,2026-09-21,43242.52
B00059,T0250,Delhi,Economy,2026-05-16,45751.28
B00060,T0277,Bangalore,Economy,2026-03-29,110791.29
B00061,T0194,Mumbai,Premium,2026-08-10,93130.43
B00062,T0201,Dubai,Economy,2026-09-01,8033.53
B00063,T0130,Mumbai,Economy,2026-04-27,57265.53
B00064,T0011,Dubai,Economy,2025-03-31,108526.44
B00065,T0134,Goa,Business,2025-10-28,55956.67
B00066,T0273,Mumbai,Economy,2025-08-03,118703.39
B00067,T0213,Goa,Business,2026-01-14,76913.38
B00068,T0114,Mumbai,Economy,2025-10-11,44049.85
B00069,T0104,Goa,Premium,2026-02-05,70556.43
B00070,T0300,Goa,Business,2025-02-23,37002.91
B00071,T0154,Bangalore,Economy,2025-07-21,48696.62
B00072,T0073,Bangalore,Economy,2026-08-21,41034.8
B00073,T0260,Delhi,Business,2026-04-30,37364.45
B00074,T0236,Delhi,Business,2026-03-08,8277.43
B00075,T0232,Bangalore,Premium,2026-08-21,81412.37
B00076,T0161,Goa,Premium,2025-07-19,6948.04
B00077,T0068,Delhi,Economy,2025-09-12,23281.8
B00078,T0148,Dubai,Premium,2025-11-17,20924.24
B00079,T0112,Dubai,Premium,2025-04-23,21773.51
B00080,T0128,Bangalore,Economy,2025-01-07,8101.65
B00081,T0026,Mumbai,Premium,2025-03-21,15597.33
B00082,T0063,Bangalore,Premium,2025-09-27,44077.81
B00083,T0087,Goa,Business,2025-02-26,109500.41
B00084,T0217,Delhi,Economy,2026-03-28,92340.64
B00085,T0052,Delhi,Business,2025-01-16,60052.77
B00086,T0006,Mumbai,Premium,2025-10-03,18151.94
B00087,T0232,Dubai,Premium,2025-01-23,62591.67
B00088,T0135,Mumbai,Business,2025-01-03,100120.11
B00089,T0137,Goa,Premium,2025-01-16,23756.11
B00090,T0015,Dubai,Economy,2026-02-11,116238.14
B00091,T0212,Goa,Business,2025-03-13,96173.6
B00092,T0112,Dubai,Economy,2026-02-09,96358.19
B00093,T0204,Delhi,Premium,2025-08-30,76795.02
B00094,T0233,Goa,Economy,2026-05-20,118986.24
B00095,T0256,Bangalore,Economy,2026-08-15,110248.34
B00096,T0206,Goa,Economy,2025-09-29,61496.3
B00097,T0149,Delhi,Business,2025-01-25,107697.76
B00098,T0196,Mumbai,Economy,2025-06-25,52117.02
B00099,T0196,Delhi,Economy,2025-02-08,77960.27
B00100,T0193,Bangalore,Economy,2026-04-08,54473.83
B00101,T0163,Mumbai,Economy,2025-07-05,52674.3
B00102,T0209,Goa,Business,2025-05-24,28857.43
B00103,T0054,Bangalore,Business,2025-05-20,42738.53
B00104,T0278,Goa,Business,2026-04-16,75755.39
B00105,T0254,Dubai,Economy,2026-05-02,86345.06
B00106,T0233,Bangalore,Business,2026-05-02,57838.66
B00107,T0276,Delhi,Business,2025-09-10,16065.73
B00108,T0267,Delhi,Business,2026-09-12,84984.1
B00109,T0184,Bangalore,Business,2026-07-11,57777.7
B00110,T0003,Mumbai,Business,2026-06-30,95105.41
B00111,T0044,Delhi,Economy,2026-06-15,67542.75
B00112,T0054,Goa,Premium,2025-06-07,27087.74
B00113,T0174,Dubai,Premium,2026-09-21,90669.33
B00114,T0033,Delhi,Business,2025-03-10,27432.86
B00115,T0176,Goa,Economy,2026-05-03,79939.32
B00116,T0287,Mumbai,Business,2026-08-13,96551.2
B00117,T0269,Goa,Premium,2026-02-25,29125.95
B00118,T0240,Goa,Economy,2025-06-07,24411.59
B00119,T0148,Mumbai,Business,2025-04-24,83369.32
B00120,T0157,Goa,Premium,2026-04-03,5830.36
B00121,T0194,Goa,Economy,2025-01-10,67531.77
B00122,T0124,Delhi,Economy,2025-12-14,42095.05
B00123,T0203,Delhi,Business,2026-06-14,68809.85
B00124,T0089,Goa,Business,2025-05-27,48539.47
B00125,T0190,Mumbai,Business,2025-12-03,52174.65
B00126,T0098,Dubai,Business,2025-06-17,106156.13
B00127,T0271,Delhi,Business,2026-03-09,80931.01
B00128,T0266,Dubai,Business,2025-12-10,92873.65
B00129,T0253,Dubai,Premium,2026-05-24,85930.72
B00130,T0242,Mumbai,Business,2026-02-11,7190.07
B00131,T0292,Bangalore,Business,2026-04-24,12813.92
B00132,T0274,Bangalore,Premium,2025-02-17,89180.4
B00133,T0192,Bangalore,Premium,2025-08-16,102252.29
B00134,T0243,Mumbai,Business,2026-05-19,8935.52
B00135,T0131,Mumbai,Business,2026-06-09,63545.12
B00136,T0155,Mumbai,Economy,2026-02-15,48820.24
B00137,T0087,Delhi,Economy,2025-09-04,25171.24
B00138,T0129,Mumbai,Business,2026-08-17,15563.28
B00139,T0235,Mumbai,Economy,2026-04-21,39107.59
B00140,T0066,Dubai,Economy,2025-06-16,115063.79
B00141,T0102,Delhi,Business,2025-06-08,111548.9
B00142,T0280,Mumbai,Economy,2025-09-29,93781.5
B00143,T0047,Goa,Premium,2025-07-05,83554.2
B00144,T0066,Dubai,Business,2026-03-13,104373.25
B00145,T0010,Dubai,Premium,2026-07-03,45640.63
B00146,T0057,Mumbai,Business,2026-07-25,36521.6
B00147,T0011,Dubai,Premium,2025-03-20,27273.33
B00148,T0077,Bangalore,Premium,2026-05-22,52392.44
B00149,T0051,Delhi,Premium,2025-11-09,68241.6
B00150,T0218,Goa,Premium,2025-05-17,39099.49
B00151,T0120,Goa,Business,2026-05-19,49983.11
B00152,T0043,Goa,Business,2025-08-09,71796.73
B00153,T0199,Goa,Premium,2025-08-30,88236.87
B00154,T0249,Goa,Premium,2026-04-03,66482.21
B00155,T0094,Goa,Business,2025-08-23,12325.1
B00156,T0093,Delhi,Business,2026-03-15,41537.34
B00157,T0011,Delhi,Business,2025-11-10,58413.02
B00158,T0271,Dubai,Economy,2025-04-29,31534.77
B00159,T0294,Dubai,Premium,2025-10-20,58207.36
B00160,T0026,Bangalore,Business,2025-03-09,76544.52
B00161,T0121,Bangalore,Economy,2025-03-07,71222.64
B00162,T0057,Delhi,Economy,2026-06-11,107832.71
B00163,T0132,Bangalore,Business,2025-01-29,24530.65
B00164,T0222,Mumbai,Economy,2025-03-18,48972.21
B00165,T0093,Dubai,Premium,2025-10-08,36995.32
B00166,T0025,Bangalore,Premium,2026-04-24,119431.69
B00167,T0150,Dubai,Premium,2026-02-03,115219.48
B00168,T0270,Mumbai,Economy,2026-06-07,14982.17
B00169,T0129,Bangalore,Premium,2025-02-04,16871.51
B00170,T0104,Dubai,Premium,2026-03-01,16996.01
B00171,T0243,Dubai,Economy,2025-11-11,61477.25
B00172,T0100,Bangalore,Economy,2025-08-20,63963.16
B00173,T0078,Bangalore,Economy,2025-10-04,92696.16
B00174,T0146,Goa,Business,2025-05-15,78639.07
B00175,T0003,Dubai,Economy,2025-09-14,16440.6
B00176,T0293,Delhi,Premium,2026-07-18,69681.0
B00177,T0084,Goa,Business,2025-06-25,99529.79
B00178,T0047,Bangalore,Premium,2026-05-02,37887.14
B00179,T0181,Goa,Business,2026-04-23,80875.44
B00180,T0127,Bangalore,Business,2026-01-23,39196.95
B00181,T0077,Delhi,Economy,2025-09-10,34267.73
B00182,T0183,Goa,Business,2025-03-31,15327.2
B00183,T0204,Bangalore,Economy,2026-06-04,73099.71
B00184,T0043,Bangalore,Economy,2025-02-05,93650.2
B00185,T0081,Delhi,Economy,2025-02-16,32419.86
B00186,T0135,Delhi,Economy,2026-09-02,3328.15
B00187,T0266,Delhi,Business,2026-06-05,23705.22
B00188,T0059,Delhi,Economy,2025-08-04,3656.12
B00189,T0244,Bangalore,Business,2026-07-08,26841.82
B00190,T0193,Mumbai,Business,2025-02-18,4858.88
B00191,T0031,Mumbai,Economy,2025-02-14,36607.38
B00192,T0169,Dubai,Premium,2025-05-03,14618.47
B00193,T0256,Bangalore,Premium,2025-05-11,50015.69
B00194,T0065,Mumbai,Premium,2025-09-28,40784.47
B00195,T0103,Dubai,Economy,2026-01-20,114485.97
B00196,T0221,Goa,Economy,2025-01-04,34028.84
B00197,T0233,Bangalore,Premium,2026-03-07,75249.92
B00198,T0199,Mumbai,Economy,2026-04-24,63589.42
B00199,T0148,Mumbai,Economy,2026-04-16,18666.4
B00200,T0282,Goa,Economy,2026-09-27,107231.52
B00201,T0250,Goa,Premium,2026-08-12,105127.07
B00202,T0039,Mumbai,Premium,2026-05-11,94291.78
B00203,T0223,Dubai,Economy,2025-01-22,18658.46
B00204,T0294,Goa,Premium,2026-04-05,88142.45
B00205,T0035,Dubai,Premium,2026-03-03,65619.73
B00206,T0216,Delhi,Business,2025-04-29,110136.78
B00207,T0029,Delhi,Premium,2026-02-22,20355.5
B00208,T0205,Mumbai,Premium,2025-01-19,108513.07
B00209,T0285,Mumbai,Economy,2025-11-27,18018.99
B00210,T0228,Mumbai,Business,2025-03-20,40415.47
B00211,T0077,Bangalore,Premium,2026-05-26,49283.95
B00212,T0240,Dubai,Economy,2025-05-01,82590.27
B00213,T0010,Goa,Premium,2026-09-03,14365.29
B00214,T0181,Bangalore,Business,2025-01-31,12136.33
B00215,T0091,Bangalore,Premium,2025-02-11,71543.21
B00216,T0128,Mumbai,Business,2025-03-04,51809.74
B00217,T0173,Goa,Premium,2025-12-06,97476.27
B00218,T0150,Dubai,Premium,2026-06-08,97683.8
B00219,T0182,Delhi,Premium,2025-01-21,68116.08
B00220,T0025,Goa,Premium,2026-07-15,67800.55
B00221,T0151,Goa,Economy,2025-03-29,111201.13
B00222,T0267,Delhi,Business,2025-10-27,51328.77
B00223,T0235,Delhi,Economy,2026-05-11,64812.5
B00224,T0282,Delhi,Economy,2025-12-29,48905.5
B00225,T0256,Bangalore,Premium,2025-09-29,11108.58
B00226,T0006,Delhi,Premium,2025-03-26,15585.7
B00227,T0127,Delhi,Economy,2026-08-27,12250.14
B00228,T0134,Bangalore,Business,2025-11-11,119536.6
B00229,T0146,Mumbai,Premium,2025-03-19,18847.68
B00230,T0269,Bangalore,Economy,2025-04-23,22608.63
B00231,T0208,Delhi,Economy,2025-03-21,49753.77
B00232,T0022,Goa,Business,2025-11-28,72472.37
B00233,T0079,Bangalore,Business,2026-01-21,118602.55
B00234,T0082,Delhi,Economy,2025-04-29,61135.98
B00235,T0033,Mumbai,Premium,2025-04-05,119838.58
B00236,T0049,Bangalore,Economy,2026-02-13,4886.19
B00237,T0281,Goa,Economy,2025-03-31,114754.98
B00238,T0168,Goa,Economy,2026-02-09,71366.87
B00239,T0293,Bangalore,Economy,2026-05-12,92616.32
B00240,T0273,Mumbai,Premium,2026-06-20,29522.12
B00241,T0300,Goa,Premium,2026-08-28,77686.76
B00242,T0016,Dubai,Premium,2026-06-15,68216.08
B00243,T0091,Dubai,Premium,2025-05-22,37837.14
B00244,T0012,Bangalore,Business,2026-04-09,87635.19
B00245,T0178,Delhi,Premium,2025-03-21,11174.97
B00246,T0216,Goa,Business,2025-10-23,59840.64
B00247,T0201,Bangalore,Economy,2025-07-15,45631.51
B00248,T0130,Mumbai,Economy,2025-08-07,76327.25
B00249,T0223,Bangalore,Economy,2025-03-08,87092.29
B00250,T0058,Bangalore,Premium,2025-03-03,87500.67
B00251,T0063,Delhi,Business,2026-04-26,5836.84
B00252,T0042,Goa,Economy,2025-09-01,65161.08
B00253,T0065,Delhi,Economy,2026-03-18,25901.14
B00254,T0056,Dubai,Business,2025-10-07,65279.96
B00255,T0045,Mumbai,Business,2026-06-23,15132.21
B00256,T0163,Dubai,Premium,2026-04-03,81664.59
B00257,T0219,Delhi,Business,2025-11-28,56400.2
B00258,T0100,Delhi,Economy,2025-03-05,82445.08
B00259,T0065,Delhi,Economy,2026-07-26,2146.04
B00260,T0168,Bangalore,Premium,2025-02-11,56651.18
B00261,T0068,Bangalore,Premium,2025-01-02,53767.73
B00262,T0206,Dubai,Business,2026-07-10,46552.53
B00263,T0259,Goa,Premium,2025-06-01,50668.43
B00264,T0055,Dubai,Economy,2025-10-04,24796.82
B00265,T0143,Dubai,Economy,2026-03-09,8024.99
B00266,T0016,Delhi,Business,2025-12-17,16727.24
B00267,T0066,Goa,Premium,2025-10-14,116382.59
B00268,T0266,Goa,Premium,2025-02-06,15196.56
B00269,T0207,Dubai,Economy,2025-10-03,100037.85
B00270,T0057,Bangalore,Economy,2025-01-14,32895.01
B00271,T0242,Delhi,Premium,2025-11-05,114020.43
B00272,T0117,Delhi,Business,2026-09-10,31248.73
B00273,T0213,Dubai,Business,2026-04-21,19908.92
B00274,T0067,Delhi,Economy,2025-06-18,4894.77
B00275,T0129,Mumbai,Economy,2026-06-01,103333.29
B00276,T0130,Dubai,Premium,2026-07-25,102546.21
B00277,T0118,Dubai,Business,2025-06-19,57406.62
B00278,T0090,Dubai,Economy,2026-08-21,28805.08
B00279,T0039,Delhi,Premium,2026-01-22,45405.44
B00280,T0293,Delhi,Business,2026-05-07,43794.45
B00281,T0272,Goa,Premium,2026-03-13,119050.48
B00282,T0086,Bangalore,Premium,2025-08-11,106265.71
B00283,T0023,Mumbai,Business,2025-03-05,8000.07
B00284,T0139,Goa,Business,2026-06-25,27668.21
B00285,T0001,Delhi,Premium,2025-09-14,38566.91
B00286,T0299,Bangalore,Economy,2025-10-02,105769.18
B00287,T0289,Dubai,Premium,2026-02-01,62766.82
B00288,T0283,Goa,Economy,2025-08-10,45514.83
B00289,T0203,Mumbai,Economy,2025-01-02,118753.62
B00290,T0034,Goa,Premium,2026-07-24,107865.0
B00291,T0106,Goa,Business,2026-01-16,62934.37
B00292,T0157,Goa,Economy,2026-09-08,36908.32
B00293,T0065,Dubai,Business,2025-12-07,56022.99
B00294,T0233,Goa,Premium,2026-02-18,64990.82
B00295,T0079,Bangalore,Premium,2025-05-29,53538.71
B00296,T0066,Mumbai,Business,2025-12-21,47230.21
B00297,T0079,Goa,Premium,2026-02-05,28738.0
B00298,T0176,Dubai,Business,2026-09-21,78613.09
B00299,T0298,Goa,Business,2025-01-31,61748.92
B00300,T0103,Goa,Economy,2025-11-02,70929.41
B00301,T0194,Dubai,Economy,2025-07-25,40591.39
B00302,T0229,Delhi,Premium,2025-03-19,118443.27
B00303,T0012,Delhi,Business,2025-07-28,81434.91
B00304,T0124,Dubai,Economy,2026-03-15,110326.65
B00305,T0263,Dubai,Economy,2025-03-23,25040.95
B00306,T0026,Bangalore,Premium,2025-07-30,38001.56
B00307,T0157,Delhi,Premium,2025-04-24,22519.78
B00308,T0293,Goa,Business,2026-04-22,104203.8
B00309,T0035,Bangalore,Economy,2026-09-25,46732.37
B00310,T0082,Dubai,Business,2025-01-08,104095.02
B00311,T0115,Dubai,Premium,2026-08-06,98718.09
B00312,T0183,Delhi,Business,2026-07-14,21706.86
B00313,T0096,Bangalore,Premium,2025-07-05,82483.55
B00314,T0183,Bangalore,Business,2026-09-27,77594.08
B00315,T0028,Mumbai,Business,2025-11-18,72808.42
B00316,T0272,Dubai,Business,2026-08-17,67460.51
B00317,T0008,Mumbai,Economy,2026-04-15,89405.3
B00318,T0192,Dubai,Economy,2025-06-20,54468.49
B00319,T0071,Mumbai,Premium,2026-04-21,38144.82
B00320,T0202,Dubai,Premium,2025-08-18,20596.14
B00321,T0077,Mumbai,Economy,2026-04-26,15079.69
B00322,T0232,Goa,Premium,2025-09-02,15681.6
B00323,T0256,Delhi,Business,2025-07-29,6719.4
B00324,T0240,Bangalore,Premium,2025-06-03,65507.65
B00325,T0030,Dubai,Economy,2025-12-29,81616.68
B00326,T0175,Bangalore,Business,2025-07-19,88683.78
B00327,T0161,Dubai,Premium,2026-08-23,84388.72
B00328,T0300,Mumbai,Economy,2026-03-07,59509.79
B00329,T0291,Delhi,Economy,2025-11-14,56587.72
B00330,T0111,Delhi,Business,2025-05-21,36734.77
B00331,T0128,Mumbai,Economy,2026-05-21,3482.87
B00332,T0273,Bangalore,Premium,2026-04-06,73018.03
B00333,T0005,Mumbai,Economy,2025-09-30,72358.72
B00334,T0186,Bangalore,Premium,2025-12-06,16746.79
B00335,T0031,Bangalore,Business,2026-03-09,98189.82
B00336,T0178,Bangalore,Business,2026-09-13,82481.53
B00337,T0128,Dubai,Economy,2026-01-23,30058.65
B00338,T0287,Delhi,Premium,2026-02-02,76994.9
B00339,T0021,Goa,Premium,2025-11-29,41463.07
B00340,T0010,Delhi,Economy,2025-10-30,11178.41
B00341,T0027,Delhi,Economy,2025-08-21,42685.0
B00342,T0228,Goa,Premium,2025-05-12,39679.95
B00343,T0049,Delhi,Economy,2025-10-11,49692.59
B00344,T0161,Dubai,Premium,2026-02-14,22860.53
B00345,T0249,Dubai,Business,2025-08-22,79178.71
B00346,T0291,Goa,Business,2026-03-03,73411.05
B00347,T0299,Dubai,Premium,2026-01-27,50212.49
B00348,T0167,Dubai,Premium,2026-01-19,36170.89
B00349,T0123,Bangalore,Economy,2026-09-07,81871.36
B00350,T0265,Bangalore,Premium,2026-04-05,57072.58
B00351,T0111,Delhi,Business,2026-02-14,2491.14
B00352,T0250,Goa,Economy,2025-08-25,43321.07
B00353,T0103,Dubai,Premium,2026-09-04,78898.34
B00354,T0171,Bangalore,Premium,2025-09-08,21925.14
B00355,T0040,Dubai,Economy,2025-09-11,38150.46
B00356,T0297,Goa,Business,2025-05-01,94657.32
B00357,T0155,Delhi,Economy,2025-12-29,79052.2
B00358,T0039,Bangalore,Premium,2026-06-07,19020.19
B00359,T0091,Dubai,Economy,2025-01-16,86005.66
B00360,T0263,Mumbai,Business,2026-07-07,49641.45
B00361,T0015,Bangalore,Premium,2026-01-04,38466.05
B00362,T0123,Bangalore,Economy,2026-01-18,63613.91
B00363,T0281,Dubai,Premium,2025-12-28,111652.5
B00364,T0294,Bangalore,Business,2025-04-14,92618.81
B00365,T0289,Dubai,Economy,2026-04-17,18798.01
B00366,T0265,Bangalore,Premium,2026-01-09,69988.71
B00367,T0038,Delhi,Premium,2026-04-15,27537.73
B00368,T0045,Delhi,Business,2025-05-04,82928.82
B00369,T0232,Mumbai,Premium,2026-07-09,42043.28
B00370,T0225,Bangalore,Economy,2026-04-12,91792.62
B00371,T0218,Delhi,Business,2025-02-08,83831.58
B00372,T0300,Delhi,Economy,2025-11-29,32632.56
B00373,T0300,Mumbai,Economy,2025-04-12,86501.27
B00374,T0032,Goa,Business,2026-05-01,22560.41
B00375,T0047,Delhi,Premium,2025-08-27,6381.19
B00376,T0070,Bangalore,Economy,2026-01-22,84392.58
B00377,T0051,Dubai,Economy,2025-10-31,67574.89
B00378,T0126,Mumbai,Premium,2025-02-24,107181.75
B00379,T0221,Dubai,Business,2025-07-17,86558.79
B00380,T0143,Dubai,Business,2026-08-05,93170.13
B00381,T0114,Mumbai,Premium,2025-01-26,59977.71
B00382,T0256,Mumbai,Business,2025-03-22,37127.26
B00383,T0119,Bangalore,Economy,2026-05-18,110168.7
B00384,T0219,Delhi,Business,2026-04-07,77381.58
B00385,T0151,Dubai,Economy,2026-03-22,65166.74
B00386,T0197,Goa,Business,2025-12-26,44513.44
B00387,T0102,Goa,Premium,2025-02-28,20928.36
B00388,T0168,Goa,Premium,2026-09-06,77990.63
B00389,T0089,Delhi,Business,2025-10-18,106083.37
B00390,T0026,Bangalore,Premium,2026-08-26,96828.39
B00391,T0272,Mumbai,Premium,2026-07-30,115210.18
B00392,T0126,Mumbai,Economy,2025-01-28,66617.27
B00393,T0232,Dubai,Premium,2025-11-22,67670.93
B00394,T0238,Goa,Economy,2026-06-12,46508.93
B00395,T0261,Dubai,Business,2025-12-11,40198.7
B00396,T0206,Goa,Business,2025-05-31,20080.57
B00397,T0122,Delhi,Premium,2025-02-16,81719.09
B00398,T0162,Mumbai,Business,2025-01-14,91011.2
B00399,T0006,Dubai,Business,2026-03-21,98004.35
B00400,T0168,Mumbai,Premium,2026-06-21,111615.23
B00401,T0163,Bangalore,Business,2026-04-21,4181.15
B00402,T0181,Bangalore,Economy,2026-09-12,105975.75
B00403,T0198,Mumbai,Business,2025-10-03,110975.17
B00404,T0287,Bangalore,Business,2026-02-01,116285.86
B00405,T0195,Mumbai,Premium,2026-09-09,68439.81
B00406,T0258,Bangalore,Economy,2026-02-18,113981.53
B00407,T0256,Delhi,Business,2026-04-26,5205.1
B00408,T0181,Goa,Business,2026-09-13,15433.36
B00409,T0244,Dubai,Economy,2026-05-16,90496.03
B00410,T0111,Mumbai,Business,2026-06-18,22348.72
B00411,T0035,Bangalore,Business,2025-10-06,43988.01
B00412,T0170,Dubai,Economy,2025-08-24,47546.13
B00413,T0190,Dubai,Premium,2026-07-23,52449.64
B00414,T0056,Delhi,Premium,2026-01-02,66080.55
B00415,T0186,Mumbai,Economy,2026-01-28,111676.6
B00416,T0180,Bangalore,Economy,2025-01-24,91774.56
B00417,T0249,Delhi,Premium,2026-04-17,53592.13
B00418,T0208,Mumbai,Premium,2025-07-01,78744.8
B00419,T0041,Goa,Business,2026-07-23,37347.21
B00420,T0223,Delhi,Economy,2025-11-01,28366.46
B00421,T0065,Mumbai,Premium,2025-05-03,77117.72
B00422,T0222,Goa,Premium,2025-02-17,45751.22
B00423,T0199,Dubai,Business,2025-12-23,49550.16
B00424,T0255,Dubai,Premium,2026-04-29,2393.52
B00425,T0024,Goa,Economy,2025-06-08,105945.85
B00426,T0096,Mumbai,Business,2026-01-20,45478.12
B00427,T0068,Dubai,Economy,2026-02-13,91017.66
B00428,T0141,Goa,Economy,2026-01-31,80660.5
B00429,T0167,Goa,Economy,2025-01-12,105077.65
B00430,T0200,Goa,Economy,2026-03-02,34489.62
B00431,T0156,Mumbai,Economy,2026-07-20,32764.82
B00432,T0187,Dubai,Business,2025-01-02,115606.52
B00433,T0210,Delhi,Premium,2025-09-28,5024.68
B00434,T0161,Delhi,Premium,2025-08-24,28429.37
B00435,T0289,Delhi,Economy,2026-03-13,18364.75
B00436,T0134,Mumbai,Economy,2025-03-12,44660.37
B00437,T0180,Goa,Premium,2025-08-23,79311.32
B00438,T0056,Goa,Premium,2025-06-09,101014.21
B00439,T0262,Delhi,Business,2025-02-15,80581.81
B00440,T0222,Goa,Business,2025-06-04,114004.23
B00441,T0168,Dubai,Premium,2025-07-15,100831.83
B00442,T0008,Mumbai,Business,2025-12-11,96894.49
B00443,T0214,Bangalore,Economy,2025-05-13,23717.34
B00444,T0246,Delhi,Business,2025-02-17,50701.35
B00445,T0180,Goa,Premium,2025-08-05,40551.89
B00446,T0163,Bangalore,Premium,2025-10-18,75097.21
B00447,T0049,Mumbai,Business,2025-02-07,60827.12
B00448,T0202,Bangalore,Premium,2026-08-25,111602.69
B00449,T0214,Dubai,Economy,2026-07-29,24986.13
B00450,T0276,Goa,Business,2025-09-21,62907.63
B00451,T0074,Goa,Business,2025-09-18,16186.7
B00452,T0112,Goa,Business,2025-08-13,31925.2
B00453,T0118,Mumbai,Economy,2025-08-27,118483.62
B00454,T0128,Dubai,Economy,2025-02-13,16582.78
B00455,T0142,Dubai,Business,2025-03-25,113817.77
B00456,T0270,Mumbai,Economy,2026-06-24,40549.04
B00457,T0146,Dubai,Business,2026-01-30,45588.81
B00458,T0108,Mumbai,Business,2025-02-12,84566.88
B00459,T0294,Dubai,Premium,2025-02-22,42555.35
B00460,T0095,Bangalore,Premium,2025-03-31,21017.79
B00461,T0269,Dubai,Premium,2025-03-12,23655.82
B00462,T0240,Mumbai,Economy,2025-10-12,94257.84
B00463,T0120,Bangalore,Premium,2026-06-16,19053.75
B00464,T0217,Mumbai,Economy,2025-10-23,48609.27
B00465,T0164,Delhi,Economy,2025-01-23,101346.42
B00466,T0107,Goa,Premium,2026-03-17,33700.82
B00467,T0095,Dubai,Economy,2026-07-05,106784.08
B00468,T0271,Mumbai,Economy,2026-06-14,77893.95
B00469,T0267,Goa,Business,2025-04-12,79381.51
B00470,T0035,Dubai,Business,2026-03-02,35708.64
B00471,T0090,Mumbai,Economy,2025-04-12,51028.17
B00472,T0093,Mumbai,Business,2026-08-01,73876.96
B00473,T0241,Mumbai,Premium,2026-01-21,17808.35
B00474,T0040,Dubai,Premium,2026-01-17,68118.55
B00475,T0154,Bangalore,Premium,2026-01-18,59395.8
B00476,T0164,Mumbai,Premium,2025-04-16,42770.6
B00477,T0123,Goa,Premium,2025-02-20,87390.71
B00478,T0052,Goa,Economy,2025-01-12,50764.68
B00479,T0200,Delhi,Economy,2025-05-11,58655.67
B00480,T0183,Goa,Economy,2026-04-11,50719.04
B00481,T0001,Dubai,Business,2025-08-27,100592.68
B00482,T0268,Mumbai,Premium,2025-01-03,118030.28
B00483,T0135,Delhi,Business,2025-06-12,114856.89
B00484,T0265,Dubai,Premium,2025-11-15,41143.22
B00485,T0222,Dubai,Economy,2025-08-25,76304.0
B00486,T0159,Mumbai,Economy,2026-05-03,76335.0
B00487,T0291,Bangalore,Premium,2026-08-17,17815.35
B00488,T0149,Mumbai,Economy,2025-09-19,37947.39
B00489,T0080,Bangalore,Economy,2025-12-07,27370.44
B00490,T0003,Bangalore,Economy,2026-05-16,49106.2
B00491,T0039,Delhi,Economy,2025-09-12,43963.25
B00492,T0207,Goa,Premium,2025-06-14,34260.03
B00493,T0007,Dubai,Business,2025-11-13,15720.79
B00494,T0094,Bangalore,Economy,2025-12-19,28595.51
B00495,T0027,Dubai,Business,2025-01-16,27258.13
B00496,T0280,Mumbai,Premium,2026-09-14,106803.67
B00497,T0106,Bangalore,Business,2025-07-10,68003.66
B00498,T0009,Delhi,Premium,2026-04-04,88512.84
B00499,T0169,Delhi,Economy,2025-11-28,33011.46
B00500,T0027,Goa,Premium,2026-03-29,19419.63
