traveler_id,traveler_name,home_city,traveler_type
T0001,Karan,Delhi,Corporate
T0002,Pooja,Pune,Leisure
T0003,Amit,Pune,Business
T0004,Amit,Mumbai,Leisure
T0005,Pooja,Patna,Business
T0006,Neha,Delhi,Business
T0007,Neha,Kolkata,Business
T0008,Amit,Mumbai,Corporate
T0009,Riya,Kolkata,Leisure
T0010,Riya,Patna,Business
T0011,Pooja,Kolkata,Corporate
T0012,Karan,Pune,Leisure
T0013,Riya,Mumbai,Corporate
T0014,Neha,Delhi,Corporate
T0015,Amit,Mumbai,Corporate
T0016,Amit,Pune,Corporate
T0017,Riya,Patna,Business
T0018,Riya,Delhi,Business
T0019,Karan,Kolkata,Leisure
T0020,Neha,Patna,Business
T0021,Neha,Kolkata,Corporate
T0022,Amit,Patna,Leisure
T0023,Riya,Pune,Business
T0024,Amit,Pune,Business
T0025,Karan,Delhi,Corporate
T0026,Karan,Kolkata,Leisure
T0027,Karan,Kolkata,Business
T0028,Pooja,Delhi,Business
T0029,Neha,Pune,Corporate
T0030,Pooja,Delhi,Leisure
T0031,Pooja,Patna,Business
T0032,Neha,Kolkata,Business
T0033,Karan,Delhi,Business
T0034,Amit,Delhi,Corporate
T0035,Riya,Pune,Business
T0036,Neha,Delhi,Leisure
T0037,Karan,Delhi,Business
T0038,Riya,Delhi,Corporate
T0039,Pooja,Pune,Leisure
T0040,Amit,Pune,Corporate
T0041,Riya,Mumbai,Business
T0042,Pooja,Delhi,Corporate
T0043,Pooja,Patna,Business
T0044,Neha,Kolkata,Leisure
T0045,Pooja,Mumbai,Business
T0046,Neha,Kolkata,Business
T0047,Riya,Kolkata,Corporate
T0048,Karan,Delhi,Leisure
T0049,Pooja,Kolkata,Corporate
T0050,Riya,Kolkata,Corporate
T0051,Amit,Mumbai,Business
T0052,Karan,Mumbai,Corporate
T0053,Karan,Mumbai,Corporate
T0054,Neha,Patna,Corporate
T0055,Amit,Kolkata,Leisure
T0056,Pooja,Delhi,Leisure
T0057,Pooja,Mumbai,Leisure
T0058,Karan,Pune,Corporate
T0059,Pooja,Pune,Corporate
T0060,Riya,Patna,Business
T0061,Neha,Kolkata,Business
T0062,Riya,Mumbai,Business
T0063,Pooja,Patna,Business
T0064,Karan,Delhi,Leisure
T0065,Karan,Delhi,Business
T0066,Pooja,Delhi,Corporate
T0067,Karan,Kolkata,Corporate
T0068,Riya,Patna,Business
T0069,Riya,Delhi,Leisure
T0070,Amit,Kolkata,Leisure
T0071,Karan,Kolkata,Business
T0072,Karan,Pune,Business
T0073,Riya,Kolkata,Corporate
T0074,Neha,Delhi,Business
T0075,Neha,Delhi,Business
T0076,Neha,Kolkata,Corporate
T0077,Pooja,Mumbai,Corporate
T0078,Amit,Delhi,Business
T0079,Pooja,Mumbai,Business
T0080,Pooja,Delhi,Corporate
T0081,Riya,Mumbai,Leisure
T0082,Neha,Pune,Corporate
T0083,Riya,Delhi,Corporate
T0084,Amit,Kolkata,Leisure
T0085,Karan,Patna,Business
T0086,Pooja,Patna,Corporate
T0087,Pooja,Mumbai,Business
T0088,Karan,Delhi,Leisure
T0089,Riya,Mumbai,Leisure
T0090,Amit,Mumbai,Leisure
T0091,Riya,Patna,Corporate
T0092,Riya,Pune,Leisure
T0093,Karan,Mumbai,Leisure
T0094,Amit,Pune,Corporate
T0095,Pooja,Pune,Corporate
T0096,Neha,Kolkata,Leisure
T0097,Riya,Delhi,Corporate
T0098,Karan,Patna,Corporate
T0099,Karan,Kolkata,Business
T0100,Riya,Patna,Business
T0101,Amit,Pune,Leisure
T0102,Pooja,Mumbai,Business
T0103,Karan,Patna,Corporate
T0104,Riya,Kolkata,Corporate
T0105,Karan,Pune,Business
T0106,Karan,Pune,Leisure
T0107,Neha,Delhi,Corporate
T0108,Amit,Mumbai,Business
T0109,Neha,Mumbai,Business
T0110,Karan,Kolkata,Leisure
T0111,Amit,Patna,Business
T0112,Amit,Pune,Leisure
T0113,Riya,Patna,Business
T0114,Riya,Mumbai,Corporate
T0115,Karan,Mumbai,Corporate
T0116,Karan,Delhi,Leisure
T0117,Riya,Patna,Leisure
T0118,Amit,Kolkata,Business
T0119,Karan,Delhi,Business
T0120,Amit,Delhi,Corporate
T0121,Riya,Pune,Leisure
T0122,Pooja,Kolkata,Business
T0123,Neha,Patna,Corporate
T0124,Karan,Delhi,Business
T0125,Riya,Pune,Corporate
T0126,Neha,Patna,Leisure
T0127,Neha,Kolkata,Corporate
T0128,Karan,Patna,Leisure
T0129,Pooja,Delhi,Corporate
T0130,Riya,Pune,Corporate
T0131,Riya,Kolkata,Corporate
T0132,Neha,Delhi,Corporate
T0133,Riya,Kolkata,Leisure
T0134,Pooja,Delhi,Corporate
T0135,Amit,Delhi,Leisure
T0136,Pooja,Delhi,Business
T0137,Neha,Patna,Leisure
T0138,Amit,Kolkata,Corporate
T0139,Amit,Patna,Business
T0140,Pooja,Kolkata,Business
T0141,Amit,Delhi,Business
T0142,Pooja,Pune,Corporate
T0143,Karan,Kolkata,Corporate
T0144,Pooja,Patna,Corporate
T0145,Karan,Pune,Business
T0146,Amit,Pune,Business
T0147,Pooja,Pune,Corporate
T0148,Neha,Delhi,Leisure
T0149,Amit,Patna,Leisure
T0150,Pooja,Mumbai,Leisure
T0151,Pooja,Mumbai,Business
T0152,Pooja,Pune,Leisure
T0153,Karan,Delhi,Leisure
T0154,Amit,Delhi,Business
T0155,Amit,Mumbai,Business
T0156,Riya,Delhi,Business
T0157,Amit,Patna,Business
T0158,Neha,Delhi,Business
T0159,Amit,Kolkata,Leisure
T0160,Neha,Mumbai,Leisure
T0161,Neha,Mumbai,Business
T0162,Riya,Pune,Leisure
T0163,Riya,Pune,Business
T0164,Karan,Pune,Corporate
T0165,Neha,Pune,Corporate
T0166,Amit,Patna,Business
T0167,Karan,Patna,Leisure
T0168,Riya,Mumbai,Corporate
T0169,Riya,Kolkata,Business
T0170,Neha,Pune,Leisure
T0171,Neha,Delhi,Corporate
T0172,Riya,Pune,Corporate
T0173,Pooja,Patna,Corporate
T0174,Pooja,Patna,Leisure
T0175,Amit,Kolkata,Business
T0176,Riya,Kolkata,Business
T0177,Neha,Mumbai,Corporate
T0178,Pooja,Pune,Corporate
T0179,Neha,Mumbai,Business
T0180,Amit,Patna,Corporate
T0181,Amit,Mumbai,Business
T0182,Neha,Mumbai,Corporate
T0183,Amit,Patna,Leisure
T0184,Riya,Pune,Corporate
T0185,Karan,Patna,Business
T0186,Neha,Delhi,Leisure
T0187,Neha,Delhi,Corporate
T0188,Neha,Delhi,Business
T0189,Karan,Kolkata,Corporate
T0190,Amit,Mumbai,Corporate
T0191,Karan,Patna,Corporate
T0192,Riya,Patna,Leisure
T0193,Pooja,Kolkata,Corporate
T0194,Amit,Pune,Business
T0195,Pooja,Patna,Business
T0196,Karan,Delhi,Leisure
T0197,Karan,Pune,Leisure
T0198,Amit,Patna,Business
T0199,Pooja,Patna,Corporate
T0200,Pooja,Patna,Leisure
T0201,Karan,Mumbai,Business
T0202,Riya,Kolkata,Corporate
T0203,Amit,Kolkata,Corporate
T0204,Karan,Pune,Business
T0205,Riya,Mumbai,Corporate
T0206,Amit,Patna,Corporate
T0207,Karan,Delhi,Corporate
T0208,Karan,Pune,Corporate
T0209,Amit,Pune,Business
T0210,Pooja,Delhi,Leisure
T0211,Pooja,Mumbai,Corporate
T0212,Amit,Delhi,Business
T0213,Karan,Kolkata,Corporate
T0214,Riya,Mumbai,Business
T0215,Pooja,Patna,Leisure
T0216,Karan,Delhi,Business
T0217,Karan,Patna,Corporate
T0218,Riya,Pune,Corporate
T0219,Pooja,Delhi,Corporate
T0220,Karan,Delhi,Corporate
T0221,Riya,Mumbai,Leisure
T0222,Pooja,Mumbai,Leisure
T0223,Neha,Pune,Corporate
T0224,Karan,Mumbai,Leisure
T0225,Karan,Kolkata,Business
T0226,Riya,Mumbai,Leisure
T0227,Riya,Mumbai,Business
T0228,Neha,Patna,Business
T0229,Riya,Mumbai,Leisure
T0230,Neha,Pune,Corporate
T0231,Pooja,Delhi,Corporate
T0232,Riya,Patna,Corporate
T0233,Neha,Mumbai,Business
T0234,Neha,Kolkata,Leisure
T0235,Karan,Pune,Leisure
T0236,Karan,Mumbai,Corporate
T0237,Karan,Mumbai,Leisure
T0238,Neha,Patna,Leisure
T0239,Pooja,Pune,Leisure
T0240,Neha,Patna,Business
T0241,Neha,Delhi,Corporate
T0242,Karan,Delhi,Leisure
T0243,Amit,Mumbai,Corporate
T0244,Karan,Pune,Business
T0245,Pooja,Delhi,Business
T0246,Amit,Pune,Leisure
T0247,Pooja,Delhi,Corporate
T0248,Neha,Patna,Leisure
T0249,Amit,Kolkata,Corporate
T0250,Pooja,Mumbai,Corporate
T0251,Amit,Delhi,Corporate
T0252,Riya,Mumbai,Business
T0253,Riya,Kolkata,Leisure
T0254,Riya,Pune,Business
T0255,Neha,Pune,Corporate
T0256,Amit,Patna,Leisure
T0257,Karan,Mumbai,Business
T0258,Karan,Kolkata,Leisure
T0259,Neha,Pune,Business
T0260,Riya,Mumbai,Corporate
T0261,Riya,Mumbai,Corporate
T0262,Neha,Delhi,Leisure
T0263,Riya,Patna,Corporate
T0264,Riya,Pune,Corporate
T0265,Karan,Mumbai,Leisure
T0266,Amit,Patna,Corporate
T0267,Amit,Patna,Business
T0268,Amit,Patna,Business
T0269,Neha,Mumbai,Corporate
T0270,Neha,Pune,Leisure
T0271,Riya,Patna,Corporate
T0272,Amit,Mumbai,Leisure
T0273,Neha,Patna,Leisure
T0274,Pooja,Delhi,Corporate
T0275,Karan,Kolkata,Business
T0276,Pooja,Kolkata,Leisure
T0277,Karan,Delhi,Business
T0278,Pooja,Delhi,Corporate
T0279,Karan,Delhi,Business
T0280,Karan,Kolkata,Corporate
T0281,Neha,Kolkata,Leisure
T0282,Neha,Patna,Corporate
T0283,Karan,Patna,Corporate
T0284,Pooja,Pune,Business
T0285,Neha,Kolkata,Corporate
T0286,Amit,Delhi,Corporate
T0287,Karan,Delhi,Leisure
T0288,Riya,Mumbai,Leisure
T0289,Riya,Mumbai,Business
T0290,Neha,Mumbai,Leisure
T0291,Riya,Pune,Business
T0292,Neha,Pune,Business
T0293,Neha,Mumbai,Business
T0294,Riya,Pune,Business
T0295,Riya,Pune,Business
T0296,Pooja,Delhi,Business
T0297,Riya,Mumbai,Business
T0298,Pooja,Pune,Corporate
T0299,Riya,Pune,Corporate
T0300,Amit,Kolkata,Business
