plant_id,plant_name,city,line
PL0001,Plant C,Bangalore,L4
PL0002,Plant D,Pune,L1
PL0003,Plant A,Noida,L4
PL0004,Plant C,Chennai,L3
PL0005,Plant D,Chennai,L2
PL0006,Plant A,Chennai,L3
PL0007,Plant C,Bangalore,L2
PL0008,Plant C,Pune,L3
PL0009,Plant B,Noida,L2
PL0010,Plant B,Noida,L4
PL0011,Plant B,Chennai,L3
PL0012,Plant A,Chennai,L3
PL0013,Plant D,Chennai,L2
PL0014,Plant C,Chennai,L3
PL0015,Plant D,Pune,L4
PL0016,Plant C,Bangalore,L3
PL0017,Plant C,Pune,L1
PL0018,Plant D,Noida,L2
PL0019,Plant B,Chennai,L3
PL0020,Plant A,Chennai,L4
PL0021,Plant D,Bangalore,L1
PL0022,Plant D,Bangalore,L3
PL0023,Plant A,Bangalore,L3
PL0024,Plant C,Chennai,L2
PL0025,Plant A,Chennai,L3
PL0026,Plant C,Noida,L3
PL0027,Plant D,Chennai,L1
PL0028,Plant D,Pune,L2
PL0029,Plant D,Noida,L1
PL0030,Plant B,Pune,L3
PL0031,Plant B,Pune,L2
PL0032,Plant A,Bangalore,L3
PL0033,Plant A,Pune,L4
PL0034,Plant D,Bangalore,L2
PL0035,Plant D,Bangalore,L1
PL0036,Plant D,Noida,L3
PL0037,Plant C,Noida,L3
PL0038,Plant C,Noida,L1
PL0039,Plant A,Bangalore,L1
PL0040,Plant D,Bangalore,L2
PL0041,Plant C,Bangalore,L2
PL0042,Plant D,Chennai,L1
PL0043,Plant B,Chennai,L3
PL0044,Plant B,Bangalore,L2
PL0045,Plant A,Pune,L2
PL0046,Plant A,Chennai,L4
PL0047,Plant C,Pune,L2
PL0048,Plant D,Bangalore,L2
PL0049,Plant A,Bangalore,L1
PL0050,Plant B,Chennai,L2
PL0051,Plant A,Chennai,L3
PL0052,Plant A,Chennai,L2
PL0053,Plant B,Chennai,L4
PL0054,Plant B,Bangalore,L3
PL0055,Plant B,Pune,L4
PL0056,Plant A,Bangalore,L2
PL0057,Plant D,Bangalore,L4
PL0058,Plant C,Bangalore,L3
PL0059,Plant C,Bangalore,L4
PL0060,Plant D,Pune,L2
PL0061,Plant A,Pune,L2
PL0062,Plant A,Chennai,L1
PL0063,Plant A,Chennai,L4
PL0064,Plant D,Bangalore,L3
PL0065,Plant A,Bangalore,L1
PL0066,Plant A,Bangalore,L3
PL0067,Plant B,Pune,L2
PL0068,Plant C,Bangalore,L1
PL0069,Plant A,Noida,L4
PL0070,Plant B,Chennai,L1
PL0071,Plant C,Noida,L4
PL0072,Plant D,Bangalore,L2
PL0073,Plant B,Bangalore,L4
PL0074,Plant A,Bangalore,L3
PL0075,Plant C,Noida,L4
PL0076,Plant D,Pune,L4
PL0077,Plant A,Bangalore,L3
PL0078,Plant D,Chennai,L2
PL0079,Plant D,Pune,L2
PL0080,Plant B,Noida,L1
PL0081,Plant C,Noida,L3
PL0082,Plant A,Pune,L1
PL0083,Plant A,Pune,L1
PL0084,Plant D,Pune,L4
PL0085,Plant B,Pune,L4
PL0086,Plant C,Pune,L2
PL0087,Plant B,Bangalore,L3
PL0088,Plant C,Pune,L3
PL0089,Plant D,Chennai,L2
PL0090,Plant D,Chennai,L3
PL0091,Plant A,Pune,L4
PL0092,Plant A,Noida,L1
PL0093,Plant D,Noida,L1
PL0094,Plant A,Pune,L3
PL0095,Plant C,Pune,L2
PL0096,Plant A,Noida,L3
PL0097,Plant A,Pune,L3
PL0098,Plant A,Pune,L2
PL0099,Plant D,Pune,L3
PL0100,Plant B,Bangalore,L1
PL0101,Plant C,Chennai,L4
PL0102,Plant B,Pune,L3
PL0103,Plant B,Chennai,L1
PL0104,Plant A,Pune,L2
PL0105,Plant A,Bangalore,L1
PL0106,Plant D,Chennai,L2
PL0107,Plant B,Chennai,L2
PL0108,Plant B,Chennai,L1
PL0109,Plant D,Pune,L1
PL0110,Plant D,Pune,L4
PL0111,Plant C,Bangalore,L3
PL0112,Plant C,Chennai,L4
PL0113,Plant A,Chennai,L2
PL0114,Plant D,Pune,L4
PL0115,Plant C,Noida,L2
PL0116,Plant A,Noida,L3
PL0117,Plant C,Pune,L4
PL0118,Plant A,Pune,L4
PL0119,Plant B,Noida,L2
PL0120,Plant C,Chennai,L1
PL0121,Plant B,Pune,L4
PL0122,Plant D,Pune,L2
PL0123,Plant B,Chennai,L4
PL0124,Plant A,Noida,L3
PL0125,Plant A,Pune,L2
PL0126,Plant B,Pune,L3
PL0127,Plant A,Pune,L4
PL0128,Plant C,Noida,L4
PL0129,Plant D,Bangalore,L1
PL0130,Plant C,Chennai,L2
PL0131,Plant A,Noida,L3
PL0132,Plant C,Pune,L1
PL0133,Plant A,Pune,L1
PL0134,Plant C,Chennai,L3
PL0135,Plant C,Bangalore,L1
PL0136,Plant C,Bangalore,L1
PL0137,Plant D,Noida,L3
PL0138,Plant B,Pune,L3
PL0139,Plant B,Noida,L3
PL0140,Plant B,Bangalore,L1
PL0141,Plant D,Chennai,L3
PL0142,Plant D,Noida,L4
PL0143,Plant A,Chennai,L4
PL0144,Plant D,Bangalore,L4
PL0145,Plant A,Pune,L1
PL0146,Plant A,Noida,L2
PL0147,Plant B,Chennai,L4
PL0148,Plant A,Pune,L3
PL0149,Plant B,Chennai,L3
PL0150,Plant C,Noida,L4
