production_id,plant_id,product,production_date,units,production_cost,defect_rate
PR00001,PL0116,Tablet,2026-03-22,3140,616174.06,1.91
PR00002,PL0112,Tablet,2025-04-03,1179,844576.53,2.25
PR00003,PL0119,Tablet,2026-06-09,2428,380035.54,7.03
PR00004,PL0071,Mobile,2025-06-19,2544,876160.92,7.91
PR00005,PL0098,Monitor,2026-08-27,1154,872457.83,4.45
PR00006,PL0076,Tablet,2026-09-08,9445,362937.67,11.41
PR00007,PL0100,Tablet,2025-06-15,8889,501608.26,8.44
PR00008,PL0107,Tablet,2026-07-31,2750,989089.78,7.64
PR00009,PL0075,TV,2025-07-16,146,414074.28,2.11
PR00010,PL0010,Laptop,2026-07-01,9495,69945.77,0.59
PR00011,PL0035,Laptop,2025-04-25,2770,30447.95,9.07
PR00012,PL0125,Tablet,2025-04-12,7387,381826.18,5.54
PR00013,PL0013,Monitor,2025-02-02,8251,628363.84,10.62
PR00014,PL0038,Mobile,2026-05-09,7497,755447.45,2.56
PR00015,PL0040,Monitor,2026-01-09,3640,472393.27,4.67
PR00016,PL0111,Tablet,2026-04-15,8880,157326.51,2.0
PR00017,PL0137,Mobile,2025-11-15,7145,726461.38,2.04
PR00018,PL0046,Laptop,2025-09-28,3365,208677.4,1.55
PR00019,PL0024,TV,2026-07-20,5696,617939.08,7.81
PR00020,PL0053,Mobile,2025-06-13,2213,113993.3,3.47
PR00021,PL0038,Laptop,2025-03-03,7976,448964.58,10.97
PR00022,PL0081,Monitor,2026-07-25,2864,585109.4,8.61
PR00023,PL0026,Laptop,2026-07-22,1082,981773.29,6.38
PR00024,PL0024,Mobile,2026-09-13,6059,664131.12,11.53
PR00025,PL0118,Tablet,2025-04-11,543,607698.05,7.64
PR00026,PL0070,TV,2025-12-31,1028,499757.77,0.51
PR00027,PL0098,Mobile,2025-12-07,7029,688456.29,11.04
PR00028,PL0129,Tablet,2025-07-26,6095,801777.03,7.28
PR00029,PL0020,TV,2025-03-01,7937,619893.11,3.86
PR00030,PL0020,Monitor,2026-07-19,8918,55429.16,3.51
PR00031,PL0108,Tablet,2025-06-20,8869,21486.7,0.3
PR00032,PL0070,TV,2026-04-04,6842,189169.55,10.1
PR00033,PL0137,Monitor,2025-01-24,9778,260850.47,8.58
PR00034,PL0117,Laptop,2025-06-19,1798,872622.47,6.35
PR00035,PL0104,Mobile,2026-08-13,6786,892498.91,2.79
PR00036,PL0044,Laptop,2025-11-13,6008,306457.03,11.19
PR00037,PL0068,Laptop,2025-11-04,4456,346428.76,6.25
PR00038,PL0083,Monitor,2025-05-22,9690,520332.3,9.87
PR00039,PL0077,Monitor,2026-06-04,4797,598543.91,3.84
PR00040,PL0092,Laptop,2026-01-26,7091,636302.6,7.89
PR00041,PL0131,Monitor,2025-05-15,5523,900178.59,11.12
PR00042,PL0053,Mobile,2026-05-02,6909,293268.01,3.03
PR00043,PL0113,TV,2025-06-19,9999,809219.52,1.24
PR00044,PL0012,Monitor,2026-03-27,4303,554843.56,6.09
PR00045,PL0150,Monitor,2026-03-11,1015,740959.06,0.21
PR00046,PL0015,Mobile,2026-08-19,8512,439124.71,0.82
PR00047,PL0103,Tablet,2026-07-01,5923,813109.91,10.78
PR00048,PL0024,Monitor,2025-10-31,2041,429147.18,11.83
PR00049,PL0135,Laptop,2026-01-23,7150,607988.12,7.19
PR00050,PL0110,Laptop,2025-03-26,7622,805006.52,2.28
PR00051,PL0142,Tablet,2025-05-31,5321,696456.44,9.92
PR00052,PL0024,Tablet,2026-01-12,4349,514024.41,10.8
PR00053,PL0026,TV,2026-04-22,1337,934485.73,5.48
PR00054,PL0132,TV,2025-01-25,2565,761210.55,1.62
PR00055,PL0149,Laptop,2026-04-10,1621,784004.94,3.22
PR00056,PL0050,TV,2025-02-08,5979,975908.44,6.56
PR00057,PL0119,Tablet,2025-09-27,9725,610728.83,1.56
PR00058,PL0061,Laptop,2025-10-25,3829,191609.02,11.62
PR00059,PL0015,Monitor,2026-01-13,1692,915770.09,3.71
PR00060,PL0147,Monitor,2025-05-19,9485,403881.86,3.55
PR00061,PL0148,Monitor,2026-01-27,6507,15457.66,6.4
PR00062,PL0097,Mobile,2025-01-17,6207,81749.21,4.08
PR00063,PL0112,Laptop,2025-04-19,5958,240583.61,4.89
PR00064,PL0038,Monitor,2026-04-04,717,461665.05,11.62
PR00065,PL0061,Mobile,2025-10-30,358,830869.04,5.67
PR00066,PL0011,Tablet,2026-04-07,8296,684560.76,7.12
PR00067,PL0109,Monitor,2025-04-02,8000,687882.08,9.86
PR00068,PL0112,Laptop,2026-04-22,2381,859477.81,1.21
PR00069,PL0020,Monitor,2026-02-22,3778,29521.54,1.56
PR00070,PL0112,Mobile,2025-07-20,2846,785419.56,8.02
PR00071,PL0052,TV,2025-12-11,9021,592165.03,8.48
PR00072,PL0055,TV,2025-03-24,2947,795595.54,6.33
PR00073,PL0057,Mobile,2025-10-23,5296,362897.61,8.39
PR00074,PL0030,Monitor,2026-06-16,3733,960305.0,7.9
PR00075,PL0022,TV,2026-01-01,5603,610711.87,9.9
PR00076,PL0150,Laptop,2026-03-20,945,175945.89,8.5
PR00077,PL0065,Laptop,2025-06-11,8866,265378.86,6.06
PR00078,PL0052,Monitor,2026-01-18,7867,512815.94,4.65
PR00079,PL0056,Monitor,2026-04-17,6074,739449.66,2.08
PR00080,PL0080,TV,2025-01-16,4182,343922.73,9.45
PR00081,PL0109,Tablet,2025-06-25,1756,348922.03,5.93
PR00082,PL0011,Tablet,2026-01-01,5260,679221.43,5.01
PR00083,PL0065,Tablet,2026-06-27,2489,442084.33,1.47
PR00084,PL0101,Monitor,2026-05-21,9511,203619.05,9.79
PR00085,PL0087,Laptop,2026-07-08,7198,707658.09,0.54
PR00086,PL0015,Mobile,2025-07-31,6938,404703.48,6.1
PR00087,PL0008,Mobile,2025-05-15,6091,625011.92,3.21
PR00088,PL0118,Monitor,2025-10-13,3565,417849.13,8.77
PR00089,PL0098,Laptop,2025-09-20,325,298880.42,7.83
PR00090,PL0050,Monitor,2026-09-11,3472,677284.06,8.12
PR00091,PL0056,TV,2026-08-17,4859,898728.2,9.95
PR00092,PL0065,TV,2025-07-17,8300,535802.83,3.29
PR00093,PL0105,TV,2025-07-28,4582,281144.08,5.07
PR00094,PL0003,Laptop,2026-04-19,9093,384347.43,0.94
PR00095,PL0085,Mobile,2026-08-05,3259,599687.16,0.8
PR00096,PL0142,Laptop,2026-05-09,557,148057.24,3.38
PR00097,PL0010,Laptop,2025-08-08,1964,320862.69,2.2
PR00098,PL0014,Mobile,2026-08-12,6846,57761.9,11.27
PR00099,PL0057,Tablet,2026-04-29,8667,698925.08,3.09
PR00100,PL0108,TV,2025-01-25,1234,696467.5,1.73
PR00101,PL0071,Tablet,2025-10-21,9584,315534.44,10.91
PR00102,PL0146,Monitor,2026-08-27,8174,849442.16,6.83
PR00103,PL0141,Tablet,2025-03-26,5487,58875.98,11.49
PR00104,PL0001,Tablet,2026-08-15,9752,124659.42,6.58
PR00105,PL0024,Tablet,2025-12-17,3624,763010.6,11.98
PR00106,PL0045,Mobile,2026-03-06,6934,651278.9,4.52
PR00107,PL0025,Monitor,2025-02-17,1656,96762.81,6.33
PR00108,PL0110,Tablet,2026-05-26,4138,339240.24,6.62
PR00109,PL0037,Monitor,2025-09-05,6989,143789.69,2.58
PR00110,PL0035,TV,2025-03-18,4593,718751.74,11.67
PR00111,PL0008,TV,2026-02-17,3483,236348.25,2.04
PR00112,PL0019,Laptop,2026-06-12,131,825865.32,11.28
PR00113,PL0004,Laptop,2025-09-20,5676,844406.98,11.41
PR00114,PL0017,Tablet,2025-11-20,4190,381014.11,2.46
PR00115,PL0128,Tablet,2026-04-11,4163,708049.97,11.75
PR00116,PL0113,TV,2026-04-12,5515,102218.08,3.94
PR00117,PL0103,TV,2025-08-12,8143,960767.68,10.25
PR00118,PL0104,Laptop,2026-03-04,706,435894.54,5.27
PR00119,PL0057,TV,2026-03-05,1930,311927.11,7.26
PR00120,PL0129,Mobile,2026-06-13,4968,84395.16,1.08
PR00121,PL0039,Tablet,2025-10-12,1637,597173.93,4.35
PR00122,PL0109,Laptop,2026-03-08,9729,291026.55,4.21
PR00123,PL0057,TV,2026-06-27,5913,388877.32,9.92
PR00124,PL0039,Tablet,2025-08-14,3173,351392.38,6.99
PR00125,PL0034,Laptop,2026-07-21,5325,604215.98,0.11
PR00126,PL0036,Tablet,2025-05-20,6081,178537.75,5.43
PR00127,PL0037,Tablet,2026-09-06,9170,912848.36,10.47
PR00128,PL0026,TV,2026-08-31,5858,429200.84,8.69
PR00129,PL0044,TV,2026-03-04,8433,210391.71,1.73
PR00130,PL0037,TV,2025-10-24,706,529379.51,11.32
PR00131,PL0116,Tablet,2025-03-31,7294,451668.9,4.51
PR00132,PL0034,TV,2026-04-05,2687,505889.25,4.81
PR00133,PL0010,Tablet,2026-01-12,9526,755418.57,11.63
PR00134,PL0033,Monitor,2025-02-13,8394,927075.75,9.17
PR00135,PL0136,Tablet,2026-06-02,1392,372093.39,1.74
PR00136,PL0106,Laptop,2025-08-04,4267,862669.42,11.91
PR00137,PL0041,Tablet,2026-08-23,1046,353980.7,1.07
PR00138,PL0148,TV,2025-07-31,5116,413036.72,3.91
PR00139,PL0036,Tablet,2026-05-21,5134,817319.6,11.0
PR00140,PL0099,TV,2025-10-10,1330,535297.83,6.44
PR00141,PL0076,Monitor,2025-07-14,2520,751817.42,3.02
PR00142,PL0006,Laptop,2025-03-17,6164,231247.23,8.02
PR00143,PL0025,Tablet,2025-02-16,2923,370662.35,9.18
PR00144,PL0090,Monitor,2025-02-14,9865,649674.02,1.05
PR00145,PL0116,Laptop,2026-02-23,6820,408626.91,5.59
PR00146,PL0024,TV,2026-07-13,6320,971300.14,10.73
PR00147,PL0139,Mobile,2025-01-08,904,49402.29,9.55
PR00148,PL0135,TV,2026-02-18,3833,734243.81,7.23
PR00149,PL0099,Mobile,2025-09-06,2105,729496.16,0.17
PR00150,PL0099,Mobile,2026-06-02,6189,114020.22,7.81
PR00151,PL0088,Mobile,2026-05-30,1307,425772.08,8.05
PR00152,PL0064,Laptop,2026-02-06,8995,457928.4,9.84
PR00153,PL0113,Mobile,2026-09-18,4143,848714.41,5.95
PR00154,PL0133,Laptop,2026-07-07,6972,160975.52,6.29
PR00155,PL0065,Laptop,2025-11-08,4753,989574.64,10.61
PR00156,PL0021,Tablet,2026-06-23,8392,350099.89,8.9
PR00157,PL0114,Mobile,2026-08-13,7379,186194.66,5.65
PR00158,PL0139,Laptop,2025-08-13,6928,326625.62,6.45
PR00159,PL0085,TV,2025-02-21,4512,824457.98,7.03
PR00160,PL0098,TV,2025-12-31,2010,837829.43,4.91
PR00161,PL0147,Laptop,2026-01-01,2075,406744.59,10.72
PR00162,PL0076,TV,2026-03-24,9078,748368.37,3.65
PR00163,PL0082,TV,2026-08-07,6521,640403.49,7.08
PR00164,PL0013,Mobile,2025-07-17,7973,98709.25,11.93
PR00165,PL0150,TV,2025-01-31,9049,55174.56,2.69
PR00166,PL0126,Monitor,2026-02-27,7538,399083.76,2.97
PR00167,PL0025,Laptop,2026-06-13,9775,426996.16,8.04
PR00168,PL0108,Mobile,2025-01-15,1522,415267.03,4.0
PR00169,PL0042,Tablet,2026-08-23,8780,229444.74,8.98
PR00170,PL0115,TV,2026-09-19,1408,585931.15,9.32
PR00171,PL0029,TV,2025-12-25,710,251579.73,9.57
PR00172,PL0122,Laptop,2025-04-06,6105,149806.87,4.53
PR00173,PL0142,Laptop,2025-05-24,3132,240937.47,10.65
PR00174,PL0045,TV,2025-01-31,9812,37427.27,11.86
PR00175,PL0012,Tablet,2025-03-21,6803,807257.51,6.15
PR00176,PL0061,Tablet,2026-02-03,1405,339459.76,2.53
PR00177,PL0037,Monitor,2025-10-15,3671,698912.9,7.05
PR00178,PL0015,TV,2026-03-19,4296,331955.61,10.34
PR00179,PL0038,Mobile,2025-01-23,3124,664135.5,1.13
PR00180,PL0095,Mobile,2025-09-21,4958,845251.03,2.41
PR00181,PL0010,Monitor,2026-02-17,797,553506.06,9.93
PR00182,PL0062,Tablet,2026-06-11,9160,12456.73,11.76
PR00183,PL0033,Mobile,2025-04-14,7834,144428.51,5.8
PR00184,PL0099,Mobile,2025-05-15,2204,680732.17,4.78
PR00185,PL0136,Monitor,2025-07-24,9777,116520.57,4.09
PR00186,PL0088,Monitor,2025-10-18,364,719693.35,1.33
PR00187,PL0105,Tablet,2025-11-19,406,771688.56,1.05
PR00188,PL0053,Tablet,2025-04-25,3645,581934.9,8.58
PR00189,PL0017,Mobile,2025-07-26,880,292997.48,1.4
PR00190,PL0144,TV,2025-01-01,3414,684282.31,11.08
PR00191,PL0023,Monitor,2025-10-03,8890,678800.07,8.5
PR00192,PL0136,Mobile,2026-08-30,7467,999843.04,5.89
PR00193,PL0025,Monitor,2025-05-25,3509,86953.48,4.84
PR00194,PL0004,Mobile,2026-06-01,6837,49540.82,5.52
PR00195,PL0034,Tablet,2026-01-19,9568,856557.69,3.18
PR00196,PL0041,Tablet,2026-08-13,6842,624263.38,4.33
PR00197,PL0144,TV,2025-09-17,4611,530732.96,6.17
PR00198,PL0052,Monitor,2026-03-22,4990,874492.38,2.09
PR00199,PL0073,Monitor,2025-08-17,1430,18989.2,3.92
PR00200,PL0021,Laptop,2025-12-09,1975,475606.89,0.92
PR00201,PL0135,TV,2026-09-04,1848,974356.51,0.91
PR00202,PL0063,Mobile,2025-05-03,9334,558535.5,11.6
PR00203,PL0022,Mobile,2025-02-10,541,520207.23,10.89
PR00204,PL0144,Tablet,2026-09-19,3571,892874.57,8.91
PR00205,PL0051,Tablet,2025-04-14,3174,564609.98,1.09
PR00206,PL0106,TV,2026-09-22,8432,654831.71,1.38
PR00207,PL0074,Mobile,2026-08-22,4335,181785.08,0.11
PR00208,PL0132,TV,2025-06-16,2077,971405.26,7.46
PR00209,PL0108,Laptop,2026-07-07,5242,227691.71,1.87
PR00210,PL0020,Mobile,2026-06-21,3564,522541.62,5.26
PR00211,PL0127,Laptop,2025-05-22,6628,422173.83,1.42
PR00212,PL0063,Laptop,2025-10-30,830,133909.48,4.62
PR00213,PL0033,Tablet,2025-03-14,8910,94662.81,10.57
PR00214,PL0140,Mobile,2025-11-28,3293,472324.58,6.35
PR00215,PL0048,Mobile,2025-03-27,8247,47067.88,9.93
PR00216,PL0004,Monitor,2026-09-12,2675,25460.44,11.07
PR00217,PL0049,Mobile,2026-04-25,1314,683228.94,9.95
PR00218,PL0102,Laptop,2025-04-05,6873,783062.17,7.05
PR00219,PL0076,Tablet,2025-06-17,1721,38592.0,11.14
PR00220,PL0062,TV,2025-08-29,5291,938043.57,8.16
PR00221,PL0128,TV,2026-01-18,5751,232825.27,2.11
PR00222,PL0038,Laptop,2025-08-09,6784,940505.37,0.95
PR00223,PL0129,Mobile,2025-12-05,8353,477178.53,9.19
PR00224,PL0019,Tablet,2025-09-27,3329,933466.63,6.17
PR00225,PL0092,Monitor,2025-05-29,8234,512286.82,2.22
PR00226,PL0007,Monitor,2025-07-12,8303,944460.04,3.72
PR00227,PL0141,Laptop,2025-12-19,3516,68890.57,10.49
PR00228,PL0070,Mobile,2025-07-06,478,603627.63,11.79
PR00229,PL0144,TV,2026-05-22,5715,105403.97,11.58
PR00230,PL0091,Mobile,2026-09-11,3474,585010.05,4.0
PR00231,PL0002,Tablet,2025-02-15,6740,725477.95,8.75
PR00232,PL0109,TV,2026-02-22,2069,963044.35,8.01
PR00233,PL0137,Tablet,2026-09-06,9051,27789.78,2.04
PR00234,PL0050,Laptop,2025-12-11,9689,118061.23,3.56
PR00235,PL0075,Laptop,2025-06-08,7271,216432.64,3.44
PR00236,PL0081,Tablet,2025-02-13,8223,752679.13,11.75
PR00237,PL0025,Monitor,2025-06-20,7446,369155.1,10.59
PR00238,PL0019,Laptop,2025-02-24,7771,515027.22,8.87
PR00239,PL0026,TV,2025-05-19,7527,425699.38,3.74
PR00240,PL0107,Laptop,2025-02-18,5968,170738.06,11.92
PR00241,PL0007,Mobile,2025-08-20,8333,610583.2,9.7
PR00242,PL0007,Mobile,2025-09-14,4196,979294.73,4.06
PR00243,PL0060,Laptop,2025-10-30,5368,737019.49,11.63
PR00244,PL0085,Monitor,2025-06-30,9949,847614.72,10.6
PR00245,PL0063,Laptop,2025-07-02,4384,591210.67,6.29
PR00246,PL0024,Mobile,2026-01-02,3346,306299.05,9.99
PR00247,PL0015,TV,2025-01-04,4233,660190.01,9.95
PR00248,PL0105,Mobile,2026-02-05,1665,815596.04,10.08
PR00249,PL0027,TV,2025-09-20,8275,70720.23,6.74
PR00250,PL0027,TV,2025-12-29,1296,216786.35,8.06
PR00251,PL0016,Laptop,2025-09-28,4933,537982.34,8.35
PR00252,PL0041,Monitor,2026-09-16,4254,675059.51,6.05
PR00253,PL0093,Monitor,2026-01-10,2165,185639.91,3.76
PR00254,PL0066,Mobile,2025-11-08,2715,643313.25,10.43
PR00255,PL0012,Mobile,2026-03-18,5937,199828.48,5.57
PR00256,PL0040,Laptop,2026-01-06,4728,310906.11,3.23
PR00257,PL0095,TV,2025-07-25,2917,27697.5,8.2
PR00258,PL0094,Mobile,2025-06-19,8933,151206.87,10.33
PR00259,PL0125,Tablet,2026-01-27,1522,64336.26,3.57
PR00260,PL0041,TV,2026-01-11,5847,341705.32,10.96
PR00261,PL0020,Monitor,2025-11-14,6001,250859.45,11.5
PR00262,PL0062,TV,2025-04-15,5422,566580.95,1.1
PR00263,PL0115,Tablet,2025-08-01,8138,870378.03,8.81
PR00264,PL0097,Monitor,2025-11-16,9124,42006.08,0.88
PR00265,PL0022,Laptop,2026-03-08,6370,716764.83,2.43
PR00266,PL0078,Laptop,2025-04-04,4541,277330.04,6.08
PR00267,PL0138,Monitor,2026-03-15,4929,510985.54,8.83
PR00268,PL0090,Mobile,2025-12-21,1754,527741.7,9.4
PR00269,PL0111,Mobile,2025-02-13,9695,413812.7,6.04
PR00270,PL0057,Mobile,2025-01-07,2581,464103.96,9.85
PR00271,PL0110,Laptop,2026-05-11,2616,387683.32,11.29
PR00272,PL0074,Mobile,2026-04-02,3656,489246.06,2.56
PR00273,PL0147,TV,2025-02-08,1156,990220.83,8.07
PR00274,PL0070,Monitor,2025-11-28,1906,77437.21,7.31
PR00275,PL0003,Tablet,2026-06-12,7174,228894.24,11.5
PR00276,PL0033,Mobile,2026-06-14,8767,467551.17,6.34
PR00277,PL0041,Laptop,2026-06-30,8975,874813.03,4.54
PR00278,PL0043,Monitor,2025-11-08,9436,219267.64,4.16
PR00279,PL0007,Monitor,2025-08-07,1905,40332.64,8.46
PR00280,PL0096,TV,2025-03-08,5855,622767.2,11.77
PR00281,PL0103,Monitor,2025-12-10,2292,75619.91,5.82
PR00282,PL0130,Tablet,2025-09-03,7009,223977.59,4.28
PR00283,PL0069,Monitor,2025-07-18,6200,908301.71,4.9
PR00284,PL0131,TV,2025-01-09,6648,312782.62,10.0
PR00285,PL0040,Mobile,2025-02-24,7303,835890.43,9.7
PR00286,PL0020,Monitor,2025-10-27,4340,853725.98,8.1
PR00287,PL0074,Tablet,2025-07-12,2881,642599.45,4.23
PR00288,PL0127,Laptop,2026-03-22,235,191969.44,8.34
PR00289,PL0143,Mobile,2025-01-08,7730,543991.71,6.56
PR00290,PL0112,Tablet,2025-08-21,8920,35486.88,0.56
PR00291,PL0104,Monitor,2025-03-07,8833,220295.46,6.36
PR00292,PL0108,Monitor,2025-10-26,475,721668.17,6.04
PR00293,PL0103,Laptop,2025-02-23,9294,166774.33,6.06
PR00294,PL0051,Mobile,2026-06-15,2000,645720.66,10.69
PR00295,PL0078,Laptop,2026-05-28,1983,654228.9,9.48
PR00296,PL0063,Mobile,2026-08-23,5785,791553.56,5.69
PR00297,PL0019,TV,2025-06-03,9332,109783.57,6.53
PR00298,PL0040,TV,2025-03-05,1803,89097.8,6.76
PR00299,PL0145,TV,2025-12-28,6117,347970.05,8.54
PR00300,PL0120,Mobile,2026-08-31,5894,999561.98,4.67
PR00301,PL0136,Tablet,2025-06-07,5692,614617.75,7.57
PR00302,PL0056,Laptop,2026-09-17,6770,204199.45,9.56
PR00303,PL0019,Tablet,2026-08-03,4407,856145.51,6.51
PR00304,PL0027,Mobile,2026-01-21,9605,438216.35,3.88
PR00305,PL0129,TV,2026-07-23,200,318350.1,9.77
PR00306,PL0012,Mobile,2025-01-22,4989,356834.52,9.48
PR00307,PL0010,Laptop,2025-08-12,8187,512579.17,5.45
PR00308,PL0027,Monitor,2025-11-12,650,998493.38,6.41
PR00309,PL0089,Tablet,2025-01-19,7487,413182.15,8.16
PR00310,PL0127,Laptop,2025-06-10,3725,726703.46,3.23
PR00311,PL0047,Monitor,2026-06-22,1968,260934.15,7.29
PR00312,PL0045,Monitor,2025-11-27,9195,228553.93,7.87
PR00313,PL0129,Monitor,2025-06-23,8123,645180.72,3.8
PR00314,PL0121,Tablet,2025-04-02,2324,979048.23,1.07
PR00315,PL0050,Monitor,2026-01-13,6233,335458.02,4.0
PR00316,PL0039,Mobile,2026-05-16,9544,176549.76,6.96
PR00317,PL0017,Monitor,2025-03-16,6754,191626.58,10.11
PR00318,PL0119,Laptop,2025-02-16,9148,883248.53,3.25
PR00319,PL0003,Mobile,2025-01-15,1328,694417.62,8.87
PR00320,PL0092,TV,2026-08-17,9759,359153.65,8.7
PR00321,PL0150,Monitor,2026-03-10,9609,482690.76,9.38
PR00322,PL0094,Tablet,2026-02-11,7458,316232.07,6.16
PR00323,PL0121,Tablet,2025-02-04,4127,465759.24,1.1
PR00324,PL0052,Monitor,2026-01-25,8628,194601.83,8.78
PR00325,PL0026,TV,2025-03-21,5844,282938.84,1.73
PR00326,PL0065,Mobile,2026-01-11,2283,784250.12,4.37
PR00327,PL0018,Tablet,2025-04-14,9307,226539.33,8.87
PR00328,PL0075,Mobile,2025-06-07,785,821545.82,2.09
PR00329,PL0073,TV,2026-03-03,6633,762872.31,10.23
PR00330,PL0114,Mobile,2025-12-08,3574,713961.41,7.44
PR00331,PL0038,Monitor,2025-02-08,2306,699045.14,10.55
PR00332,PL0029,Mobile,2026-07-02,814,784022.6,0.72
PR00333,PL0094,Tablet,2025-08-09,3124,81098.83,7.61
PR00334,PL0060,Tablet,2026-03-16,9801,62014.06,11.56
PR00335,PL0126,Monitor,2025-05-16,9002,725025.76,5.68
PR00336,PL0046,Laptop,2025-04-06,6775,469144.64,0.92
PR00337,PL0030,Tablet,2026-08-16,5742,955988.41,2.99
PR00338,PL0078,Laptop,2025-06-06,3652,320166.32,3.88
PR00339,PL0102,Monitor,2025-02-23,2164,303249.98,8.18
PR00340,PL0117,Mobile,2025-08-21,6987,483449.91,1.14
PR00341,PL0088,Laptop,2026-05-05,5701,188880.66,7.96
PR00342,PL0072,Laptop,2026-06-04,7802,14732.58,1.7
PR00343,PL0128,Monitor,2025-07-06,4839,570228.09,7.27
PR00344,PL0046,Tablet,2025-12-08,9135,792360.57,10.36
PR00345,PL0015,TV,2025-09-27,5917,331196.82,2.99
PR00346,PL0079,Laptop,2025-09-15,4567,95685.47,0.16
PR00347,PL0021,Tablet,2025-10-20,9066,425965.31,6.05
PR00348,PL0039,TV,2026-04-26,5592,359416.21,9.42
PR00349,PL0148,Monitor,2026-07-28,5027,985572.68,6.5
PR00350,PL0090,Mobile,2026-01-24,4955,998591.54,3.93
PR00351,PL0054,Tablet,2025-08-03,1362,275376.33,1.47
PR00352,PL0076,Laptop,2025-03-17,1269,56303.67,2.54
PR00353,PL0037,Monitor,2026-02-27,3331,942010.22,8.3
PR00354,PL0056,TV,2026-09-21,3844,877479.71,3.97
PR00355,PL0041,Laptop,2025-10-05,5297,475532.98,3.22
PR00356,PL0020,Laptop,2026-02-10,9720,71296.85,5.48
PR00357,PL0080,Laptop,2025-04-08,6119,32683.92,5.36
PR00358,PL0028,Monitor,2025-10-04,1036,299770.19,1.06
PR00359,PL0112,Mobile,2025-05-05,6892,668838.26,7.43
PR00360,PL0099,Monitor,2026-04-13,3733,245067.83,8.18
PR00361,PL0071,TV,2025-09-05,489,104841.38,11.1
PR00362,PL0093,Monitor,2026-09-30,984,471996.03,4.28
PR00363,PL0140,Tablet,2025-12-23,6402,622450.7,1.57
PR00364,PL0074,Monitor,2026-07-19,3021,962744.18,1.88
PR00365,PL0035,Mobile,2025-11-28,7166,89408.52,11.22
PR00366,PL0128,Laptop,2026-03-01,4282,950840.05,10.73
PR00367,PL0061,Monitor,2026-01-07,6339,607986.35,4.43
PR00368,PL0001,Laptop,2025-05-29,199,371875.11,10.05
PR00369,PL0117,Mobile,2026-06-09,3096,338346.5,7.53
PR00370,PL0061,TV,2026-09-16,5171,263818.35,8.31
PR00371,PL0006,Tablet,2025-08-24,3812,854982.76,11.12
PR00372,PL0051,Mobile,2025-02-05,1142,173150.86,2.07
PR00373,PL0018,Tablet,2025-09-26,7860,318648.59,9.58
PR00374,PL0141,Mobile,2026-06-29,3026,397148.02,8.17
PR00375,PL0033,TV,2026-05-15,6010,299439.27,0.21
PR00376,PL0108,Tablet,2026-02-27,7248,353249.37,2.11
PR00377,PL0081,Laptop,2026-01-07,1562,877334.01,3.9
PR00378,PL0130,Laptop,2025-11-02,9659,771980.18,4.94
PR00379,PL0080,Laptop,2025-02-24,1859,721105.64,0.83
PR00380,PL0079,TV,2025-05-05,1774,902585.84,4.94
PR00381,PL0118,TV,2025-03-25,6980,49850.28,10.76
PR00382,PL0066,Mobile,2025-11-22,1075,440876.67,2.71
PR00383,PL0075,Laptop,2026-05-10,886,907105.98,11.61
PR00384,PL0016,Monitor,2025-10-02,2901,880715.35,8.81
PR00385,PL0070,Laptop,2025-11-21,107,759909.95,6.89
PR00386,PL0148,Monitor,2025-11-29,7680,932065.18,7.12
PR00387,PL0106,Mobile,2025-05-08,4022,296964.93,6.57
PR00388,PL0146,Laptop,2026-07-21,5840,528295.49,1.76
PR00389,PL0104,Laptop,2026-01-21,6483,24602.03,1.0
PR00390,PL0130,Monitor,2026-08-09,9902,607080.48,7.14
PR00391,PL0074,Laptop,2025-03-27,9866,680767.17,2.02
PR00392,PL0042,Monitor,2026-03-04,2005,396134.18,6.98
PR00393,PL0127,TV,2025-11-27,5047,768510.33,3.81
PR00394,PL0025,Mobile,2026-09-06,900,546706.51,5.76
PR00395,PL0105,Laptop,2026-08-25,5793,609210.58,4.0
PR00396,PL0022,TV,2025-06-02,804,172412.97,7.14
PR00397,PL0065,TV,2026-06-26,4123,746426.91,10.87
PR00398,PL0006,Tablet,2026-04-14,760,101296.2,2.95
PR00399,PL0127,Monitor,2026-01-18,541,814315.62,0.53
PR00400,PL0104,Monitor,2025-11-26,8796,712157.25,10.91
PR00401,PL0010,Laptop,2025-01-14,5118,537163.23,6.82
PR00402,PL0040,Monitor,2025-04-27,4943,58380.32,3.68
PR00403,PL0140,Laptop,2025-10-08,3601,402038.05,9.01
PR00404,PL0131,TV,2025-09-09,3285,366257.31,0.43
PR00405,PL0143,TV,2025-08-10,574,328214.42,9.66
PR00406,PL0109,Monitor,2025-09-18,3293,980294.89,6.8
PR00407,PL0078,Mobile,2026-05-06,7660,972020.29,7.93
PR00408,PL0052,Tablet,2025-04-12,3016,627337.15,0.77
PR00409,PL0119,Tablet,2025-11-14,1462,365466.61,5.91
PR00410,PL0071,TV,2025-08-12,3942,541342.35,4.86
PR00411,PL0017,TV,2026-08-13,3603,568284.87,5.61
PR00412,PL0047,Tablet,2026-02-22,7666,79480.44,9.15
PR00413,PL0005,Mobile,2026-06-12,7150,187876.96,0.84
PR00414,PL0069,Tablet,2026-02-05,2122,361942.59,1.64
PR00415,PL0095,TV,2025-02-21,7747,786602.51,1.63
PR00416,PL0079,Laptop,2025-02-25,4017,701704.0,8.4
PR00417,PL0145,Mobile,2025-03-17,6717,531218.52,3.41
PR00418,PL0134,Laptop,2026-03-25,5688,394655.63,5.58
PR00419,PL0144,TV,2026-07-14,4430,272004.05,4.49
PR00420,PL0117,Tablet,2026-06-03,4125,171609.05,5.02
PR00421,PL0082,TV,2025-03-04,7247,433563.49,3.35
PR00422,PL0016,Mobile,2025-01-29,2342,236082.88,9.36
PR00423,PL0079,Monitor,2026-06-18,1081,996121.75,11.34
PR00424,PL0013,Monitor,2026-06-26,3710,31208.4,8.05
PR00425,PL0053,Laptop,2025-04-12,685,460874.08,2.34
PR00426,PL0003,Monitor,2025-01-09,1092,284829.92,7.99
PR00427,PL0143,Tablet,2025-03-01,7984,765434.04,3.48
PR00428,PL0050,Tablet,2025-07-03,4355,467200.19,1.24
PR00429,PL0142,Laptop,2026-08-31,5098,663056.49,3.64
PR00430,PL0013,Mobile,2025-09-04,3950,726104.17,3.0
PR00431,PL0082,Tablet,2026-04-22,7824,357332.65,11.26
PR00432,PL0103,Mobile,2025-05-11,5050,973068.2,9.55
PR00433,PL0093,Mobile,2026-06-06,1275,190448.19,11.8
PR00434,PL0030,Tablet,2026-05-13,1160,255362.23,8.33
PR00435,PL0005,Laptop,2025-04-26,7904,659309.08,10.99
PR00436,PL0030,Mobile,2026-02-24,3975,167507.29,3.5
PR00437,PL0116,TV,2025-09-04,1014,533441.88,4.46
PR00438,PL0102,Laptop,2026-02-13,1953,861328.79,11.47
PR00439,PL0121,Mobile,2025-03-13,3712,88272.62,9.34
PR00440,PL0080,TV,2026-06-03,9255,983951.73,11.48
PR00441,PL0034,Tablet,2025-12-04,7443,267460.24,4.65
PR00442,PL0021,Tablet,2026-02-14,606,615709.05,6.09
PR00443,PL0135,Laptop,2026-01-18,1262,64963.8,8.94
PR00444,PL0149,Mobile,2026-01-15,5970,20474.04,10.87
PR00445,PL0004,Tablet,2025-06-22,6779,240484.4,1.17
PR00446,PL0110,Laptop,2025-06-27,9983,292140.43,6.55
PR00447,PL0114,Tablet,2025-09-28,6990,885661.76,5.85
PR00448,PL0019,TV,2025-10-26,8769,406867.82,0.47
PR00449,PL0110,TV,2025-07-22,3294,624440.65,8.73
PR00450,PL0075,Tablet,2026-04-03,6355,399142.4,2.75
PR00451,PL0022,TV,2025-10-08,4824,998181.68,9.28
PR00452,PL0121,Laptop,2025-01-11,2366,968243.29,6.98
PR00453,PL0047,Laptop,2025-09-03,4491,161778.91,6.27
PR00454,PL0119,TV,2025-07-05,1778,126965.9,0.91
PR00455,PL0028,TV,2025-06-09,142,426711.21,9.08
PR00456,PL0132,TV,2025-07-27,3905,758464.9,2.69
PR00457,PL0091,TV,2026-05-23,6894,888625.23,5.47
PR00458,PL0116,Laptop,2026-07-01,2816,206350.67,9.22
PR00459,PL0105,Laptop,2026-08-21,6686,232442.83,5.11
PR00460,PL0117,TV,2025-01-04,4669,153773.71,10.32
PR00461,PL0083,Laptop,2025-12-04,7201,503646.88,11.89
PR00462,PL0141,Tablet,2025-01-11,5476,745750.25,5.15
PR00463,PL0017,Tablet,2026-01-26,4618,621028.51,5.53
PR00464,PL0034,Tablet,2025-10-18,2162,281948.35,0.97
PR00465,PL0090,Monitor,2026-06-16,3741,22749.52,4.91
PR00466,PL0148,Monitor,2026-08-08,3186,452820.45,8.92
PR00467,PL0095,Laptop,2026-09-13,1460,514297.54,6.35
PR00468,PL0037,Laptop,2026-02-14,2235,48299.26,11.07
PR00469,PL0137,Tablet,2025-08-10,4998,188740.69,4.34
PR00470,PL0072,Mobile,2025-01-10,3743,56720.45,7.19
PR00471,PL0083,Mobile,2025-08-01,2776,599741.37,1.27
PR00472,PL0039,Monitor,2026-08-13,7944,86507.31,8.99
PR00473,PL0036,Tablet,2026-08-20,863,548449.41,5.71
PR00474,PL0147,Laptop,2025-08-01,6443,617422.76,9.25
PR00475,PL0025,TV,2025-02-20,6109,387419.29,1.58
PR00476,PL0137,TV,2025-04-29,6611,602447.37,11.06
PR00477,PL0067,Tablet,2026-02-21,7644,436576.97,11.41
PR00478,PL0038,Mobile,2026-01-13,9603,358801.61,2.83
PR00479,PL0071,Tablet,2025-03-11,1607,568373.15,0.76
PR00480,PL0066,Mobile,2025-05-18,5429,426924.69,2.8
PR00481,PL0032,Tablet,2025-06-18,8053,377688.03,0.18
PR00482,PL0137,Mobile,2025-05-26,3778,969165.77,1.28
PR00483,PL0014,Laptop,2026-05-23,7952,743507.4,1.92
PR00484,PL0020,Laptop,2026-05-30,5507,261848.84,2.32
PR00485,PL0059,Monitor,2025-01-19,3592,234684.45,11.05
PR00486,PL0062,Mobile,2026-03-20,8378,193439.97,3.93
PR00487,PL0134,Mobile,2025-01-03,6466,270531.92,4.74
PR00488,PL0134,TV,2025-06-10,9290,927722.93,11.26
PR00489,PL0052,Monitor,2026-02-28,870,442375.03,10.43
PR00490,PL0075,Tablet,2026-04-27,2250,904205.29,6.48
PR00491,PL0023,Tablet,2026-04-01,2183,575601.3,7.13
PR00492,PL0124,Tablet,2026-07-18,6375,150786.33,0.21
PR00493,PL0149,Monitor,2025-05-10,2343,259010.28,8.34
PR00494,PL0124,Laptop,2025-07-29,7307,770081.74,4.86
PR00495,PL0127,TV,2025-09-27,6882,632741.9,3.59
PR00496,PL0105,Mobile,2026-04-24,2416,505925.46,8.82
PR00497,PL0098,Monitor,2025-02-22,5081,537647.04,10.95
PR00498,PL0110,Monitor,2025-04-17,1140,859919.65,3.11
PR00499,PL0038,Laptop,2026-01-09,9065,839714.1,5.79
PR00500,PL0050,Monitor,2025-06-09,3833,955198.61,6.58
