farm_id,farmer_name,district,crop_type
F0001,Ramesh,Buxar,Maize
F0002,Mahesh,Patna,Potato
F0003,Suresh,Nalanda,Potato
F0004,Suresh,Nalanda,Vegetable
F0005,Suresh,Nalanda,Wheat
F0006,Suresh,Patna,Rice
F0007,Sunita,Patna,Rice
F0008,Anita,Gaya,Potato
F0009,Mahesh,Patna,Potato
F0010,Anita,Nalanda,Potato
F0011,Mahesh,Patna,Vegetable
F0012,Ramesh,Gaya,Vegetable
F0013,Sunita,Arrah,Rice
F0014,Anita,Nalanda,Vegetable
F0015,Sunita,Gaya,Maize
F0016,Ramesh,Gaya,Wheat
F0017,Ramesh,Patna,Rice
F0018,Sunita,Gaya,Vegetable
F0019,Mahesh,Buxar,Maize
F0020,Sunita,Nalanda,Maize
F0021,Suresh,Arrah,Wheat
F0022,Sunita,Gaya,Wheat
F0023,Suresh,Nalanda,Vegetable
F0024,Sunita,Nalanda,Potato
F0025,Ramesh,Patna,Potato
F0026,Anita,Patna,Wheat
F0027,Sunita,Arrah,Potato
F0028,Mahesh,Gaya,Maize
F0029,Sunita,Gaya,Potato
F0030,Anita,Patna,Maize
F0031,Ramesh,Nalanda,Vegetable
F0032,Anita,Patna,Rice
F0033,Mahesh,Patna,Rice
F0034,Anita,Gaya,Vegetable
F0035,Suresh,Arrah,Vegetable
F0036,Mahesh,Buxar,Rice
F0037,Sunita,Gaya,Maize
F0038,Anita,Patna,Potato
F0039,Ramesh,Buxar,Maize
F0040,Ramesh,Gaya,Vegetable
F0041,Suresh,Patna,Maize
F0042,Suresh,Gaya,Vegetable
F0043,Mahesh,Nalanda,Vegetable
F0044,Mahesh,Patna,Maize
F0045,Suresh,Gaya,Maize
F0046,Sunita,Nalanda,Vegetable
F0047,Ramesh,Gaya,Vegetable
F0048,Sunita,Nalanda,Vegetable
F0049,Ramesh,Nalanda,Maize
F0050,Anita,Gaya,Maize
F0051,Sunita,Arrah,Potato
F0052,Mahesh,Buxar,Wheat
F0053,Suresh,Gaya,Maize
F0054,Ramesh,Buxar,Rice
F0055,Mahesh,Gaya,Potato
F0056,Ramesh,Nalanda,Wheat
F0057,Anita,Nalanda,Maize
F0058,Anita,Nalanda,Vegetable
F0059,Anita,Patna,Vegetable
F0060,Sunita,Nalanda,Wheat
F0061,Sunita,Gaya,Rice
F0062,Sunita,Gaya,Wheat
F0063,Anita,Gaya,Wheat
F0064,Sunita,Buxar,Rice
F0065,Sunita,Buxar,Wheat
F0066,Ramesh,Patna,Rice
F0067,Suresh,Patna,Maize
F0068,Suresh,Patna,Maize
F0069,Anita,Nalanda,Maize
F0070,Mahesh,Gaya,Potato
F0071,Anita,Gaya,Vegetable
F0072,Suresh,Nalanda,Vegetable
F0073,Anita,Arrah,Vegetable
F0074,Mahesh,Arrah,Potato
F0075,Ramesh,Gaya,Potato
F0076,Ramesh,Patna,Maize
F0077,Sunita,Patna,Vegetable
F0078,Sunita,Arrah,Vegetable
F0079,Anita,Nalanda,Wheat
F0080,Ramesh,Arrah,Vegetable
F0081,Ramesh,Gaya,Wheat
F0082,Anita,Nalanda,Potato
F0083,Ramesh,Patna,Rice
F0084,Ramesh,Patna,Wheat
F0085,Mahesh,Gaya,Potato
F0086,Anita,Nalanda,Maize
F0087,Anita,Nalanda,Potato
F0088,Mahesh,Patna,Potato
F0089,Mahesh,Nalanda,Potato
F0090,Sunita,Gaya,Maize
F0091,Ramesh,Patna,Rice
F0092,Anita,Arrah,Rice
F0093,Anita,Nalanda,Maize
F0094,Anita,Gaya,Vegetable
F0095,Ramesh,Patna,Rice
F0096,Anita,Arrah,Maize
F0097,Suresh,Patna,Wheat
F0098,Sunita,Buxar,Potato
F0099,Mahesh,Buxar,Maize
F0100,Ramesh,Patna,Vegetable
F0101,Ramesh,Nalanda,Vegetable
F0102,Anita,Patna,Rice
F0103,Mahesh,Nalanda,Wheat
F0104,Sunita,Arrah,Wheat
F0105,Anita,Nalanda,Maize
F0106,Sunita,Arrah,Potato
F0107,Anita,Nalanda,Potato
F0108,Suresh,Gaya,Wheat
F0109,Suresh,Arrah,Rice
F0110,Sunita,Patna,Vegetable
F0111,Ramesh,Arrah,Wheat
F0112,Sunita,Nalanda,Rice
F0113,Suresh,Patna,Rice
F0114,Anita,Patna,Wheat
F0115,Sunita,Patna,Rice
F0116,Ramesh,Buxar,Vegetable
F0117,Mahesh,Patna,Potato
F0118,Anita,Gaya,Vegetable
F0119,Suresh,Arrah,Maize
F0120,Sunita,Patna,Vegetable
F0121,Suresh,Patna,Maize
F0122,Suresh,Buxar,Potato
F0123,Anita,Gaya,Rice
F0124,Mahesh,Nalanda,Rice
F0125,Sunita,Arrah,Vegetable
F0126,Sunita,Patna,Vegetable
F0127,Anita,Buxar,Potato
F0128,Ramesh,Nalanda,Rice
F0129,Sunita,Nalanda,Vegetable
F0130,Anita,Nalanda,Rice
F0131,Ramesh,Arrah,Maize
F0132,Sunita,Gaya,Vegetable
F0133,Suresh,Gaya,Potato
F0134,Suresh,Arrah,Rice
F0135,Sunita,Gaya,Rice
F0136,Suresh,Arrah,Potato
F0137,Mahesh,Patna,Wheat
F0138,Sunita,Patna,Potato
F0139,Suresh,Nalanda,Rice
F0140,Ramesh,Patna,Vegetable
F0141,Ramesh,Patna,Potato
F0142,Mahesh,Buxar,Rice
F0143,Suresh,Patna,Wheat
F0144,Sunita,Patna,Maize
F0145,Sunita,Nalanda,Vegetable
F0146,Anita,Nalanda,Wheat
F0147,Suresh,Buxar,Maize
F0148,Mahesh,Arrah,Potato
F0149,Sunita,Gaya,Maize
F0150,Ramesh,Buxar,Maize
F0151,Ramesh,Arrah,Rice
F0152,Mahesh,Nalanda,Wheat
F0153,Anita,Arrah,Wheat
F0154,Anita,Patna,Rice
F0155,Sunita,Buxar,Maize
F0156,Anita,Arrah,Wheat
F0157,Anita,Arrah,Maize
F0158,Anita,Nalanda,Rice
F0159,Sunita,Gaya,Wheat
F0160,Sunita,Patna,Maize
F0161,Mahesh,Buxar,Potato
F0162,Mahesh,Arrah,Wheat
F0163,Ramesh,Gaya,Wheat
F0164,Suresh,Arrah,Potato
F0165,Anita,Gaya,Potato
F0166,Ramesh,Patna,Potato
F0167,Suresh,Patna,Rice
F0168,Sunita,Buxar,Rice
F0169,Suresh,Gaya,Rice
F0170,Ramesh,Gaya,Maize
F0171,Mahesh,Buxar,Potato
F0172,Anita,Nalanda,Rice
F0173,Suresh,Gaya,Vegetable
F0174,Mahesh,Gaya,Potato
F0175,Ramesh,Patna,Vegetable
F0176,Anita,Patna,Vegetable
F0177,Suresh,Patna,Vegetable
F0178,Anita,Nalanda,Wheat
F0179,Ramesh,Nalanda,Rice
F0180,Ramesh,Arrah,Potato
F0181,Ramesh,Arrah,Potato
F0182,Anita,Nalanda,Maize
F0183,Sunita,Nalanda,Vegetable
F0184,Anita,Gaya,Rice
F0185,Suresh,Nalanda,Vegetable
F0186,Suresh,Patna,Maize
F0187,Sunita,Gaya,Wheat
F0188,Anita,Buxar,Potato
F0189,Mahesh,Nalanda,Maize
F0190,Sunita,Buxar,Wheat
F0191,Mahesh,Arrah,Potato
F0192,Suresh,Nalanda,Rice
F0193,Suresh,Patna,Rice
F0194,Suresh,Patna,Wheat
F0195,Mahesh,Nalanda,Potato
F0196,Ramesh,Arrah,Potato
F0197,Ramesh,Patna,Rice
F0198,Mahesh,Nalanda,Vegetable
F0199,Anita,Buxar,Vegetable
F0200,Sunita,Patna,Wheat
F0201,Mahesh,Arrah,Maize
F0202,Anita,Arrah,Potato
F0203,Suresh,Gaya,Potato
F0204,Anita,Gaya,Vegetable
F0205,Suresh,Gaya,Wheat
F0206,Ramesh,Gaya,Rice
F0207,Anita,Patna,Vegetable
F0208,Anita,Patna,Rice
F0209,Suresh,Patna,Rice
F0210,Mahesh,Patna,Potato
F0211,Ramesh,Gaya,Maize
F0212,Mahesh,Patna,Rice
F0213,Mahesh,Gaya,Wheat
F0214,Anita,Gaya,Maize
F0215,Anita,Gaya,Wheat
F0216,Suresh,Gaya,Vegetable
F0217,Sunita,Patna,Maize
F0218,Suresh,Gaya,Wheat
F0219,Mahesh,Patna,Maize
F0220,Ramesh,Patna,Rice
F0221,Suresh,Nalanda,Maize
F0222,Ramesh,Buxar,Maize
F0223,Sunita,Gaya,Rice
F0224,Ramesh,Gaya,Potato
F0225,Suresh,Buxar,Wheat
F0226,Suresh,Gaya,Rice
F0227,Ramesh,Arrah,Wheat
F0228,Ramesh,Arrah,Vegetable
F0229,Mahesh,Nalanda,Wheat
F0230,Anita,Arrah,Rice
F0231,Sunita,Buxar,Wheat
F0232,Suresh,Buxar,Potato
F0233,Mahesh,Arrah,Potato
F0234,Anita,Gaya,Vegetable
F0235,Sunita,Patna,Vegetable
F0236,Mahesh,Gaya,Wheat
F0237,Ramesh,Nalanda,Maize
F0238,Suresh,Buxar,Potato
F0239,Suresh,Arrah,Vegetable
F0240,Sunita,Arrah,Potato
F0241,Suresh,Patna,Maize
F0242,Ramesh,Arrah,Rice
F0243,Suresh,Buxar,Potato
F0244,Sunita,Gaya,Vegetable
F0245,Sunita,Gaya,Vegetable
F0246,Suresh,Arrah,Vegetable
F0247,Anita,Patna,Vegetable
F0248,Ramesh,Gaya,Potato
F0249,Anita,Buxar,Potato
F0250,Ramesh,Arrah,Rice
F0251,Sunita,Patna,Rice
F0252,Sunita,Gaya,Potato
F0253,Anita,Buxar,Vegetable
F0254,Anita,Arrah,Potato
F0255,Suresh,Nalanda,Potato
F0256,Suresh,Arrah,Rice
F0257,Ramesh,Nalanda,Potato
F0258,Sunita,Nalanda,Vegetable
F0259,Suresh,Gaya,Wheat
F0260,Ramesh,Arrah,Rice
F0261,Mahesh,Nalanda,Wheat
F0262,Suresh,Nalanda,Wheat
F0263,Anita,Arrah,Wheat
F0264,Sunita,Arrah,Potato
F0265,Mahesh,Arrah,Vegetable
F0266,Ramesh,Nalanda,Potato
F0267,Sunita,Gaya,Maize
F0268,Ramesh,Patna,Maize
F0269,Sunita,Arrah,Maize
F0270,Mahesh,Patna,Potato
F0271,Suresh,Nalanda,Maize
F0272,Sunita,Buxar,Vegetable
F0273,Mahesh,Buxar,Rice
F0274,Suresh,Buxar,Potato
F0275,Anita,Nalanda,Wheat
F0276,Sunita,Buxar,Wheat
F0277,Mahesh,Patna,Rice
F0278,Ramesh,Buxar,Vegetable
F0279,Suresh,Patna,Potato
F0280,Anita,Buxar,Rice
F0281,Suresh,Arrah,Vegetable
F0282,Mahesh,Arrah,Potato
F0283,Sunita,Arrah,Wheat
F0284,Anita,Buxar,Vegetable
F0285,Anita,Nalanda,Rice
F0286,Mahesh,Patna,Vegetable
F0287,Ramesh,Nalanda,Maize
F0288,Sunita,Patna,Wheat
F0289,Ramesh,Buxar,Vegetable
F0290,Anita,Buxar,Vegetable
F0291,Anita,Gaya,Wheat
F0292,Mahesh,Nalanda,Vegetable
F0293,Suresh,Arrah,Rice
F0294,Anita,Arrah,Vegetable
F0295,Sunita,Arrah,Maize
F0296,Mahesh,Nalanda,Maize
F0297,Ramesh,Arrah,Vegetable
F0298,Anita,Arrah,Potato
F0299,Sunita,Patna,Wheat
F0300,Sunita,Arrah,Vegetable
