harvest_id,farm_id,harvest_date,yield_kg,revenue,water_liters
H00001,F0029,2026-04-11,5015.18,482129.77,467875.49
H00002,F0167,2026-03-19,11611.41,203133.59,322294.36
H00003,F0087,2026-03-28,41867.49,193804.24,332789.17
H00004,F0150,2026-09-10,37930.5,348499.16,338764.74
H00005,F0215,2025-08-21,3403.13,320476.7,339899.05
H00006,F0276,2025-06-13,21394.93,447344.19,163305.82
H00007,F0042,2026-01-21,44951.13,187735.65,69574.3
H00008,F0048,2025-04-02,40747.32,495150.11,42589.21
H00009,F0212,2026-07-04,46015.02,19539.31,292530.23
H00010,F0077,2025-04-16,11865.26,118949.37,436451.94
H00011,F0022,2026-02-07,43331.18,411486.65,374858.2
H00012,F0036,2026-02-11,24837.86,480953.05,91169.37
H00013,F0220,2025-08-10,26537.03,236964.73,263940.25
H00014,F0029,2025-04-29,2494.94,462285.31,183147.69
H00015,F0158,2026-02-20,16144.77,488012.1,459488.61
H00016,F0026,2026-04-11,28361.62,287184.89,306641.86
H00017,F0127,2026-01-27,11927.17,176528.46,466622.02
H00018,F0219,2025-07-24,26603.35,77556.54,133785.85
H00019,F0222,2026-03-24,12171.07,360606.43,291352.97
H00020,F0032,2025-06-12,49134.01,293201.61,270397.16
H00021,F0200,2025-08-10,47674.91,26092.74,282147.01
H00022,F0257,2025-11-17,10926.67,180365.51,489954.97
H00023,F0247,2025-09-09,23196.84,187403.06,122719.2
H00024,F0130,2025-10-15,34271.94,267547.36,412375.33
H00025,F0173,2025-08-25,49420.08,360772.31,94759.93
H00026,F0003,2026-04-28,14528.61,119895.25,124025.06
H00027,F0229,2025-04-09,25415.41,375098.57,448291.3
H00028,F0072,2025-03-21,24163.7,176022.24,399027.05
H00029,F0009,2026-02-10,22508.03,12241.05,77583.85
H00030,F0287,2025-09-26,32892.7,329550.18,216505.85
H00031,F0240,2025-05-23,30593.41,359101.91,129730.3
H00032,F0198,2025-07-27,20851.68,151310.95,254556.5
H00033,F0158,2026-02-08,25647.94,477601.79,394720.74
H00034,F0210,2026-05-19,34413.12,398783.67,312708.86
H00035,F0250,2025-11-16,2879.1,112729.97,216542.3
H00036,F0059,2026-07-18,43613.38,165845.01,210097.65
H00037,F0222,2026-07-04,10716.41,21870.36,3633.38
H00038,F0229,2026-08-08,22889.71,464756.18,473953.65
H00039,F0113,2026-04-23,31316.46,369526.53,235170.0
H00040,F0157,2025-02-16,9760.31,355883.25,22171.55
H00041,F0177,2025-07-07,22855.61,404898.08,306704.98
H00042,F0060,2025-07-21,46394.84,364810.98,19510.87
H00043,F0249,2025-03-28,4308.03,360323.99,439627.87
H00044,F0269,2026-01-15,38456.49,109062.11,284607.81
H00045,F0073,2025-06-02,19877.97,450447.4,26825.15
H00046,F0155,2026-05-20,14484.15,388738.92,262966.48
H00047,F0105,2026-05-05,43718.33,10931.98,179024.97
H00048,F0093,2025-03-28,13577.04,272258.32,418785.83
H00049,F0266,2025-02-27,257.16,43373.43,107474.11
H00050,F0171,2025-02-28,45763.05,100112.08,468654.33
H00051,F0045,2025-10-15,38744.73,247626.03,373272.1
H00052,F0060,2026-08-19,21805.08,218767.97,29737.8
H00053,F0076,2026-07-28,13783.49,408712.96,100840.71
H00054,F0063,2026-01-03,3933.56,287391.73,444343.84
H00055,F0140,2025-09-17,23833.1,261794.9,140025.06
H00056,F0247,2025-05-08,35042.39,487731.83,268154.47
H00057,F0087,2026-04-30,8899.97,36486.23,261679.29
H00058,F0079,2026-06-01,32583.78,412209.98,25793.92
H00059,F0258,2026-01-09,19481.8,477941.74,392962.35
H00060,F0294,2025-06-02,48076.75,448819.45,279452.8
H00061,F0065,2025-07-28,40748.46,413190.25,21946.89
H00062,F0065,2026-07-23,1592.95,342537.6,31275.08
H00063,F0247,2025-02-04,11109.46,187348.97,206736.87
H00064,F0027,2025-08-15,12103.83,152366.06,18692.76
H00065,F0088,2025-11-15,15969.73,325541.19,136729.33
H00066,F0030,2026-09-22,20690.89,341815.57,487118.5
H00067,F0107,2025-04-16,27464.59,276140.55,225877.43
H00068,F0183,2025-11-13,15364.92,336911.8,92598.77
H00069,F0096,2025-02-16,19116.75,282504.65,110603.51
H00070,F0059,2026-04-19,42998.51,457762.15,207526.67
H00071,F0184,2025-02-16,13203.75,373724.51,429844.56
H00072,F0112,2026-01-12,49812.45,462673.82,198665.44
H00073,F0021,2025-02-22,36770.02,116457.09,446452.43
H00074,F0158,2026-06-15,19936.24,118637.66,273714.62
H00075,F0072,2025-08-13,24518.15,417076.85,6682.42
H00076,F0174,2025-02-15,39883.51,373497.33,372709.18
H00077,F0112,2025-11-29,32795.02,200800.29,287469.54
H00078,F0275,2025-01-08,8731.93,388385.35,71924.47
H00079,F0029,2025-08-29,28698.5,51424.21,377088.27
H00080,F0175,2025-11-20,18294.8,358959.71,206792.4
H00081,F0161,2026-04-21,30340.27,310235.02,208932.81
H00082,F0125,2025-03-12,45128.75,254650.67,434481.74
H00083,F0159,2026-04-27,23477.3,213453.25,251080.95
H00084,F0035,2025-03-06,36807.05,401321.54,395764.96
H00085,F0278,2025-06-21,34012.24,419430.92,486307.43
H00086,F0017,2025-04-29,42149.85,69203.52,52301.98
H00087,F0087,2025-11-13,38928.95,136975.11,409286.36
H00088,F0067,2025-06-11,44539.7,271520.25,386425.61
H00089,F0171,2026-05-31,22635.82,159912.98,408072.44
H00090,F0079,2025-08-20,40432.89,179373.83,66373.01
H00091,F0008,2025-03-18,8640.37,312908.6,172766.88
H00092,F0106,2025-10-06,47712.92,228680.71,270932.81
H00093,F0127,2025-09-12,48806.11,189577.13,152950.24
H00094,F0295,2025-09-19,26990.49,447893.65,424149.09
H00095,F0217,2025-08-27,47283.69,90903.18,439270.19
H00096,F0210,2026-08-04,34831.99,196852.6,151254.26
H00097,F0205,2026-03-25,22438.89,400124.55,48278.15
H00098,F0188,2025-09-09,37095.46,69115.81,396730.8
H00099,F0230,2025-07-17,590.85,467798.26,180247.73
H00100,F0252,2026-09-06,30378.43,371795.01,460742.78
H00101,F0291,2025-12-12,45464.6,54210.09,333842.52
H00102,F0273,2026-03-24,40462.75,388136.43,236319.01
H00103,F0125,2026-04-23,3809.97,55942.93,250112.11
H00104,F0173,2025-11-21,552.08,323625.81,152002.52
H00105,F0287,2026-08-12,46494.69,306543.56,164916.58
H00106,F0282,2025-12-19,44731.17,148111.99,131610.6
H00107,F0147,2026-03-28,35350.29,112879.21,372000.6
H00108,F0012,2026-07-02,44131.98,173959.87,389658.96
H00109,F0249,2025-04-30,5224.04,42143.07,345739.69
H00110,F0151,2025-06-05,36205.95,28314.1,7132.77
H00111,F0236,2025-04-17,15938.28,244807.37,355700.32
H00112,F0037,2025-08-12,10740.67,17812.02,237205.05
H00113,F0292,2025-05-27,49701.9,326247.55,421581.36
H00114,F0141,2026-02-17,32160.41,266052.45,432120.72
H00115,F0218,2025-02-16,10635.56,252828.08,220606.78
H00116,F0196,2025-12-03,41491.82,404215.52,215681.56
H00117,F0034,2025-05-13,17808.15,158222.83,17609.46
H00118,F0062,2026-09-22,44184.42,224674.23,118568.22
H00119,F0215,2025-09-14,45171.23,7355.76,210394.7
H00120,F0217,2026-01-07,26703.33,249171.08,219946.75
H00121,F0196,2026-01-26,42836.63,114639.98,211805.01
H00122,F0257,2026-02-11,40020.73,233295.94,285765.72
H00123,F0101,2026-03-24,14691.91,224092.96,147251.42
H00124,F0149,2025-01-25,49435.74,83100.64,251950.4
H00125,F0280,2025-04-19,2060.43,163672.34,68914.12
H00126,F0060,2026-08-20,9220.62,71444.04,67812.45
H00127,F0206,2025-08-07,10065.28,425707.85,185049.04
H00128,F0006,2026-09-03,37473.23,270391.43,13670.72
H00129,F0116,2025-05-14,6474.48,256887.87,371647.75
H00130,F0176,2026-01-07,10029.12,247423.93,476746.68
H00131,F0257,2026-03-01,2831.58,74699.46,382691.18
H00132,F0281,2025-12-07,2093.33,171501.14,312260.9
H00133,F0234,2026-05-13,22222.06,85080.5,384958.32
H00134,F0268,2025-12-24,35651.6,33119.12,424951.2
H00135,F0260,2026-03-26,34269.77,109568.47,22461.25
H00136,F0149,2025-03-22,49095.66,146447.81,363772.44
H00137,F0068,2026-07-28,31281.17,232972.19,3042.05
H00138,F0103,2026-04-20,22672.39,75897.85,388761.7
H00139,F0270,2026-08-26,15185.1,452385.03,68001.38
H00140,F0235,2026-08-19,42380.37,50946.64,119696.07
H00141,F0062,2026-08-20,10203.68,406970.31,472766.42
H00142,F0051,2026-05-12,36346.11,428613.7,421956.77
H00143,F0275,2026-05-29,19523.09,288455.24,269682.03
H00144,F0126,2025-05-08,11267.89,239296.49,205217.12
H00145,F0126,2025-10-08,12523.16,36327.91,283212.45
H00146,F0001,2025-07-01,33514.02,139109.87,123136.37
H00147,F0226,2026-02-08,40717.76,477552.56,375933.3
H00148,F0161,2025-06-25,14074.38,191525.2,184478.26
H00149,F0263,2025-06-13,48513.16,52960.45,418780.89
H00150,F0014,2026-03-11,44221.49,454058.44,413387.92
H00151,F0106,2026-05-04,12580.52,436177.98,429480.7
H00152,F0277,2025-11-08,29844.23,496151.38,383311.95
H00153,F0043,2025-07-09,41754.91,431996.42,496260.26
H00154,F0134,2026-09-27,46242.13,250234.23,216983.6
H00155,F0148,2026-08-21,13241.98,60026.07,238529.18
H00156,F0248,2026-07-11,46569.31,485759.95,37659.6
H00157,F0240,2025-02-25,44426.05,266078.01,144112.29
H00158,F0089,2025-12-07,28397.8,73123.0,317352.95
H00159,F0172,2026-06-25,45175.01,269358.63,120260.91
H00160,F0160,2026-06-03,36598.91,292366.61,101477.66
H00161,F0090,2026-02-19,28926.44,197009.56,201778.68
H00162,F0253,2025-04-15,2468.78,335874.81,153954.36
H00163,F0028,2025-01-11,27861.41,396253.97,191178.31
H00164,F0184,2026-05-15,23799.7,115180.19,276153.95
H00165,F0004,2025-11-18,9749.91,409744.03,400512.75
H00166,F0219,2025-03-06,31171.78,135546.65,401250.44
H00167,F0054,2025-04-11,44474.43,86855.51,395618.98
H00168,F0041,2026-05-04,20248.45,358338.38,347197.63
H00169,F0201,2026-05-21,24163.8,464159.93,314417.25
H00170,F0297,2026-04-22,41853.27,417452.36,2570.1
H00171,F0218,2025-04-18,28355.02,230584.28,299246.22
H00172,F0063,2025-07-24,19220.64,178053.8,323681.55
H00173,F0270,2026-08-03,49488.55,21454.06,272418.8
H00174,F0141,2025-03-18,44348.01,42031.74,456146.86
H00175,F0215,2025-07-29,9777.44,245500.09,412620.51
H00176,F0258,2025-10-06,375.09,87461.42,308340.09
H00177,F0036,2025-06-20,33215.01,104090.52,407253.39
H00178,F0165,2025-01-06,36279.45,57955.29,416026.52
H00179,F0208,2025-01-30,27373.19,251002.39,356594.39
H00180,F0185,2025-05-05,19858.44,293988.61,459286.59
H00181,F0085,2025-10-18,16015.16,254990.14,353111.79
H00182,F0286,2026-03-13,8680.06,146764.82,184133.11
H00183,F0163,2026-08-23,25200.02,466758.44,130379.61
H00184,F0082,2025-07-28,33423.08,186946.31,484959.46
H00185,F0114,2025-08-23,40423.63,444862.38,221120.76
H00186,F0227,2025-12-28,10411.05,428364.67,134733.64
H00187,F0015,2025-05-30,23771.1,271866.78,411744.11
H00188,F0054,2026-05-09,23598.47,197193.91,399787.56
H00189,F0192,2026-02-11,38750.01,269764.86,475692.32
H00190,F0251,2026-04-07,14090.48,296563.42,491552.08
H00191,F0191,2025-12-23,2720.68,404267.88,100093.78
H00192,F0088,2026-07-30,40821.15,85406.48,468202.12
H00193,F0222,2026-03-25,28702.84,73114.9,206346.28
H00194,F0260,2025-10-09,22830.32,105223.18,246884.99
H00195,F0051,2025-10-02,30362.92,53705.28,40844.18
H00196,F0172,2025-11-23,40678.93,31417.77,92761.49
H00197,F0256,2025-06-24,6990.69,372246.89,486019.34
H00198,F0033,2026-07-12,559.34,74784.2,28882.73
H00199,F0263,2026-04-27,27157.53,68992.52,122112.14
H00200,F0198,2025-11-07,14201.47,243024.96,351970.69
H00201,F0119,2025-07-22,14744.92,394916.79,137638.6
H00202,F0227,2025-09-21,15167.88,136061.31,94370.34
H00203,F0231,2026-03-22,44807.27,100097.48,453327.96
H00204,F0252,2025-02-07,12898.25,301737.68,165221.11
H00205,F0152,2025-01-02,42017.51,487762.88,310305.25
H00206,F0053,2026-05-16,31424.55,59493.03,428999.16
H00207,F0252,2026-01-05,26306.63,462734.94,82060.18
H00208,F0066,2026-08-28,48205.88,290202.53,234708.73
H00209,F0218,2026-02-02,44751.26,147347.07,202056.22
H00210,F0253,2026-06-13,5244.7,308327.61,436375.92
H00211,F0235,2026-08-15,2869.24,250582.39,221342.78
H00212,F0154,2025-05-03,35639.77,175301.94,335119.81
H00213,F0161,2025-08-15,48863.33,108991.89,426191.78
H00214,F0095,2026-03-27,5972.74,44709.25,53157.65
H00215,F0250,2025-08-22,41620.89,364347.29,485802.38
H00216,F0107,2026-02-15,25384.0,175325.74,468960.17
H00217,F0070,2025-04-08,40780.3,279216.19,350043.0
H00218,F0289,2025-09-27,29284.11,214903.66,73921.96
H00219,F0217,2026-02-01,887.11,201719.93,365758.58
H00220,F0243,2025-08-09,9648.78,23557.32,399365.67
H00221,F0004,2026-05-26,49851.67,50927.08,341073.86
H00222,F0015,2026-06-19,13679.0,279404.43,245045.11
H00223,F0086,2025-04-07,1897.17,473847.08,241339.13
H00224,F0126,2026-03-21,20772.02,54966.28,368598.09
H00225,F0245,2025-07-12,43294.53,390878.32,15338.6
H00226,F0080,2025-10-10,7879.47,282601.64,331549.73
H00227,F0260,2026-02-01,40203.04,360892.88,414466.68
H00228,F0239,2025-11-08,6501.87,423389.64,52984.31
H00229,F0041,2026-04-28,45292.03,57853.76,205755.13
H00230,F0052,2025-03-18,21125.88,249465.81,444165.86
H00231,F0132,2026-03-20,34817.08,474826.68,409017.01
H00232,F0300,2025-12-26,48260.28,493458.37,467338.11
H00233,F0074,2025-04-14,26869.47,365408.87,311134.47
H00234,F0125,2025-07-26,38516.64,74565.13,480217.75
H00235,F0254,2026-08-13,3104.01,407373.29,255830.92
H00236,F0002,2026-07-17,25123.24,6113.8,121305.38
H00237,F0213,2025-11-09,20024.84,283976.1,183035.76
H00238,F0087,2026-07-19,26259.18,300301.73,485184.99
H00239,F0036,2025-05-12,45178.97,238712.66,486629.87
H00240,F0233,2026-08-26,30865.82,314984.6,240923.7
H00241,F0003,2026-07-03,45127.82,125219.05,158532.49
H00242,F0057,2026-06-02,22833.94,212316.61,32919.86
H00243,F0243,2025-06-15,26868.58,79883.82,458553.13
H00244,F0026,2025-07-27,33482.24,57623.71,302774.55
H00245,F0117,2025-07-09,41714.89,378058.77,261000.77
H00246,F0019,2025-10-04,35914.0,280682.63,262729.47
H00247,F0278,2025-05-17,23449.48,398528.31,459431.64
H00248,F0033,2026-07-20,11625.62,157056.75,261414.09
H00249,F0065,2025-11-15,18736.26,318949.57,301768.12
H00250,F0118,2025-03-04,2407.54,159251.66,24355.92
H00251,F0058,2025-10-28,16177.88,323541.74,54565.94
H00252,F0096,2025-05-02,1043.17,380424.05,193620.72
H00253,F0170,2026-07-10,31050.44,325342.57,359999.94
H00254,F0282,2026-05-01,2146.21,491823.1,49929.36
H00255,F0097,2026-04-29,16071.37,47799.74,365422.95
H00256,F0117,2025-02-22,10476.86,98572.42,120169.2
H00257,F0278,2026-05-15,34227.68,265589.73,47698.41
H00258,F0105,2026-07-18,5712.83,216569.15,178647.95
H00259,F0231,2025-09-14,34514.24,14261.83,33860.62
H00260,F0047,2026-05-19,28131.64,59101.13,247674.67
H00261,F0295,2025-12-11,22312.29,89267.17,408172.05
H00262,F0179,2025-04-12,22367.52,460627.66,219164.55
H00263,F0233,2025-06-22,28288.81,234893.8,165637.34
H00264,F0005,2026-09-10,25951.68,308918.17,251706.5
H00265,F0083,2025-05-05,15255.75,69602.18,297948.26
H00266,F0031,2026-05-04,30263.44,333465.48,486713.85
H00267,F0024,2026-09-23,43841.3,283551.29,164434.91
H00268,F0092,2025-01-20,36896.6,109338.05,165965.07
H00269,F0026,2026-02-22,25990.6,121274.15,303342.22
H00270,F0234,2026-03-06,1584.68,398938.89,349600.82
H00271,F0037,2026-05-27,5354.11,400758.79,165784.24
H00272,F0192,2025-09-25,28230.21,217337.41,266234.47
H00273,F0167,2026-02-01,37235.32,466329.21,391128.8
H00274,F0243,2025-12-22,29566.53,333059.17,368587.39
H00275,F0150,2026-08-05,923.98,54970.12,185602.72
H00276,F0004,2026-03-16,12319.57,166194.34,75302.8
H00277,F0262,2025-05-21,33359.33,279742.12,192853.55
H00278,F0255,2025-09-06,31599.67,357172.15,415547.58
H00279,F0123,2026-03-22,9701.57,62254.54,175026.53
H00280,F0139,2025-03-20,3857.42,12949.94,497859.36
H00281,F0056,2026-04-23,44283.99,438477.74,368175.77
H00282,F0016,2025-12-15,26604.25,302815.44,471632.82
H00283,F0089,2026-06-16,30286.42,342833.96,330986.21
H00284,F0206,2026-09-16,8347.78,164105.49,69337.44
H00285,F0165,2025-08-30,29751.9,471167.15,260234.55
H00286,F0140,2026-01-06,22618.04,287232.96,199400.49
H00287,F0090,2026-08-12,37745.36,52009.79,457677.59
H00288,F0149,2025-06-28,48652.25,413793.06,12543.21
H00289,F0104,2025-06-22,6189.78,355817.54,388368.5
H00290,F0130,2025-10-17,8552.99,12542.7,461674.72
H00291,F0083,2025-10-26,13837.02,249692.25,333691.43
H00292,F0076,2026-06-06,2637.32,387021.49,261650.48
H00293,F0155,2025-09-19,33484.08,344728.21,382308.14
H00294,F0114,2026-05-26,35610.26,310400.26,306683.0
H00295,F0116,2025-02-13,40018.98,55458.31,73906.78
H00296,F0014,2026-01-19,8456.69,264645.06,240159.54
H00297,F0282,2025-10-09,3320.67,393600.09,271421.88
H00298,F0274,2025-10-18,22615.81,172905.18,281998.89
H00299,F0220,2026-08-11,37734.82,79740.69,82666.74
H00300,F0082,2025-11-13,19821.65,354089.62,234901.96
H00301,F0221,2025-02-28,19429.92,486856.07,493704.08
H00302,F0032,2025-06-20,35455.13,470160.1,15596.23
H00303,F0230,2025-04-23,27707.3,247543.81,363299.58
H00304,F0145,2025-07-18,26521.89,53314.75,433825.84
H00305,F0233,2025-01-21,35523.71,118647.69,346609.01
H00306,F0036,2026-06-02,32698.16,241900.31,107796.85
H00307,F0124,2026-05-21,49765.76,293994.25,442577.87
H00308,F0220,2026-02-07,34284.65,308517.93,324927.23
H00309,F0255,2025-02-25,1050.77,479061.83,323017.1
H00310,F0098,2026-07-26,48552.33,497236.8,350896.85
H00311,F0235,2026-09-18,46000.0,30229.7,380425.56
H00312,F0292,2026-08-25,31147.02,426382.49,214151.09
H00313,F0060,2025-12-13,806.1,303346.56,36836.87
H00314,F0169,2026-03-12,10738.15,256710.18,156064.68
H00315,F0278,2025-04-11,16456.42,265852.57,59376.32
H00316,F0067,2026-03-17,7438.44,177615.56,180748.95
H00317,F0026,2026-08-16,32408.42,464697.88,30294.62
H00318,F0208,2025-02-06,277.89,431989.68,303589.96
H00319,F0252,2026-05-04,12678.36,315368.69,285649.91
H00320,F0063,2026-09-21,40897.36,417248.79,311501.89
H00321,F0177,2026-08-07,34090.25,204222.38,330469.3
H00322,F0082,2025-03-15,20060.51,168758.88,330311.38
H00323,F0239,2026-09-24,38216.15,326381.92,50744.35
H00324,F0054,2025-06-12,4662.98,22556.73,53728.57
H00325,F0244,2025-12-08,44822.11,341611.61,145338.72
H00326,F0181,2025-03-27,14237.99,132520.46,72057.13
H00327,F0070,2025-04-01,47915.0,42041.73,134332.59
H00328,F0184,2026-04-28,588.24,5548.84,387283.59
H00329,F0249,2025-02-20,42436.44,356883.98,73124.03
H00330,F0077,2025-10-19,4533.26,179489.51,492128.52
H00331,F0172,2026-09-09,43768.73,408595.26,443783.53
H00332,F0238,2025-05-25,29367.78,42351.76,59987.8
H00333,F0098,2025-08-17,36316.63,57535.64,215070.96
H00334,F0076,2026-02-06,43024.62,286906.41,364620.02
H00335,F0046,2026-05-26,42157.71,410514.18,296903.62
H00336,F0220,2026-02-28,45925.83,417681.63,315323.81
H00337,F0011,2026-03-24,2566.18,217323.34,443549.73
H00338,F0050,2025-05-03,12754.45,425905.47,398331.4
H00339,F0290,2026-01-24,3182.24,312339.79,331996.85
H00340,F0088,2025-12-12,30749.97,27950.22,15709.19
H00341,F0060,2026-01-31,39372.61,358641.25,420628.58
H00342,F0235,2026-04-07,11094.25,143759.08,214022.98
H00343,F0194,2025-07-21,49282.37,393251.58,85850.31
H00344,F0290,2025-04-15,45494.1,57475.91,393344.48
H00345,F0019,2026-08-25,35190.43,239274.64,221054.43
H00346,F0011,2026-04-24,45948.07,65046.98,239914.96
H00347,F0106,2026-02-16,1511.32,302715.75,105904.35
H00348,F0090,2025-06-06,20390.48,142352.35,336359.03
H00349,F0253,2026-04-29,3576.77,77388.89,195921.06
H00350,F0217,2026-07-25,10972.49,407219.04,413337.37
H00351,F0168,2025-04-28,40608.72,454041.21,402846.66
H00352,F0292,2025-06-13,2096.9,218438.82,396791.48
H00353,F0090,2025-03-22,19073.67,126500.97,181648.09
H00354,F0050,2025-10-30,5624.13,129199.52,81289.31
H00355,F0125,2025-10-27,28371.33,294399.36,165150.67
H00356,F0123,2026-09-27,49223.65,52272.33,494523.91
H00357,F0257,2025-04-25,25207.6,41560.41,282915.7
H00358,F0284,2026-06-21,32702.79,157167.79,293079.62
H00359,F0115,2025-03-19,20676.21,327560.46,296019.51
H00360,F0072,2025-10-22,30265.68,274250.55,59495.22
H00361,F0079,2026-01-24,38874.53,324013.92,151285.69
H00362,F0080,2026-03-25,479.03,144048.13,412405.69
H00363,F0169,2026-07-19,24553.47,288203.31,299593.71
H00364,F0215,2025-10-04,11110.46,363029.69,120233.92
H00365,F0272,2026-05-23,33263.73,274797.38,2702.18
H00366,F0214,2026-02-23,16163.51,143679.52,455544.12
H00367,F0116,2025-08-15,12648.47,437951.96,243268.11
H00368,F0099,2026-04-05,2102.59,463617.0,84791.07
H00369,F0088,2026-04-06,25365.69,236927.62,490789.96
H00370,F0171,2026-07-20,29296.02,206465.92,303103.77
H00371,F0110,2026-07-31,32576.12,97918.22,406870.37
H00372,F0145,2025-03-28,28245.89,151757.49,99133.25
H00373,F0235,2026-09-28,36942.99,250841.38,43638.23
H00374,F0255,2026-07-19,38326.59,230354.8,245063.44
H00375,F0126,2025-05-16,18710.88,12931.38,439309.88
H00376,F0018,2026-05-09,13451.92,150766.7,235322.46
H00377,F0260,2025-06-10,28870.43,104853.07,410363.02
H00378,F0055,2025-10-27,2931.97,16476.72,360377.28
H00379,F0193,2026-04-14,23038.08,104216.19,409579.64
H00380,F0209,2025-11-18,9566.59,254659.09,45898.55
H00381,F0062,2026-07-28,44797.41,216960.66,466522.14
H00382,F0094,2025-11-24,26007.12,21774.29,119141.36
H00383,F0090,2025-02-14,38957.13,438305.48,13926.9
H00384,F0123,2025-07-10,21379.06,206839.88,162617.46
H00385,F0098,2025-12-11,45064.55,438635.98,276085.97
H00386,F0106,2025-12-20,3849.31,446608.74,39130.09
H00387,F0253,2026-03-02,35322.85,210246.82,464854.5
H00388,F0275,2025-02-11,8773.36,91199.19,399177.7
H00389,F0198,2025-10-21,17304.34,379710.99,14045.29
H00390,F0122,2026-04-30,22112.18,228934.93,46226.2
H00391,F0089,2026-06-12,8019.34,308133.56,235551.81
H00392,F0271,2026-07-05,40277.22,236722.26,36974.89
H00393,F0122,2025-10-20,19821.67,265383.84,180789.1
H00394,F0124,2026-01-24,20639.62,351696.46,68110.32
H00395,F0003,2026-06-14,15068.46,381746.68,287318.08
H00396,F0078,2025-06-04,15686.08,25136.41,358326.05
H00397,F0103,2025-06-20,39109.5,261969.09,11599.0
H00398,F0230,2026-03-23,34720.3,22350.91,198971.4
H00399,F0149,2026-08-28,26481.86,219224.0,179964.39
H00400,F0028,2026-04-30,38073.19,119721.84,337238.6
H00401,F0055,2025-10-11,27901.74,247293.48,124660.57
H00402,F0141,2025-01-06,17127.08,224061.95,114933.22
H00403,F0168,2026-08-23,15142.47,461151.33,134210.53
H00404,F0176,2025-12-25,10626.85,486430.06,321625.6
H00405,F0182,2026-05-23,30574.16,52868.03,338347.3
H00406,F0247,2025-12-17,45779.12,259103.34,372648.94
H00407,F0218,2026-06-13,27132.16,33216.83,335032.31
H00408,F0002,2025-09-06,29364.6,266527.91,308017.36
H00409,F0132,2025-05-08,42574.93,353477.74,451373.43
H00410,F0103,2026-02-27,44399.04,231435.11,242404.26
H00411,F0234,2026-04-01,38069.02,330107.6,341407.6
H00412,F0213,2025-03-09,27418.93,181010.47,1645.47
H00413,F0263,2025-08-28,8119.19,490932.3,22938.21
H00414,F0076,2025-12-04,24743.37,291617.76,203043.23
H00415,F0036,2026-05-21,8000.51,430803.11,198888.21
H00416,F0018,2025-06-08,4153.06,13711.51,354723.81
H00417,F0081,2026-05-10,34853.21,396428.33,145984.18
H00418,F0260,2026-03-18,25694.18,73276.56,190313.57
H00419,F0119,2026-04-14,5578.79,115063.22,57327.75
H00420,F0164,2026-08-31,44103.57,204831.37,214327.28
H00421,F0278,2025-10-29,8447.87,211359.77,435059.02
H00422,F0058,2026-05-15,5227.86,427430.84,384123.05
H00423,F0273,2026-05-01,28784.31,114704.03,49519.16
H00424,F0285,2025-10-10,37210.16,320249.12,340517.37
H00425,F0122,2026-03-19,7216.28,435588.96,342737.78
H00426,F0076,2025-09-11,42818.96,463033.55,483271.2
H00427,F0074,2026-05-07,13488.01,394080.93,127796.63
H00428,F0187,2025-04-15,39413.12,62735.86,91299.13
H00429,F0193,2025-07-02,28944.41,421634.21,416442.79
H00430,F0261,2026-04-12,39606.49,76254.42,134223.13
H00431,F0279,2026-02-15,32998.36,212897.01,88481.51
H00432,F0058,2025-12-11,45969.7,474559.08,469598.32
H00433,F0026,2025-09-17,131.11,326791.88,100875.49
H00434,F0034,2026-02-09,31645.94,244613.44,166443.83
H00435,F0237,2025-11-19,24107.57,362257.56,105845.65
H00436,F0255,2026-08-02,12464.41,257451.62,76298.37
H00437,F0272,2026-04-03,9173.62,145226.08,423171.17
H00438,F0220,2026-06-19,41868.67,358111.96,254675.69
H00439,F0224,2025-12-24,38236.02,17971.84,376610.09
H00440,F0091,2025-01-27,22177.8,258294.9,119657.65
H00441,F0003,2026-01-31,23304.57,294660.06,263071.14
H00442,F0196,2026-02-25,8257.46,435198.24,374126.28
H00443,F0295,2025-09-10,43861.45,177959.46,253572.24
H00444,F0002,2026-09-25,35040.16,265734.52,431027.0
H00445,F0074,2026-09-21,17111.74,139393.64,334950.87
H00446,F0116,2025-10-14,5842.72,422553.78,457078.08
H00447,F0013,2025-09-22,33063.37,218122.49,125000.43
H00448,F0093,2025-07-21,41426.49,498875.08,491286.64
H00449,F0233,2025-04-17,32900.35,331891.04,333769.7
H00450,F0008,2025-12-07,6666.49,174291.21,188599.88
H00451,F0221,2025-10-23,9539.79,309181.39,303349.11
H00452,F0267,2026-08-14,4974.36,434500.96,53280.55
H00453,F0166,2026-02-27,15129.6,228677.42,294201.89
H00454,F0190,2025-09-10,36634.32,202335.87,409582.17
H00455,F0282,2025-02-21,2658.61,493802.34,32873.55
H00456,F0009,2026-09-14,39293.5,491581.12,207699.53
H00457,F0154,2026-03-28,13310.04,423478.38,409533.21
H00458,F0207,2026-04-02,266.0,396659.68,45538.82
H00459,F0109,2025-08-27,44855.56,266160.75,421169.08
H00460,F0039,2025-07-12,835.05,311273.01,210372.94
H00461,F0088,2026-02-28,46847.77,100155.94,118212.87
H00462,F0015,2026-07-09,6156.91,289620.62,166096.9
H00463,F0083,2026-03-29,33352.33,423740.62,360051.22
H00464,F0133,2026-08-14,47891.25,463214.48,199092.91
H00465,F0004,2025-10-03,16738.61,497870.61,152325.23
H00466,F0145,2026-09-19,21357.75,253898.0,341239.07
H00467,F0058,2026-04-18,45599.03,434214.36,416777.55
H00468,F0282,2025-03-31,19192.32,218078.45,20883.7
H00469,F0222,2025-11-03,34538.9,171691.07,372081.6
H00470,F0197,2026-08-12,20226.5,162304.16,427769.38
H00471,F0242,2025-11-29,48629.28,383485.89,261546.22
H00472,F0132,2025-07-09,16928.12,264126.04,147923.2
H00473,F0111,2025-11-10,32873.56,72321.75,183873.26
H00474,F0295,2025-04-03,20653.19,342009.83,477157.55
H00475,F0182,2025-05-25,36153.43,201667.88,269237.89
H00476,F0090,2025-01-19,18864.87,291709.74,65133.09
H00477,F0020,2026-03-12,12523.8,287694.72,291760.63
H00478,F0003,2025-11-23,12517.62,39201.38,184653.04
H00479,F0270,2025-08-31,21022.48,232662.59,196117.72
H00480,F0223,2026-07-22,40352.72,248608.72,424716.36
H00481,F0009,2025-03-14,3467.49,92709.68,150022.38
H00482,F0112,2025-01-23,47349.02,71425.28,479275.83
H00483,F0005,2026-07-23,31259.88,459362.6,469438.97
H00484,F0280,2025-02-08,46752.42,475628.62,239724.41
H00485,F0144,2025-09-04,41592.44,297587.62,301708.02
H00486,F0010,2026-04-26,4972.9,446756.25,225857.13
H00487,F0169,2025-02-02,33925.0,373874.99,210533.53
H00488,F0158,2025-08-15,2861.67,258421.89,53841.46
H00489,F0018,2025-07-30,46520.18,87725.83,132478.75
H00490,F0197,2025-06-21,39902.24,67857.62,346249.29
H00491,F0202,2025-09-12,42754.19,219471.48,232040.44
H00492,F0287,2025-11-13,13630.7,300585.14,61743.08
H00493,F0136,2026-04-23,35574.94,442334.47,303106.55
H00494,F0022,2025-12-22,39313.96,15341.63,364013.18
H00495,F0201,2026-09-24,47920.7,463579.01,370761.88
H00496,F0219,2025-03-22,30997.0,383602.24,259701.8
H00497,F0109,2025-09-09,34884.4,330950.95,137726.89
H00498,F0074,2025-10-20,8923.29,294071.96,99448.77
H00499,F0241,2026-09-27,813.97,147762.4,36351.56
H00500,F0071,2025-02-06,40308.86,34437.15,92335.6
