service_id,vehicle_id,service_type,service_date,service_cost,parts_cost
SV00001,V0171,Accident,2025-03-10,38609.31,36379.72
SV00002,V0225,Accident,2025-01-20,61869.14,59410.49
SV00003,V0042,Accident,2025-04-17,58959.6,57671.98
SV00004,V0127,Accident,2025-02-17,97738.21,17997.87
SV00005,V0025,Battery,2026-04-22,88304.01,1401.64
SV00006,V0224,Repair,2025-11-05,60206.55,39364.72
SV00007,V0054,Accident,2026-07-07,95454.08,40292.64
SV00008,V0209,Accident,2025-03-29,26581.48,57371.85
SV00009,V0024,Accident,2025-01-02,73034.02,4071.42
SV00010,V0175,Regular,2025-06-25,86192.4,8281.3
SV00011,V0154,Regular,2025-12-28,24547.53,56280.24
SV00012,V0018,Accident,2025-03-27,34924.15,29206.75
SV00013,V0195,Battery,2025-12-05,6697.13,55586.27
SV00014,V0288,Repair,2025-06-07,94506.31,32696.53
SV00015,V0250,Regular,2026-08-06,52781.07,45823.51
SV00016,V0006,Repair,2026-06-10,2153.4,25044.73
SV00017,V0051,Repair,2025-12-12,85897.48,28482.04
SV00018,V0192,Battery,2026-06-24,66485.01,4648.54
SV00019,V0191,Accident,2026-09-17,35151.69,31105.91
SV00020,V0115,Repair,2026-02-05,4766.35,22843.24
SV00021,V0014,Accident,2025-09-29,35711.49,42568.86
SV00022,V0229,Accident,2025-06-07,32008.45,3455.82
SV00023,V0225,Battery,2026-09-12,89561.47,19986.18
SV00024,V0082,Regular,2025-12-30,64584.56,54812.16
SV00025,V0098,Accident,2025-02-21,2985.09,37398.33
SV00026,V0211,Regular,2026-06-16,5819.34,13910.89
SV00027,V0211,Repair,2026-04-09,32221.84,43135.15
SV00028,V0138,Accident,2025-11-02,16383.51,25785.08
SV00029,V0172,Battery,2025-08-30,25293.89,2581.53
SV00030,V0294,Battery,2026-07-10,84133.29,44867.13
SV00031,V0299,Regular,2026-04-23,62399.23,35281.5
SV00032,V0226,Repair,2026-07-19,36166.0,5199.01
SV00033,V0082,Repair,2025-10-22,955.99,12834.98
SV00034,V0060,Battery,2026-07-31,19012.07,32067.32
SV00035,V0037,Repair,2025-05-02,64495.64,58328.29
SV00036,V0221,Accident,2025-09-13,18558.55,42330.37
SV00037,V0040,Accident,2025-10-14,92547.04,25663.32
SV00038,V0147,Regular,2025-04-11,16683.24,44283.23
SV00039,V0268,Battery,2026-09-24,64672.27,37474.88
SV00040,V0086,Battery,2026-04-23,73436.28,12922.76
SV00041,V0200,Regular,2025-03-29,39100.95,46550.5
SV00042,V0095,Battery,2026-02-15,12367.89,9880.83
SV00043,V0251,Repair,2025-04-05,24719.19,47723.49
SV00044,V0168,Battery,2025-10-02,85131.38,18718.14
SV00045,V0200,Accident,2025-09-07,28059.26,2453.34
SV00046,V0031,Regular,2026-02-27,92493.08,36997.39
SV00047,V0116,Regular,2025-09-21,32014.31,35867.74
SV00048,V0276,Battery,2025-09-05,62702.34,57407.91
SV00049,V0248,Repair,2025-06-14,66968.06,6709.13
SV00050,V0188,Repair,2025-11-15,73860.86,20298.1
SV00051,V0066,Battery,2025-01-23,52786.89,45550.85
SV00052,V0015,Repair,2026-04-02,15974.06,11723.21
SV00053,V0017,Repair,2026-08-01,99837.18,59716.83
SV00054,V0092,Regular,2025-05-24,90206.39,31158.24
SV00055,V0135,Accident,2025-01-12,4543.77,17612.22
SV00056,V0105,Repair,2025-08-22,97237.12,58351.32
SV00057,V0117,Regular,2025-09-05,74015.57,56117.24
SV00058,V0278,Accident,2025-08-11,21280.74,40725.07
SV00059,V0123,Accident,2026-06-12,64969.44,53358.73
SV00060,V0075,Regular,2025-06-21,21978.25,9892.68
SV00061,V0242,Repair,2025-08-07,37734.4,39390.39
SV00062,V0138,Regular,2025-05-05,29870.36,40611.19
SV00063,V0232,Regular,2026-03-14,35107.21,54898.38
SV00064,V0251,Accident,2025-01-09,94015.14,12790.98
SV00065,V0201,Repair,2025-11-16,54199.03,31641.32
SV00066,V0179,Accident,2025-03-16,88004.93,30445.96
SV00067,V0037,Battery,2025-11-11,3221.45,23974.96
SV00068,V0102,Accident,2026-04-19,91006.47,443.6
SV00069,V0096,Repair,2025-12-31,38341.13,49174.63
SV00070,V0046,Accident,2025-07-08,49322.75,16085.97
SV00071,V0007,Battery,2025-08-10,20372.69,41597.31
SV00072,V0161,Battery,2025-08-14,65820.97,45174.98
SV00073,V0044,Regular,2025-07-16,76765.78,9616.19
SV00074,V0168,Battery,2025-09-24,74007.19,48101.61
SV00075,V0132,Repair,2026-07-15,80367.5,56161.04
SV00076,V0102,Regular,2025-11-15,13236.22,31478.78
SV00077,V0123,Regular,2025-03-03,20449.26,59770.09
SV00078,V0100,Repair,2026-03-30,10346.66,43883.45
SV00079,V0026,Repair,2025-08-17,33933.66,39527.56
SV00080,V0233,Regular,2026-05-31,85584.34,13251.11
SV00081,V0003,Repair,2025-12-21,30291.15,36745.41
SV00082,V0190,Battery,2025-12-21,99819.21,25437.16
SV00083,V0275,Accident,2026-06-15,17884.14,57727.19
SV00084,V0097,Repair,2025-01-13,16441.39,41787.1
SV00085,V0171,Battery,2025-07-25,11207.87,33582.67
SV00086,V0082,Regular,2026-02-26,49147.21,26163.14
SV00087,V0111,Regular,2026-04-11,81459.93,53058.58
SV00088,V0074,Repair,2025-11-29,2809.41,26021.98
SV00089,V0231,Accident,2026-01-27,15173.54,58446.43
SV00090,V0284,Accident,2025-04-07,43253.61,258.72
SV00091,V0240,Repair,2025-03-01,28337.01,35353.14
SV00092,V0256,Battery,2025-11-28,47244.66,6727.91
SV00093,V0110,Repair,2025-09-30,48627.79,13937.33
SV00094,V0279,Battery,2026-09-09,43245.52,35217.94
SV00095,V0240,Battery,2025-01-04,93698.0,5512.19
SV00096,V0237,Battery,2026-05-30,63982.69,4318.33
SV00097,V0171,Battery,2025-07-18,12064.26,54242.89
SV00098,V0027,Accident,2025-06-04,51598.03,52201.24
SV00099,V0133,Battery,2025-04-04,48648.42,35968.99
SV00100,V0240,Accident,2025-02-10,79009.47,59089.71
SV00101,V0297,Battery,2025-10-22,40210.61,7944.63
SV00102,V0205,Battery,2025-04-23,20831.91,31339.65
SV00103,V0249,Accident,2025-01-02,34449.21,46273.05
SV00104,V0105,Regular,2026-09-16,57321.47,20998.04
SV00105,V0013,Accident,2025-03-12,59518.93,59626.07
SV00106,V0081,Battery,2025-09-05,82881.48,35254.16
SV00107,V0101,Battery,2026-04-18,35954.26,16487.49
SV00108,V0159,Regular,2026-09-30,23993.11,38892.71
SV00109,V0046,Repair,2025-12-24,33992.3,34161.06
SV00110,V0014,Battery,2025-04-27,39173.04,53371.81
SV00111,V0063,Battery,2026-02-21,85384.35,8506.38
SV00112,V0226,Regular,2026-05-12,16569.99,14463.26
SV00113,V0189,Regular,2026-02-02,6345.83,41352.28
SV00114,V0277,Regular,2025-12-14,35828.43,52819.23
SV00115,V0087,Accident,2026-02-22,33388.54,9428.69
SV00116,V0080,Accident,2025-09-14,8687.08,49062.31
SV00117,V0058,Accident,2026-04-02,3371.37,27201.88
SV00118,V0165,Accident,2026-09-11,49717.27,41035.97
SV00119,V0224,Regular,2025-08-05,73595.83,54014.87
SV00120,V0064,Repair,2026-01-27,46153.1,15162.17
SV00121,V0198,Battery,2025-05-01,55219.47,41622.82
SV00122,V0058,Repair,2025-06-28,26836.3,17056.25
SV00123,V0113,Battery,2026-03-05,3367.99,20938.41
SV00124,V0182,Battery,2026-07-29,40579.21,44942.92
SV00125,V0054,Accident,2025-05-17,67159.09,39436.64
SV00126,V0294,Accident,2026-01-18,90907.48,42198.5
SV00127,V0286,Accident,2025-06-30,18985.41,3386.07
SV00128,V0027,Repair,2026-02-04,64986.14,22465.72
SV00129,V0251,Regular,2025-09-03,34259.55,43842.44
SV00130,V0208,Battery,2026-07-21,85702.8,51876.74
SV00131,V0278,Repair,2025-09-20,34842.05,48161.43
SV00132,V0005,Regular,2026-01-19,18641.65,42588.92
SV00133,V0283,Repair,2026-04-02,32274.12,16120.66
SV00134,V0188,Accident,2025-02-03,80787.95,6713.84
SV00135,V0141,Regular,2026-03-05,45922.05,4313.14
SV00136,V0176,Accident,2025-11-04,37711.28,46756.77
SV00137,V0043,Regular,2026-02-27,46049.51,34162.12
SV00138,V0260,Accident,2026-04-28,10456.9,40293.27
SV00139,V0290,Regular,2025-07-19,8821.25,1990.24
SV00140,V0047,Battery,2026-05-17,63449.98,56916.99
SV00141,V0225,Accident,2026-02-08,1085.03,35592.59
SV00142,V0218,Accident,2026-01-08,46641.48,59900.28
SV00143,V0131,Regular,2025-07-12,63922.93,58460.44
SV00144,V0287,Regular,2025-12-26,31833.49,33309.12
SV00145,V0261,Regular,2026-07-24,21429.39,11999.21
SV00146,V0039,Accident,2025-08-29,89992.03,7188.77
SV00147,V0235,Accident,2026-03-27,18855.3,23947.62
SV00148,V0064,Repair,2025-10-11,50328.55,56044.67
SV00149,V0196,Regular,2026-06-08,34446.33,9745.3
SV00150,V0019,Battery,2025-12-25,79688.8,28584.61
SV00151,V0092,Accident,2025-01-30,63787.51,29728.31
SV00152,V0022,Regular,2026-03-21,23899.11,49324.35
SV00153,V0205,Repair,2026-02-01,78921.63,3772.2
SV00154,V0029,Repair,2025-11-14,6960.65,22014.94
SV00155,V0032,Battery,2025-04-26,34796.81,40582.16
SV00156,V0125,Regular,2025-12-24,81896.38,23827.63
SV00157,V0285,Regular,2026-05-15,31037.05,25965.56
SV00158,V0152,Repair,2026-01-15,61343.91,29031.7
SV00159,V0287,Repair,2025-01-13,99456.95,32643.42
SV00160,V0086,Accident,2026-05-18,61879.7,29368.05
SV00161,V0228,Regular,2025-05-30,2666.29,9456.23
SV00162,V0131,Accident,2026-01-12,68634.17,49004.35
SV00163,V0268,Repair,2025-12-27,14570.88,59323.44
SV00164,V0177,Battery,2026-07-11,21913.33,59928.84
SV00165,V0005,Repair,2026-08-14,13102.95,42950.1
SV00166,V0165,Repair,2025-11-25,77364.31,11450.36
SV00167,V0059,Battery,2025-07-10,65705.52,51201.95
SV00168,V0169,Battery,2025-03-03,58943.24,51217.8
SV00169,V0137,Accident,2025-07-15,36091.1,34807.3
SV00170,V0126,Repair,2026-03-26,62890.93,50394.88
SV00171,V0189,Accident,2025-11-16,72680.71,5402.64
SV00172,V0164,Repair,2025-06-12,47478.48,15765.7
SV00173,V0223,Battery,2025-10-28,59384.89,38792.99
SV00174,V0013,Repair,2025-07-19,90816.23,14168.47
SV00175,V0282,Repair,2026-05-13,22176.74,54827.95
SV00176,V0099,Accident,2026-07-09,53354.61,21688.53
SV00177,V0290,Accident,2025-12-04,68931.21,778.18
SV00178,V0291,Regular,2025-11-22,35913.09,53989.57
SV00179,V0293,Repair,2025-08-08,14004.4,43644.51
SV00180,V0095,Battery,2025-04-18,71281.82,1879.92
SV00181,V0209,Regular,2025-10-24,65801.51,36536.25
SV00182,V0002,Battery,2026-09-04,16331.58,4921.86
SV00183,V0012,Repair,2026-04-09,69902.56,56666.5
SV00184,V0014,Battery,2025-03-10,70390.52,57306.09
SV00185,V0026,Regular,2026-04-27,25444.11,38875.39
SV00186,V0020,Battery,2025-02-18,36345.05,50851.07
SV00187,V0294,Repair,2025-05-07,96444.14,56240.75
SV00188,V0146,Battery,2026-07-03,57692.01,7231.12
SV00189,V0007,Battery,2026-01-12,41257.31,1196.41
SV00190,V0010,Battery,2026-03-07,34027.78,19495.75
SV00191,V0253,Repair,2025-03-11,72476.78,8690.56
SV00192,V0216,Regular,2026-08-02,66277.04,27018.37
SV00193,V0027,Battery,2026-05-13,27578.7,31685.06
SV00194,V0153,Regular,2026-02-13,7417.41,41365.42
SV00195,V0208,Battery,2026-09-03,91812.9,17930.32
SV00196,V0259,Battery,2025-02-02,24143.54,45770.05
SV00197,V0107,Regular,2025-06-21,11833.37,9014.33
SV00198,V0280,Battery,2025-10-07,15337.08,14466.48
SV00199,V0112,Regular,2026-08-05,48988.95,23503.18
SV00200,V0186,Accident,2026-09-11,23401.39,59763.96
SV00201,V0286,Accident,2026-07-04,57366.13,23907.9
SV00202,V0221,Battery,2025-10-15,97174.73,53977.72
SV00203,V0230,Accident,2026-02-12,87409.6,1985.36
SV00204,V0108,Repair,2026-02-20,7829.84,47091.37
SV00205,V0118,Battery,2026-05-10,35749.55,25993.34
SV00206,V0045,Accident,2025-11-13,85888.04,40755.33
SV00207,V0151,Regular,2025-04-15,62488.24,59390.64
SV00208,V0251,Accident,2025-08-06,99329.16,35342.02
SV00209,V0075,Repair,2025-01-18,10608.73,30542.09
SV00210,V0105,Regular,2025-03-04,31472.97,48313.72
SV00211,V0258,Repair,2025-08-09,5511.37,53823.92
SV00212,V0260,Repair,2025-03-11,2834.46,17607.18
SV00213,V0246,Repair,2026-04-20,62455.64,15822.68
SV00214,V0246,Regular,2025-01-03,8031.97,32764.21
SV00215,V0217,Repair,2026-09-04,64032.19,13454.74
SV00216,V0275,Battery,2025-09-24,50649.68,7308.38
SV00217,V0011,Battery,2026-01-21,67710.99,10906.36
SV00218,V0279,Repair,2025-01-08,87731.66,55141.19
SV00219,V0286,Repair,2026-08-08,86560.65,17695.95
SV00220,V0078,Battery,2026-04-15,45860.67,29131.64
SV00221,V0134,Accident,2025-09-14,13204.75,39061.12
SV00222,V0236,Battery,2026-06-14,7110.89,11309.61
SV00223,V0081,Battery,2026-03-24,43293.28,4964.34
SV00224,V0273,Battery,2025-08-31,60283.67,37438.46
SV00225,V0051,Accident,2026-05-13,31563.47,10297.61
SV00226,V0201,Regular,2026-06-07,80393.24,36510.73
SV00227,V0258,Repair,2026-06-11,9637.85,18028.71
SV00228,V0162,Accident,2026-08-14,21663.4,11562.88
SV00229,V0255,Regular,2026-07-02,86552.65,41313.82
SV00230,V0205,Accident,2025-07-29,34167.79,49189.59
SV00231,V0150,Accident,2026-03-12,95643.87,11278.58
SV00232,V0082,Regular,2026-04-11,94618.78,4219.56
SV00233,V0251,Regular,2025-03-27,97268.78,48333.87
SV00234,V0161,Battery,2026-08-14,70945.6,5420.73
SV00235,V0070,Repair,2026-07-10,80393.59,12048.82
SV00236,V0090,Repair,2025-09-08,59964.27,42473.06
SV00237,V0263,Regular,2025-07-29,6039.71,45773.73
SV00238,V0230,Repair,2026-05-18,44651.41,59368.78
SV00239,V0002,Accident,2026-05-09,57992.38,32399.92
SV00240,V0066,Repair,2025-05-03,68356.07,17595.21
SV00241,V0014,Battery,2025-05-06,31933.06,1601.01
SV00242,V0112,Accident,2025-05-12,36013.51,13589.68
SV00243,V0040,Regular,2025-10-12,10605.33,23194.9
SV00244,V0035,Accident,2025-10-04,70985.97,17124.19
SV00245,V0113,Accident,2025-06-06,92012.7,27148.5
SV00246,V0048,Repair,2025-12-03,55065.31,43647.61
SV00247,V0270,Accident,2025-07-29,44559.3,45243.04
SV00248,V0208,Regular,2025-02-12,755.4,42566.37
SV00249,V0059,Battery,2025-12-07,84967.28,33625.31
SV00250,V0299,Repair,2026-09-15,47763.19,55259.27
SV00251,V0205,Regular,2025-12-20,37042.4,32432.4
SV00252,V0214,Accident,2026-09-05,92432.58,53006.75
SV00253,V0238,Repair,2025-09-04,2799.33,40849.56
SV00254,V0131,Regular,2025-08-29,16689.04,7369.83
SV00255,V0074,Accident,2025-02-02,96906.44,18339.18
SV00256,V0233,Battery,2026-06-15,67698.58,29312.97
SV00257,V0276,Regular,2026-07-27,94019.02,30557.87
SV00258,V0249,Repair,2026-05-19,10540.32,1455.35
SV00259,V0176,Battery,2025-11-26,20584.87,8214.82
SV00260,V0050,Battery,2025-12-10,87270.77,44393.03
SV00261,V0156,Battery,2025-12-31,88835.55,51914.06
SV00262,V0205,Accident,2025-07-28,44163.29,48231.89
SV00263,V0027,Accident,2026-09-05,62120.22,12247.5
SV00264,V0192,Battery,2026-02-14,31849.8,33040.05
SV00265,V0039,Battery,2025-02-15,85305.19,8421.85
SV00266,V0203,Regular,2025-08-23,700.5,28105.6
SV00267,V0109,Accident,2025-04-12,51702.96,50860.24
SV00268,V0202,Battery,2025-11-25,67974.58,59129.2
SV00269,V0251,Regular,2026-01-15,54658.76,8263.69
SV00270,V0165,Regular,2026-01-17,21383.21,30904.24
SV00271,V0204,Regular,2025-11-13,31171.32,4465.57
SV00272,V0300,Accident,2026-04-21,73506.77,22099.97
SV00273,V0216,Repair,2025-07-04,96273.09,58437.26
SV00274,V0105,Battery,2025-11-26,7221.22,3323.58
SV00275,V0276,Accident,2025-06-27,93237.61,54026.93
SV00276,V0133,Regular,2026-04-21,42458.67,46317.29
SV00277,V0215,Battery,2025-10-23,56841.38,52824.81
SV00278,V0045,Battery,2025-10-14,90064.01,23079.86
SV00279,V0029,Regular,2026-09-01,82569.77,54073.49
SV00280,V0134,Accident,2025-10-19,17205.12,12790.76
SV00281,V0277,Repair,2025-01-08,72238.4,25937.16
SV00282,V0280,Regular,2026-01-11,73147.04,23135.47
SV00283,V0006,Repair,2025-04-18,34012.96,20774.24
SV00284,V0139,Accident,2025-12-10,96634.59,27198.93
SV00285,V0290,Accident,2025-09-24,45664.97,38962.31
SV00286,V0264,Repair,2025-07-29,64501.83,54400.76
SV00287,V0285,Accident,2026-02-14,81119.31,41327.66
SV00288,V0043,Regular,2026-03-24,1426.57,33334.74
SV00289,V0153,Repair,2025-02-01,97452.91,3983.13
SV00290,V0052,Regular,2025-12-12,93659.87,56750.4
SV00291,V0220,Accident,2025-06-08,66971.93,30476.4
SV00292,V0104,Repair,2025-05-27,94195.59,26554.8
SV00293,V0218,Accident,2026-06-02,13220.66,5735.19
SV00294,V0003,Repair,2026-01-31,60867.77,52373.11
SV00295,V0042,Battery,2025-05-06,8197.97,39271.53
SV00296,V0286,Accident,2026-03-24,81590.29,17331.28
SV00297,V0042,Regular,2025-04-16,69701.72,3451.42
SV00298,V0001,Repair,2025-12-21,89221.58,44193.57
SV00299,V0178,Regular,2025-06-09,94626.02,23911.12
SV00300,V0278,Repair,2025-11-14,42779.37,21968.0
SV00301,V0191,Regular,2025-11-21,18596.92,34602.57
SV00302,V0184,Repair,2026-08-13,63806.87,10425.05
SV00303,V0114,Battery,2025-03-18,12142.52,11178.76
SV00304,V0136,Repair,2025-12-19,5142.93,17439.4
SV00305,V0296,Regular,2025-03-22,11364.04,57182.71
SV00306,V0256,Battery,2026-02-07,94517.23,29346.4
SV00307,V0233,Regular,2025-01-07,20088.66,54656.24
SV00308,V0219,Accident,2025-06-26,66291.25,26430.92
SV00309,V0027,Repair,2026-02-09,77446.2,30622.0
SV00310,V0228,Repair,2025-07-07,84662.89,55352.3
SV00311,V0235,Regular,2026-06-14,52251.51,32941.75
SV00312,V0037,Repair,2025-02-06,1455.35,5095.94
SV00313,V0085,Accident,2025-12-10,9150.1,47723.65
SV00314,V0005,Regular,2026-01-06,26187.75,30881.54
SV00315,V0143,Accident,2025-02-06,15725.25,49354.25
SV00316,V0101,Repair,2026-09-24,13139.96,3720.51
SV00317,V0291,Regular,2025-03-10,46385.43,24923.03
SV00318,V0009,Battery,2025-09-17,80212.23,27755.73
SV00319,V0155,Battery,2026-09-24,46173.81,59449.79
SV00320,V0215,Repair,2025-10-15,32580.38,41299.17
SV00321,V0156,Battery,2026-08-15,38194.82,40578.77
SV00322,V0054,Repair,2025-11-21,77904.62,8157.99
SV00323,V0285,Repair,2025-10-28,10174.63,13889.68
SV00324,V0108,Regular,2026-01-07,9671.15,58173.34
SV00325,V0066,Accident,2025-12-28,18432.92,27038.47
SV00326,V0167,Repair,2025-03-29,9548.46,52292.59
SV00327,V0208,Repair,2025-01-05,8267.7,27425.03
SV00328,V0109,Accident,2026-07-20,65039.83,44992.8
SV00329,V0096,Regular,2026-01-31,59910.5,8975.44
SV00330,V0274,Battery,2025-08-04,80046.72,57334.82
SV00331,V0090,Accident,2026-09-23,66348.8,47135.87
SV00332,V0255,Repair,2026-03-26,59955.32,43064.38
SV00333,V0196,Regular,2025-04-13,90570.16,34337.16
SV00334,V0188,Regular,2025-06-06,38283.11,29956.38
SV00335,V0152,Repair,2026-09-20,34480.8,14572.88
SV00336,V0265,Repair,2026-07-10,51114.71,37070.57
SV00337,V0126,Repair,2025-02-20,99731.25,59344.09
SV00338,V0069,Repair,2025-03-28,21626.58,5956.23
SV00339,V0142,Accident,2025-07-17,38247.23,22426.31
SV00340,V0005,Accident,2026-09-01,83239.01,40058.17
SV00341,V0263,Accident,2025-05-23,33401.65,28618.58
SV00342,V0136,Battery,2026-06-26,98037.99,44302.56
SV00343,V0042,Regular,2025-10-07,70627.58,31557.43
SV00344,V0194,Regular,2025-07-05,21586.17,49559.68
SV00345,V0263,Repair,2026-01-18,79200.45,35808.61
SV00346,V0187,Battery,2025-12-11,60969.16,53502.19
SV00347,V0272,Repair,2025-11-14,95847.96,41110.41
SV00348,V0094,Accident,2026-09-26,69818.11,3786.19
SV00349,V0064,Accident,2025-08-04,59984.99,31579.73
SV00350,V0084,Regular,2026-08-01,93285.68,44006.82
SV00351,V0228,Repair,2025-11-23,39838.58,23529.58
SV00352,V0299,Regular,2025-09-13,31536.49,28232.81
SV00353,V0183,Battery,2025-02-22,78279.93,46618.33
SV00354,V0081,Repair,2025-12-07,60463.12,32124.18
SV00355,V0177,Accident,2026-08-25,49094.72,24042.01
SV00356,V0029,Regular,2025-10-15,41395.83,45638.97
SV00357,V0056,Repair,2025-06-06,80859.2,4814.25
SV00358,V0274,Repair,2026-04-10,44613.97,9419.36
SV00359,V0250,Repair,2025-08-24,33175.94,24466.24
SV00360,V0269,Accident,2025-03-30,28657.53,34403.89
SV00361,V0062,Battery,2025-03-30,53256.29,18543.33
SV00362,V0089,Regular,2025-06-24,85956.11,21330.82
SV00363,V0225,Battery,2026-02-09,74065.91,41541.31
SV00364,V0164,Regular,2025-04-04,71447.22,37520.62
SV00365,V0068,Accident,2025-08-10,22987.3,2506.55
SV00366,V0073,Accident,2026-07-15,37862.17,59730.87
SV00367,V0103,Repair,2025-06-14,70801.95,50151.66
SV00368,V0014,Repair,2026-04-06,31791.8,19611.31
SV00369,V0214,Repair,2026-09-18,57388.6,46644.19
SV00370,V0055,Repair,2026-04-06,37456.83,28613.92
SV00371,V0143,Regular,2026-08-20,77927.74,14640.57
SV00372,V0243,Repair,2026-08-23,55685.7,29885.0
SV00373,V0180,Regular,2026-05-21,48780.99,6973.0
SV00374,V0231,Regular,2026-02-20,56322.59,20457.36
SV00375,V0031,Repair,2025-08-13,29766.69,41561.54
SV00376,V0170,Accident,2026-05-14,62861.54,2458.65
SV00377,V0193,Accident,2026-09-10,33959.64,5294.52
SV00378,V0140,Regular,2025-11-17,50753.81,11258.84
SV00379,V0218,Regular,2025-06-06,91075.47,52982.95
SV00380,V0255,Accident,2026-09-11,41730.09,11991.72
SV00381,V0206,Regular,2025-09-14,1975.12,35825.59
SV00382,V0248,Regular,2025-05-03,88645.58,16140.72
SV00383,V0290,Repair,2026-07-30,79105.93,15956.4
SV00384,V0060,Regular,2026-09-19,99010.9,29450.88
SV00385,V0229,Battery,2026-08-25,11186.33,34562.38
SV00386,V0190,Repair,2026-05-12,23620.43,56585.22
SV00387,V0235,Repair,2026-07-20,67117.48,27224.46
SV00388,V0107,Battery,2025-10-28,15324.64,51377.73
SV00389,V0038,Battery,2026-07-17,85105.84,11984.71
SV00390,V0232,Accident,2026-01-21,12788.33,21215.56
SV00391,V0275,Accident,2025-07-15,77498.73,32918.05
SV00392,V0196,Battery,2025-08-21,48911.78,7799.71
SV00393,V0160,Accident,2025-05-30,33273.5,45716.01
SV00394,V0001,Regular,2026-06-13,99281.73,55297.07
SV00395,V0240,Regular,2025-07-04,34566.96,57938.42
SV00396,V0029,Repair,2025-07-01,90194.84,58942.02
SV00397,V0021,Repair,2025-04-24,81126.3,44508.63
SV00398,V0171,Battery,2026-04-24,76256.07,7700.52
SV00399,V0134,Battery,2026-07-11,49857.59,5887.68
SV00400,V0223,Repair,2025-10-17,58023.78,18207.49
SV00401,V0115,Accident,2025-09-08,99586.09,17994.16
SV00402,V0146,Battery,2025-02-01,12186.21,30283.74
SV00403,V0041,Regular,2026-02-19,73861.5,32406.1
SV00404,V0200,Battery,2026-07-02,77242.84,14444.57
SV00405,V0032,Accident,2025-10-09,53034.98,10737.36
SV00406,V0218,Repair,2025-03-28,48120.64,55170.2
SV00407,V0016,Battery,2025-04-16,70707.56,17167.34
SV00408,V0016,Repair,2026-02-28,39045.18,25578.2
SV00409,V0206,Repair,2026-02-24,30264.05,20487.13
SV00410,V0296,Repair,2025-06-12,21750.56,51804.7
SV00411,V0091,Regular,2025-09-19,46207.51,35372.78
SV00412,V0186,Accident,2025-05-17,54807.72,47328.07
SV00413,V0292,Accident,2025-11-23,82741.61,50952.03
SV00414,V0005,Battery,2026-04-03,33941.23,8712.48
SV00415,V0031,Battery,2025-10-04,27676.39,52623.8
SV00416,V0232,Accident,2025-11-27,48087.21,48253.76
SV00417,V0102,Accident,2026-03-27,41866.83,56670.09
SV00418,V0150,Battery,2025-09-22,34211.68,50394.88
SV00419,V0223,Repair,2026-02-27,31521.0,7826.67
SV00420,V0077,Accident,2026-09-19,70306.66,36455.17
SV00421,V0196,Accident,2025-03-11,26653.38,26236.17
SV00422,V0294,Accident,2026-07-24,82995.61,8024.58
SV00423,V0174,Battery,2025-09-08,17056.68,51052.82
SV00424,V0295,Regular,2026-08-06,667.67,32117.34
SV00425,V0219,Battery,2026-03-09,39147.81,48058.67
SV00426,V0282,Repair,2026-06-25,95250.27,32880.49
SV00427,V0130,Repair,2025-12-22,51947.89,6766.55
SV00428,V0257,Regular,2026-07-27,85674.56,27349.62
SV00429,V0239,Accident,2025-11-04,91578.7,51092.52
SV00430,V0024,Accident,2025-09-24,93851.07,9080.61
SV00431,V0097,Repair,2025-04-30,13085.59,51053.49
SV00432,V0129,Regular,2025-05-25,36864.9,29730.84
SV00433,V0112,Battery,2026-09-19,5948.05,34108.5
SV00434,V0298,Battery,2026-08-26,32083.19,13533.91
SV00435,V0050,Battery,2026-03-04,3495.8,51620.38
SV00436,V0115,Accident,2025-07-01,88337.03,6840.84
SV00437,V0131,Battery,2026-05-30,46971.33,43781.64
SV00438,V0066,Accident,2025-12-12,71930.0,57235.16
SV00439,V0094,Accident,2025-10-08,42963.35,23337.95
SV00440,V0212,Battery,2026-08-21,85199.02,33292.88
SV00441,V0142,Accident,2026-03-04,78910.43,34092.08
SV00442,V0174,Accident,2025-06-26,41988.26,24558.5
SV00443,V0296,Regular,2026-02-14,71314.12,1413.1
SV00444,V0022,Regular,2026-06-08,49107.37,3750.14
SV00445,V0288,Repair,2025-10-07,97163.26,27799.06
SV00446,V0250,Battery,2025-04-25,86874.03,54250.84
SV00447,V0260,Battery,2025-10-14,20066.19,27363.12
SV00448,V0210,Battery,2025-05-15,18863.44,15600.72
SV00449,V0159,Repair,2026-01-19,90295.43,41226.27
SV00450,V0061,Accident,2026-07-07,98547.57,39606.07
SV00451,V0076,Accident,2026-08-08,12518.05,8223.47
SV00452,V0266,Battery,2026-02-11,81390.24,30492.43
SV00453,V0152,Repair,2026-03-04,36674.83,17908.14
SV00454,V0080,Repair,2025-02-01,75648.55,31413.72
SV00455,V0193,Regular,2025-05-13,69639.78,20248.43
SV00456,V0076,Battery,2025-09-20,867.91,240.35
SV00457,V0281,Battery,2026-08-01,23882.59,40123.52
SV00458,V0125,Repair,2026-05-28,33869.27,32930.03
SV00459,V0176,Regular,2025-03-06,22159.46,7666.2
SV00460,V0212,Repair,2026-09-11,26415.74,56156.73
SV00461,V0151,Accident,2026-06-29,75969.37,36152.51
SV00462,V0279,Repair,2025-12-04,94304.62,41845.8
SV00463,V0288,Battery,2025-09-18,15041.26,50363.36
SV00464,V0126,Repair,2025-02-11,88779.24,14826.16
SV00465,V0236,Battery,2026-01-15,8320.41,24203.29
SV00466,V0098,Battery,2026-03-31,39381.04,30666.4
SV00467,V0108,Regular,2025-01-08,14165.64,58331.67
SV00468,V0042,Regular,2026-07-30,85867.73,19669.65
SV00469,V0269,Regular,2025-09-01,44091.14,16061.6
SV00470,V0230,Regular,2025-04-13,79526.9,3784.97
SV00471,V0135,Regular,2025-01-28,8021.93,38538.11
SV00472,V0087,Battery,2026-06-21,96736.77,15123.65
SV00473,V0181,Accident,2026-09-18,77484.49,11790.1
SV00474,V0203,Accident,2026-07-08,57519.31,2567.72
SV00475,V0171,Accident,2026-02-28,33648.92,9153.84
SV00476,V0277,Accident,2025-02-03,51057.57,38197.32
SV00477,V0050,Battery,2026-01-01,57110.67,3222.91
SV00478,V0290,Battery,2025-09-14,48727.7,54151.08
SV00479,V0049,Accident,2026-01-31,67050.63,12248.8
SV00480,V0234,Battery,2026-07-29,98241.83,28949.27
SV00481,V0043,Repair,2025-07-02,1842.43,10103.91
SV00482,V0152,Accident,2025-02-08,31847.14,45359.51
SV00483,V0138,Repair,2026-01-14,78544.52,53512.18
SV00484,V0270,Accident,2025-04-22,37717.83,39789.12
SV00485,V0284,Battery,2025-08-02,94641.2,53156.42
SV00486,V0151,Regular,2026-03-16,39340.43,35418.6
SV00487,V0220,Battery,2026-03-29,21784.46,42288.47
SV00488,V0030,Accident,2025-03-26,41960.71,12233.71
SV00489,V0189,Regular,2026-07-17,74525.39,31743.11
SV00490,V0054,Accident,2025-10-06,13055.86,24193.36
SV00491,V0211,Battery,2025-12-14,31970.6,17160.11
SV00492,V0249,Accident,2026-07-30,48355.99,21230.51
SV00493,V0053,Regular,2026-06-05,21006.7,40738.06
SV00494,V0029,Regular,2025-12-27,46568.11,32096.97
SV00495,V0249,Accident,2025-10-30,76455.22,30069.45
SV00496,V0162,Battery,2025-08-20,20537.37,13737.42
SV00497,V0023,Battery,2025-12-11,88564.33,24462.33
SV00498,V0085,Regular,2026-06-04,79558.01,30268.71
SV00499,V0153,Repair,2026-08-16,7518.45,26206.69
SV00500,V0214,Regular,2025-07-06,14061.75,46173.63
