vehicle_id,model,city,fuel_type
V0001,Sedan X,Patna,Petrol
V0002,SUV Pro,Mumbai,EV
V0003,Sedan X,Mumbai,Hybrid
V0004,Hatch Z,Patna,Petrol
V0005,Hatch Z,Pune,Diesel
V0006,SUV Pro,Mumbai,Hybrid
V0007,Hatch Z,Bangalore,Diesel
V0008,Truck Max,Bangalore,Diesel
V0009,SUV Pro,Patna,Petrol
V0010,Sedan X,Bangalore,Petrol
V0011,EV One,Patna,Hybrid
V0012,SUV Pro,Bangalore,Diesel
V0013,SUV Pro,Pune,Petrol
V0014,SUV Pro,Pune,Hybrid
V0015,SUV Pro,Delhi,Petrol
V0016,EV One,Mumbai,Hybrid
V0017,SUV Pro,Bangalore,Diesel
V0018,Sedan X,Delhi,Hybrid
V0019,Sedan X,Patna,Diesel
V0020,Sedan X,Patna,EV
V0021,Truck Max,Pune,EV
V0022,Hatch Z,Pune,Diesel
V0023,SUV Pro,Delhi,Petrol
V0024,Truck Max,Delhi,EV
V0025,Hatch Z,Mumbai,Hybrid
V0026,Truck Max,Pune,EV
V0027,SUV Pro,Bangalore,Hybrid
V0028,SUV Pro,Patna,EV
V0029,Hatch Z,Delhi,Petrol
V0030,Sedan X,Mumbai,Hybrid
V0031,Truck Max,Patna,EV
V0032,EV One,Delhi,Diesel
V0033,SUV Pro,Delhi,Petrol
V0034,Hatch Z,Mumbai,Hybrid
V0035,EV One,Delhi,Diesel
V0036,SUV Pro,Patna,Petrol
V0037,EV One,Mumbai,Hybrid
V0038,Truck Max,Patna,Diesel
V0039,Sedan X,Delhi,Hybrid
V0040,EV One,Delhi,Diesel
V0041,SUV Pro,Delhi,Diesel
V0042,SUV Pro,Pune,Petrol
V0043,SUV Pro,Bangalore,Hybrid
V0044,Sedan X,Delhi,Diesel
V0045,Sedan X,Pune,Hybrid
V0046,Hatch Z,Patna,EV
V0047,Hatch Z,Patna,Hybrid
V0048,EV One,Bangalore,EV
V0049,Truck Max,Pune,Diesel
V0050,SUV Pro,Pune,EV
V0051,EV One,Bangalore,EV
V0052,Truck Max,Bangalore,Diesel
V0053,Hatch Z,Mumbai,Hybrid
V0054,Truck Max,Bangalore,Diesel
V0055,Truck Max,Pune,EV
V0056,EV One,Bangalore,EV
V0057,Truck Max,Pune,Petrol
V0058,Sedan X,Mumbai,EV
V0059,Truck Max,Delhi,Diesel
V0060,Sedan X,Pune,Hybrid
V0061,Hatch Z,Pune,EV
V0062,Hatch Z,Delhi,Diesel
V0063,EV One,Pune,Petrol
V0064,EV One,Pune,Petrol
V0065,SUV Pro,Patna,Diesel
V0066,Hatch Z,Pune,Hybrid
V0067,SUV Pro,Pune,Petrol
V0068,EV One,Bangalore,EV
V0069,Truck Max,Mumbai,Diesel
V0070,Sedan X,Mumbai,Hybrid
V0071,SUV Pro,Pune,Diesel
V0072,Hatch Z,Pune,Hybrid
V0073,Sedan X,Bangalore,EV
V0074,Hatch Z,Pune,Diesel
V0075,EV One,Delhi,Hybrid
V0076,Hatch Z,Bangalore,EV
V0077,Sedan X,Delhi,EV
V0078,Sedan X,Pune,Hybrid
V0079,Truck Max,Mumbai,Hybrid
V0080,Hatch Z,Delhi,Diesel
V0081,Sedan X,Mumbai,Petrol
V0082,Truck Max,Delhi,Hybrid
V0083,Truck Max,Patna,EV
V0084,Sedan X,Mumbai,Diesel
V0085,EV One,Delhi,EV
V0086,SUV Pro,Bangalore,Hybrid
V0087,Truck Max,Delhi,EV
V0088,Sedan X,Delhi,Diesel
V0089,SUV Pro,Bangalore,Diesel
V0090,EV One,Pune,Diesel
V0091,EV One,Patna,Diesel
V0092,SUV Pro,Mumbai,Hybrid
V0093,Hatch Z,Mumbai,Diesel
V0094,Truck Max,Bangalore,EV
V0095,Sedan X,Patna,Hybrid
V0096,Hatch Z,Patna,Diesel
V0097,Truck Max,Bangalore,Hybrid
V0098,SUV Pro,Delhi,Hybrid
V0099,EV One,Patna,Hybrid
V0100,EV One,Patna,Petrol
V0101,EV One,Mumbai,Diesel
V0102,Sedan X,Patna,Hybrid
V0103,Sedan X,Patna,Petrol
V0104,EV One,Mumbai,Hybrid
V0105,SUV Pro,Pune,Hybrid
V0106,Hatch Z,Bangalore,EV
V0107,Sedan X,Delhi,Petrol
V0108,Hatch Z,Patna,Hybrid
V0109,Hatch Z,Mumbai,Diesel
V0110,Hatch Z,Mumbai,EV
V0111,Hatch Z,Patna,Petrol
V0112,EV One,Mumbai,EV
V0113,SUV Pro,Delhi,EV
V0114,Truck Max,Patna,Hybrid
V0115,Sedan X,Pune,Petrol
V0116,Sedan X,Delhi,Petrol
V0117,Truck Max,Patna,Hybrid
V0118,Sedan X,Pune,EV
V0119,SUV Pro,Patna,Hybrid
V0120,Sedan X,Pune,Hybrid
V0121,EV One,Patna,Petrol
V0122,Truck Max,Bangalore,Petrol
V0123,Truck Max,Patna,EV
V0124,Sedan X,Bangalore,Hybrid
V0125,Truck Max,Pune,Petrol
V0126,Hatch Z,Mumbai,Petrol
V0127,EV One,Pune,Hybrid
V0128,Hatch Z,Pune,Hybrid
V0129,Hatch Z,Bangalore,Petrol
V0130,Hatch Z,Bangalore,Petrol
V0131,SUV Pro,Pune,Hybrid
V0132,SUV Pro,Patna,Hybrid
V0133,SUV Pro,Pune,Diesel
V0134,EV One,Mumbai,EV
V0135,SUV Pro,Patna,Hybrid
V0136,EV One,Delhi,Petrol
V0137,Sedan X,Pune,Diesel
V0138,Hatch Z,Patna,EV
V0139,EV One,Bangalore,EV
V0140,Hatch Z,Pune,EV
V0141,Truck Max,Pune,Petrol
V0142,Hatch Z,Pune,Petrol
V0143,Hatch Z,Delhi,Petrol
V0144,SUV Pro,Bangalore,Diesel
V0145,Hatch Z,Mumbai,EV
V0146,EV One,Patna,Hybrid
V0147,EV One,Delhi,Petrol
V0148,Truck Max,Bangalore,EV
V0149,Sedan X,Bangalore,Diesel
V0150,Truck Max,Patna,Petrol
V0151,Truck Max,Mumbai,Petrol
V0152,Truck Max,Patna,Petrol
V0153,Sedan X,Mumbai,Hybrid
V0154,Hatch Z,Delhi,Petrol
V0155,Hatch Z,Patna,Diesel
V0156,Hatch Z,Delhi,Diesel
V0157,EV One,Mumbai,Hybrid
V0158,Sedan X,Delhi,Hybrid
V0159,Hatch Z,Delhi,EV
V0160,EV One,Pune,Petrol
V0161,Sedan X,Patna,EV
V0162,SUV Pro,Bangalore,Diesel
V0163,Sedan X,Mumbai,Hybrid
V0164,EV One,Bangalore,Hybrid
V0165,Truck Max,Pune,Petrol
V0166,Truck Max,Delhi,Diesel
V0167,Sedan X,Bangalore,Diesel
V0168,Sedan X,Bangalore,Diesel
V0169,Sedan X,Bangalore,EV
V0170,Sedan X,Mumbai,Hybrid
V0171,EV One,Delhi,Diesel
V0172,Hatch Z,Mumbai,Petrol
V0173,Truck Max,Pune,Hybrid
V0174,SUV Pro,Bangalore,Hybrid
V0175,Sedan X,Mumbai,Petrol
V0176,Hatch Z,Bangalore,Petrol
V0177,EV One,Bangalore,Diesel
V0178,SUV Pro,Mumbai,Hybrid
V0179,EV One,Mumbai,Hybrid
V0180,Sedan X,Mumbai,Hybrid
V0181,SUV Pro,Delhi,Hybrid
V0182,Truck Max,Bangalore,EV
V0183,Truck Max,Bangalore,Hybrid
V0184,Sedan X,Bangalore,Hybrid
V0185,Truck Max,Pune,EV
V0186,SUV Pro,Mumbai,Petrol
V0187,EV One,Delhi,Hybrid
V0188,EV One,Bangalore,Diesel
V0189,Truck Max,Pune,EV
V0190,Sedan X,Delhi,Diesel
V0191,Hatch Z,Pune,Hybrid
V0192,Sedan X,Bangalore,Hybrid
V0193,Hatch Z,Patna,EV
V0194,SUV Pro,Delhi,EV
V0195,Sedan X,Bangalore,Petrol
V0196,SUV Pro,Bangalore,Petrol
V0197,Hatch Z,Bangalore,Diesel
V0198,Sedan X,Pune,Hybrid
V0199,Hatch Z,Mumbai,Hybrid
V0200,Truck Max,Delhi,Hybrid
V0201,SUV Pro,Bangalore,Petrol
V0202,Sedan X,Pune,Hybrid
V0203,Sedan X,Delhi,EV
V0204,EV One,Bangalore,EV
V0205,EV One,Delhi,Petrol
V0206,EV One,Patna,Petrol
V0207,Sedan X,Pune,EV
V0208,EV One,Bangalore,Hybrid
V0209,Sedan X,Delhi,Diesel
V0210,EV One,Patna,EV
V0211,Hatch Z,Pune,Hybrid
V0212,Hatch Z,Mumbai,Petrol
V0213,Truck Max,Delhi,Petrol
V0214,Truck Max,Pune,Petrol
V0215,Sedan X,Delhi,EV
V0216,Sedan X,Delhi,EV
V0217,Truck Max,Delhi,Diesel
V0218,EV One,Patna,Petrol
V0219,SUV Pro,Mumbai,Petrol
V0220,SUV Pro,Bangalore,Hybrid
V0221,SUV Pro,Bangalore,Diesel
V0222,Sedan X,Bangalore,EV
V0223,Hatch Z,Patna,Petrol
V0224,SUV Pro,Delhi,Petrol
V0225,Hatch Z,Pune,Diesel
V0226,EV One,Patna,EV
V0227,SUV Pro,Patna,EV
V0228,Sedan X,Pune,Diesel
V0229,Sedan X,Delhi,Petrol
V0230,Hatch Z,Pune,Diesel
V0231,EV One,Delhi,Diesel
V0232,Truck Max,Delhi,Hybrid
V0233,Hatch Z,Patna,Petrol
V0234,Truck Max,Pune,Hybrid
V0235,SUV Pro,Bangalore,Hybrid
V0236,SUV Pro,Bangalore,Hybrid
V0237,SUV Pro,Delhi,EV
V0238,Sedan X,Mumbai,Diesel
V0239,Sedan X,Patna,EV
V0240,Hatch Z,Bangalore,Diesel
V0241,Truck Max,Delhi,Hybrid
V0242,Hatch Z,Patna,Diesel
V0243,Sedan X,Patna,EV
V0244,SUV Pro,Pune,Hybrid
V0245,Sedan X,Delhi,Hybrid
V0246,EV One,Delhi,EV
V0247,Truck Max,Mumbai,Diesel
V0248,Hatch Z,Mumbai,Hybrid
V0249,EV One,Delhi,EV
V0250,EV One,Delhi,Diesel
V0251,Truck Max,Delhi,Hybrid
V0252,Hatch Z,Pune,Hybrid
V0253,Sedan X,Mumbai,Diesel
V0254,Truck Max,Bangalore,Diesel
V0255,Truck Max,Delhi,Petrol
V0256,Hatch Z,Pune,Hybrid
V0257,Truck Max,Patna,Petrol
V0258,Hatch Z,Pune,Petrol
V0259,Hatch Z,Pune,Diesel
V0260,Sedan X,Pune,Hybrid
V0261,EV One,Pune,Diesel
V0262,Sedan X,Bangalore,Petrol
V0263,Truck Max,Patna,EV
V0264,Hatch Z,Mumbai,Hybrid
V0265,EV One,Delhi,Diesel
V0266,Hatch Z,Mumbai,Hybrid
V0267,Truck Max,Pune,EV
V0268,Truck Max,Delhi,Hybrid
V0269,Sedan X,Delhi,Hybrid
V0270,Truck Max,Delhi,Petrol
V0271,Sedan X,Mumbai,Hybrid
V0272,Truck Max,Mumbai,Hybrid
V0273,EV One,Patna,Diesel
V0274,SUV Pro,Pune,Hybrid
V0275,Sedan X,Mumbai,Hybrid
V0276,Hatch Z,Bangalore,Diesel
V0277,Sedan X,Delhi,Petrol
V0278,Sedan X,Delhi,Petrol
V0279,Sedan X,Patna,Petrol
V0280,Sedan X,Patna,Hybrid
V0281,EV One,Bangalore,Hybrid
V0282,Sedan X,Pune,EV
V0283,EV One,Delhi,Hybrid
V0284,Hatch Z,Patna,Petrol
V0285,Sedan X,Mumbai,Petrol
V0286,Truck Max,Patna,EV
V0287,Hatch Z,Patna,Hybrid
V0288,SUV Pro,Pune,Petrol
V0289,EV One,Pune,Hybrid
V0290,Hatch Z,Mumbai,Diesel
V0291,Sedan X,Delhi,Hybrid
V0292,EV One,Pune,Hybrid
V0293,Truck Max,Bangalore,Diesel
V0294,EV One,Mumbai,Diesel
V0295,SUV Pro,Delhi,Petrol
V0296,SUV Pro,Patna,Diesel
V0297,EV One,Patna,Petrol
V0298,Truck Max,Delhi,Petrol
V0299,Sedan X,Pune,Hybrid
V0300,Hatch Z,Patna,EV
