booking_id,hotel_id,room_type,booking_date,room_charge,nights
HB00001,H0230,Suite,2025-06-20,27019.18,8
HB00002,H0026,Deluxe,2025-11-11,5601.43,8
HB00003,H0087,Suite,2026-02-27,14760.96,6
HB00004,H0129,Deluxe,2025-11-28,17240.5,8
HB00005,H0118,Suite,2025-03-19,28506.54,9
HB00006,H0038,Standard,2025-11-18,4539.19,1
HB00007,H0136,Deluxe,2025-10-10,4929.7,3
HB00008,H0076,Standard,2026-05-23,26796.88,4
HB00009,H0185,Deluxe,2026-08-24,5413.92,4
HB00010,H0170,Deluxe,2026-09-09,6946.11,3
HB00011,H0066,Deluxe,2026-02-20,19467.03,4
HB00012,H0199,Suite,2026-04-25,1686.05,1
HB00013,H0103,Standard,2025-02-27,12113.59,9
HB00014,H0221,Suite,2025-01-21,28102.49,3
HB00015,H0185,Suite,2025-03-26,3138.73,4
HB00016,H0215,Deluxe,2025-03-31,26822.09,5
HB00017,H0026,Standard,2026-07-08,28708.85,7
HB00018,H0234,Standard,2026-08-11,3075.15,8
HB00019,H0247,Standard,2025-09-22,23925.49,4
HB00020,H0153,Deluxe,2025-05-09,24214.0,1
HB00021,H0050,Standard,2025-11-23,9754.71,6
HB00022,H0028,Deluxe,2026-03-18,28107.32,7
HB00023,H0066,Standard,2025-01-18,16398.36,6
HB00024,H0224,Standard,2025-02-28,25758.92,2
HB00025,H0161,Standard,2025-02-15,29251.95,3
HB00026,H0200,Deluxe,2026-02-23,28112.43,8
HB00027,H0093,Deluxe,2025-07-29,28802.19,4
HB00028,H0180,Suite,2026-07-01,20126.27,8
HB00029,H0016,Deluxe,2025-02-01,5162.68,5
HB00030,H0133,Deluxe,2026-08-27,6943.02,7
HB00031,H0145,Deluxe,2026-01-27,20891.29,2
HB00032,H0056,Suite,2025-07-06,5665.76,9
HB00033,H0077,Deluxe,2026-04-19,17671.49,1
HB00034,H0196,Suite,2026-07-20,8138.14,7
HB00035,H0015,Suite,2026-09-01,22397.65,5
HB00036,H0207,Standard,2026-09-01,3826.59,4
HB00037,H0050,Suite,2026-04-03,14103.76,7
HB00038,H0064,Standard,2025-02-19,6139.56,3
HB00039,H0246,Standard,2025-01-22,4564.41,7
HB00040,H0104,Deluxe,2026-03-22,7411.3,2
HB00041,H0049,Deluxe,2025-05-11,11812.67,9
HB00042,H0228,Standard,2026-08-17,6517.95,1
HB00043,H0066,Suite,2025-07-25,14080.45,2
HB00044,H0244,Standard,2026-04-21,3219.53,2
HB00045,H0107,Suite,2025-12-24,26352.5,7
HB00046,H0232,Suite,2026-03-14,8643.74,8
HB00047,H0221,Suite,2025-09-19,25265.39,5
HB00048,H0125,Suite,2025-02-15,11023.78,3
HB00049,H0231,Standard,2025-07-08,29984.56,7
HB00050,H0249,Deluxe,2025-12-23,26260.44,8
HB00051,H0153,Standard,2026-07-29,4946.03,9
HB00052,H0078,Suite,2025-02-01,23582.74,5
HB00053,H0123,Deluxe,2025-08-31,10231.59,6
HB00054,H0107,Suite,2026-07-02,12508.18,4
HB00055,H0151,Deluxe,2025-02-02,3809.21,9
HB00056,H0057,Standard,2025-10-30,18698.24,8
HB00057,H0119,Suite,2026-05-10,6354.19,4
HB00058,H0184,Standard,2025-10-31,22565.61,4
HB00059,H0056,Suite,2025-06-09,12772.58,8
HB00060,H0224,Standard,2026-09-27,21316.73,2
HB00061,H0219,Suite,2025-01-08,12141.81,1
HB00062,H0054,Standard,2026-09-12,26726.32,9
HB00063,H0203,Standard,2025-09-06,28121.25,8
HB00064,H0208,Standard,2026-09-29,28115.04,3
HB00065,H0157,Suite,2025-03-06,23622.94,6
HB00066,H0087,Standard,2025-01-05,12508.15,8
HB00067,H0178,Suite,2026-04-25,19749.09,6
HB00068,H0237,Standard,2025-02-04,19714.02,9
HB00069,H0048,Suite,2025-12-24,18861.95,1
HB00070,H0231,Suite,2025-02-05,20767.13,1
HB00071,H0106,Deluxe,2025-05-12,18538.23,3
HB00072,H0200,Standard,2026-05-04,29356.38,6
HB00073,H0015,Suite,2025-07-06,18543.81,5
HB00074,H0161,Deluxe,2025-10-19,11549.39,9
HB00075,H0140,Standard,2026-04-03,22033.47,3
HB00076,H0043,Suite,2026-02-27,8277.42,7
HB00077,H0248,Suite,2026-08-12,29275.43,4
HB00078,H0109,Deluxe,2026-06-07,25151.32,2
HB00079,H0025,Standard,2025-07-30,18791.53,3
HB00080,H0200,Standard,2025-01-21,26285.46,7
HB00081,H0072,Standard,2026-06-07,28597.88,1
HB00082,H0241,Suite,2026-07-04,5261.99,1
HB00083,H0035,Deluxe,2025-04-17,5249.04,3
HB00084,H0238,Suite,2025-02-15,2822.3,3
HB00085,H0240,Suite,2026-07-02,5701.41,6
HB00086,H0223,Deluxe,2026-06-14,24566.75,1
HB00087,H0127,Standard,2026-09-22,14449.75,8
HB00088,H0033,Suite,2026-03-06,10809.18,1
HB00089,H0124,Standard,2025-01-08,19860.6,7
HB00090,H0162,Suite,2025-06-21,22993.66,4
HB00091,H0095,Standard,2026-07-10,7049.76,5
HB00092,H0116,Standard,2026-02-08,8721.07,4
HB00093,H0202,Suite,2025-01-16,18422.35,6
HB00094,H0189,Deluxe,2026-09-16,5569.35,4
HB00095,H0211,Suite,2025-04-28,9361.05,1
HB00096,H0153,Suite,2025-08-04,4480.88,6
HB00097,H0072,Deluxe,2026-01-30,22239.66,6
HB00098,H0047,Suite,2025-05-19,6773.1,3
HB00099,H0033,Suite,2026-06-29,23557.37,1
HB00100,H0010,Suite,2026-03-05,6292.76,8
HB00101,H0001,Deluxe,2026-06-13,6592.02,1
HB00102,H0094,Suite,2025-04-01,5959.74,5
HB00103,H0050,Suite,2026-03-23,13859.48,4
HB00104,H0012,Deluxe,2026-01-18,27678.55,9
HB00105,H0232,Standard,2025-10-16,3722.36,8
HB00106,H0085,Deluxe,2026-08-10,9290.11,2
HB00107,H0226,Deluxe,2026-06-20,14730.74,8
HB00108,H0199,Suite,2025-01-11,19127.42,2
HB00109,H0169,Suite,2025-10-23,25129.5,5
HB00110,H0206,Standard,2025-03-18,11858.03,6
HB00111,H0139,Deluxe,2025-10-13,17063.76,6
HB00112,H0247,Suite,2026-06-19,10357.7,9
HB00113,H0204,Standard,2025-03-31,5041.96,6
HB00114,H0034,Deluxe,2025-09-14,7199.48,6
HB00115,H0182,Deluxe,2026-04-15,18138.62,5
HB00116,H0093,Standard,2026-08-30,29673.53,4
HB00117,H0149,Suite,2025-09-20,20388.4,5
HB00118,H0020,Suite,2025-02-08,8467.48,1
HB00119,H0010,Suite,2026-05-20,6631.7,7
HB00120,H0133,Suite,2026-07-20,7854.04,8
HB00121,H0041,Deluxe,2025-04-15,4381.11,4
HB00122,H0157,Deluxe,2025-12-05,11191.85,4
HB00123,H0172,Suite,2026-05-10,15237.9,4
HB00124,H0087,Standard,2026-01-24,13728.18,9
HB00125,H0245,Suite,2025-12-15,19404.43,4
HB00126,H0118,Standard,2026-09-04,2541.71,2
HB00127,H0003,Deluxe,2025-05-05,5609.07,4
HB00128,H0013,Standard,2025-02-01,12887.25,4
HB00129,H0238,Suite,2025-12-29,24786.76,2
HB00130,H0101,Suite,2026-04-18,4230.4,9
HB00131,H0120,Suite,2025-04-15,14581.54,8
HB00132,H0211,Suite,2026-03-03,3792.24,6
HB00133,H0072,Deluxe,2025-10-21,14160.18,8
HB00134,H0049,Deluxe,2026-07-09,18855.25,9
HB00135,H0165,Suite,2025-04-06,16487.01,5
HB00136,H0067,Standard,2025-03-14,25925.76,2
HB00137,H0145,Suite,2026-08-02,3054.18,4
HB00138,H0001,Standard,2025-11-15,16551.07,6
HB00139,H0080,Suite,2026-08-21,19048.58,6
HB00140,H0132,Standard,2025-05-24,5520.24,2
HB00141,H0123,Suite,2025-05-04,5825.22,3
HB00142,H0125,Suite,2026-07-28,12068.53,3
HB00143,H0023,Standard,2025-04-07,9138.56,3
HB00144,H0154,Standard,2025-06-28,20832.6,8
HB00145,H0145,Deluxe,2025-03-28,25236.26,7
HB00146,H0132,Suite,2026-03-31,2710.5,5
HB00147,H0100,Deluxe,2026-07-01,12451.63,4
HB00148,H0060,Suite,2025-06-18,7826.9,6
HB00149,H0102,Deluxe,2026-05-05,12214.15,4
HB00150,H0140,Deluxe,2025-11-23,5691.12,9
HB00151,H0018,Suite,2026-04-23,25369.21,1
HB00152,H0199,Standard,2025-12-30,14127.49,6
HB00153,H0215,Suite,2025-03-23,27007.51,3
HB00154,H0226,Deluxe,2025-09-12,12285.97,1
HB00155,H0109,Deluxe,2025-02-09,9833.12,3
HB00156,H0224,Standard,2025-02-10,4016.67,5
HB00157,H0087,Deluxe,2025-10-05,29561.57,6
HB00158,H0194,Suite,2026-09-28,13978.26,6
HB00159,H0094,Suite,2026-08-06,5285.63,2
HB00160,H0030,Deluxe,2026-09-20,24939.98,2
HB00161,H0075,Deluxe,2025-05-05,11950.97,1
HB00162,H0030,Standard,2025-06-07,15157.64,8
HB00163,H0243,Standard,2025-06-15,2844.09,5
HB00164,H0105,Deluxe,2026-04-29,3892.21,5
HB00165,H0191,Deluxe,2026-02-12,5207.9,5
HB00166,H0089,Deluxe,2026-02-16,19944.6,5
HB00167,H0074,Deluxe,2026-01-09,11079.53,2
HB00168,H0090,Standard,2026-02-07,23332.03,6
HB00169,H0036,Suite,2025-07-31,7611.4,7
HB00170,H0223,Deluxe,2025-12-15,18026.41,8
HB00171,H0186,Standard,2026-01-03,25551.62,7
HB00172,H0116,Suite,2025-04-30,2591.3,5
HB00173,H0028,Standard,2025-04-12,7013.57,2
HB00174,H0182,Deluxe,2026-07-26,24493.85,2
HB00175,H0065,Standard,2025-12-11,29536.05,9
HB00176,H0094,Deluxe,2026-05-01,28335.11,5
HB00177,H0203,Deluxe,2025-12-19,21336.03,8
HB00178,H0063,Suite,2025-06-11,20018.11,9
HB00179,H0237,Standard,2026-04-26,29504.43,1
HB00180,H0028,Deluxe,2026-02-09,8468.32,3
HB00181,H0174,Deluxe,2026-07-03,13070.81,4
HB00182,H0150,Standard,2026-05-07,5492.79,5
HB00183,H0234,Suite,2026-07-25,21243.26,2
HB00184,H0203,Suite,2026-01-17,20862.77,3
HB00185,H0089,Deluxe,2026-04-20,13615.43,6
HB00186,H0219,Standard,2025-10-12,3309.65,5
HB00187,H0171,Standard,2025-11-12,29051.94,3
HB00188,H0180,Standard,2025-11-19,22240.66,2
HB00189,H0144,Standard,2026-08-08,14456.12,2
HB00190,H0248,Deluxe,2025-04-06,10154.12,6
HB00191,H0245,Deluxe,2025-09-15,15157.76,9
HB00192,H0153,Deluxe,2026-07-24,6542.09,4
HB00193,H0076,Standard,2026-08-01,15473.43,2
HB00194,H0112,Standard,2026-06-13,20526.46,2
HB00195,H0152,Suite,2026-08-11,15118.44,8
HB00196,H0206,Suite,2025-04-12,4954.64,3
HB00197,H0216,Deluxe,2026-02-27,5718.17,8
HB00198,H0041,Deluxe,2026-03-14,25071.26,8
HB00199,H0241,Deluxe,2026-01-25,9874.63,2
HB00200,H0173,Suite,2026-07-31,4268.67,1
HB00201,H0250,Standard,2026-05-29,5578.15,7
HB00202,H0028,Standard,2026-02-19,26427.93,7
HB00203,H0207,Standard,2026-05-05,15567.55,5
HB00204,H0042,Suite,2025-02-24,13040.88,1
HB00205,H0235,Deluxe,2026-04-06,7435.08,3
HB00206,H0161,Deluxe,2025-03-19,12475.44,6
HB00207,H0226,Deluxe,2025-08-16,2737.45,5
HB00208,H0090,Deluxe,2025-05-02,22329.81,4
HB00209,H0106,Deluxe,2025-09-17,6699.32,9
HB00210,H0161,Deluxe,2026-04-27,13471.46,2
HB00211,H0193,Standard,2026-09-20,10751.45,7
HB00212,H0156,Suite,2025-12-30,16009.08,8
HB00213,H0153,Deluxe,2025-10-07,18711.22,1
HB00214,H0205,Standard,2025-06-13,5003.31,7
HB00215,H0072,Standard,2025-10-01,2649.84,1
HB00216,H0210,Standard,2025-08-03,3259.56,5
HB00217,H0064,Suite,2026-01-27,6747.79,4
HB00218,H0007,Deluxe,2025-02-15,14021.82,5
HB00219,H0023,Suite,2025-08-30,19264.51,4
HB00220,H0171,Suite,2025-08-29,17756.81,8
HB00221,H0226,Suite,2026-03-23,24608.65,2
HB00222,H0112,Suite,2025-09-27,10451.16,8
HB00223,H0069,Standard,2026-01-20,26577.45,8
HB00224,H0193,Suite,2025-01-18,10817.47,7
HB00225,H0117,Deluxe,2026-01-19,20691.26,6
HB00226,H0151,Standard,2025-04-30,22289.44,9
HB00227,H0149,Deluxe,2025-07-21,9618.0,6
HB00228,H0214,Suite,2025-01-08,22583.95,5
HB00229,H0094,Standard,2025-01-21,9386.95,4
HB00230,H0150,Suite,2026-02-11,16336.97,5
HB00231,H0087,Deluxe,2025-10-01,12004.0,4
HB00232,H0105,Suite,2026-07-27,5420.78,6
HB00233,H0131,Standard,2026-01-07,21626.41,9
HB00234,H0019,Standard,2025-07-12,12965.09,8
HB00235,H0107,Standard,2025-11-16,1614.4,4
HB00236,H0229,Suite,2026-05-19,13425.81,9
HB00237,H0162,Deluxe,2025-08-11,15297.55,1
HB00238,H0174,Standard,2025-07-03,20656.95,2
HB00239,H0069,Deluxe,2025-10-28,2320.93,7
HB00240,H0161,Suite,2026-03-31,8203.56,3
HB00241,H0015,Deluxe,2026-08-14,20493.1,7
HB00242,H0088,Standard,2026-09-05,11516.01,9
HB00243,H0092,Standard,2026-08-20,5625.08,4
HB00244,H0049,Suite,2025-06-03,3794.2,9
HB00245,H0069,Deluxe,2025-08-20,13434.19,4
HB00246,H0127,Deluxe,2026-05-22,29243.91,1
HB00247,H0028,Standard,2025-05-13,29674.58,5
HB00248,H0117,Standard,2025-08-10,12246.15,6
HB00249,H0013,Standard,2025-01-27,15505.77,1
HB00250,H0217,Standard,2025-01-28,21785.97,5
HB00251,H0117,Standard,2026-08-15,23516.91,2
HB00252,H0233,Deluxe,2026-08-13,19696.8,5
HB00253,H0208,Suite,2025-05-13,20734.95,3
HB00254,H0038,Standard,2025-01-07,25740.82,8
HB00255,H0008,Standard,2025-09-03,12335.99,4
HB00256,H0001,Deluxe,2025-06-21,20625.22,2
HB00257,H0167,Deluxe,2025-01-10,28295.78,3
HB00258,H0004,Deluxe,2026-02-08,19596.62,6
HB00259,H0099,Deluxe,2026-09-22,16628.53,6
HB00260,H0066,Standard,2026-03-23,12211.78,1
HB00261,H0243,Suite,2025-07-22,8768.38,7
HB00262,H0063,Suite,2025-03-05,16783.21,5
HB00263,H0172,Suite,2026-02-25,1713.5,3
HB00264,H0175,Suite,2026-07-18,25493.34,5
HB00265,H0071,Deluxe,2025-10-30,17403.7,6
HB00266,H0218,Deluxe,2025-01-24,25789.88,2
HB00267,H0084,Standard,2026-07-14,4750.08,3
HB00268,H0122,Suite,2025-04-25,21183.59,2
HB00269,H0198,Deluxe,2026-03-12,27459.86,3
HB00270,H0084,Standard,2026-06-03,23230.71,9
HB00271,H0078,Standard,2026-02-20,3244.91,2
HB00272,H0046,Suite,2025-06-27,29008.54,7
HB00273,H0114,Suite,2026-01-30,24208.52,1
HB00274,H0048,Deluxe,2026-09-19,11883.65,5
HB00275,H0125,Suite,2025-12-06,8161.13,9
HB00276,H0168,Standard,2026-09-26,29861.51,5
HB00277,H0224,Suite,2025-01-03,11189.09,1
HB00278,H0226,Deluxe,2025-08-21,20106.05,2
HB00279,H0130,Standard,2026-05-18,13416.97,4
HB00280,H0021,Standard,2025-09-18,10943.81,4
HB00281,H0020,Standard,2026-03-27,12120.9,1
HB00282,H0096,Standard,2025-01-23,7135.37,2
HB00283,H0134,Deluxe,2025-01-15,9274.35,7
HB00284,H0011,Standard,2025-08-04,8046.3,1
HB00285,H0183,Suite,2026-05-04,12600.44,6
HB00286,H0157,Deluxe,2025-10-13,27229.46,3
HB00287,H0160,Standard,2025-09-23,5564.38,9
HB00288,H0025,Deluxe,2025-05-03,27497.24,6
HB00289,H0247,Deluxe,2026-02-05,8511.92,2
HB00290,H0217,Standard,2025-09-22,21856.02,7
HB00291,H0208,Deluxe,2025-12-06,25116.69,1
HB00292,H0121,Standard,2025-05-29,5799.06,6
HB00293,H0113,Deluxe,2026-07-07,18932.21,2
HB00294,H0217,Standard,2026-05-05,5726.52,3
HB00295,H0056,Standard,2025-04-04,9381.6,3
HB00296,H0198,Deluxe,2025-10-29,9447.01,6
HB00297,H0021,Deluxe,2025-08-11,14627.38,1
HB00298,H0183,Deluxe,2025-10-12,22806.94,1
HB00299,H0240,Standard,2025-06-12,28590.78,2
HB00300,H0050,Standard,2025-05-01,17388.48,7
HB00301,H0101,Deluxe,2025-06-21,23806.41,1
HB00302,H0136,Standard,2025-06-08,7244.21,5
HB00303,H0185,Suite,2026-01-15,7707.9,6
HB00304,H0018,Deluxe,2026-05-11,25363.21,7
HB00305,H0134,Suite,2026-06-02,15094.17,3
HB00306,H0040,Standard,2026-07-30,3305.5,9
HB00307,H0088,Deluxe,2025-07-22,8545.44,8
HB00308,H0183,Suite,2025-04-01,25436.21,1
HB00309,H0161,Deluxe,2025-07-10,26827.36,8
HB00310,H0215,Standard,2025-06-02,15693.63,1
HB00311,H0074,Deluxe,2025-03-02,3977.64,6
HB00312,H0211,Suite,2025-05-09,12087.68,1
HB00313,H0224,Deluxe,2026-01-25,2089.89,7
HB00314,H0167,Deluxe,2025-06-22,5135.51,2
HB00315,H0149,Suite,2025-09-25,29345.5,4
HB00316,H0210,Suite,2026-02-27,2861.83,7
HB00317,H0246,Deluxe,2026-01-30,13766.46,5
HB00318,H0179,Standard,2025-06-19,19357.63,7
HB00319,H0165,Deluxe,2025-03-24,13781.87,5
HB00320,H0066,Deluxe,2025-12-28,13589.1,7
HB00321,H0086,Deluxe,2025-07-08,26397.76,4
HB00322,H0177,Standard,2025-09-04,7818.86,2
HB00323,H0073,Suite,2025-11-11,28790.67,1
HB00324,H0081,Deluxe,2026-07-13,5704.67,3
HB00325,H0236,Standard,2025-09-05,9757.43,6
HB00326,H0094,Deluxe,2026-01-10,7884.46,6
HB00327,H0184,Deluxe,2026-06-03,15152.07,7
HB00328,H0182,Standard,2026-07-25,3033.51,9
HB00329,H0172,Standard,2026-04-01,23051.38,4
HB00330,H0088,Suite,2025-03-09,29394.83,9
HB00331,H0162,Standard,2026-05-18,22796.98,4
HB00332,H0009,Suite,2025-11-13,4437.05,7
HB00333,H0149,Deluxe,2026-05-27,27520.47,2
HB00334,H0046,Suite,2025-11-06,29638.05,9
HB00335,H0122,Standard,2025-09-30,25213.25,4
HB00336,H0196,Deluxe,2026-05-06,2960.53,6
HB00337,H0068,Standard,2025-07-23,10263.8,2
HB00338,H0145,Suite,2026-02-22,29653.11,1
HB00339,H0189,Deluxe,2026-09-07,29091.0,9
HB00340,H0238,Deluxe,2025-03-02,15801.83,2
HB00341,H0170,Standard,2026-08-24,9202.49,6
HB00342,H0065,Deluxe,2025-06-19,3524.92,6
HB00343,H0228,Deluxe,2026-07-21,8903.54,8
HB00344,H0012,Deluxe,2026-06-01,15341.58,3
HB00345,H0001,Standard,2025-07-12,27923.07,2
HB00346,H0247,Standard,2026-06-21,3993.55,5
HB00347,H0241,Deluxe,2025-10-06,22233.75,4
HB00348,H0050,Deluxe,2025-03-03,26690.58,7
HB00349,H0143,Suite,2026-01-15,23059.28,4
HB00350,H0031,Suite,2025-05-04,25212.58,3
HB00351,H0012,Standard,2025-02-16,29093.45,3
HB00352,H0217,Suite,2026-04-21,16676.03,9
HB00353,H0248,Standard,2026-09-28,8890.46,7
HB00354,H0016,Standard,2025-09-02,21764.03,7
HB00355,H0032,Suite,2026-03-13,12882.8,1
HB00356,H0054,Deluxe,2026-05-27,18859.78,1
HB00357,H0224,Suite,2025-04-29,21236.31,1
HB00358,H0031,Standard,2025-02-14,20702.14,1
HB00359,H0120,Deluxe,2025-08-29,3155.91,7
HB00360,H0155,Standard,2025-08-03,16610.67,6
HB00361,H0091,Suite,2025-05-01,20701.97,4
HB00362,H0248,Deluxe,2026-02-08,22508.94,9
HB00363,H0001,Deluxe,2025-02-23,7179.68,6
HB00364,H0071,Standard,2026-04-19,29058.32,8
HB00365,H0017,Deluxe,2025-05-30,13824.11,4
HB00366,H0237,Deluxe,2025-11-09,25676.17,6
HB00367,H0066,Standard,2026-02-12,14027.63,8
HB00368,H0060,Deluxe,2025-08-28,13645.13,7
HB00369,H0189,Suite,2025-04-28,10732.97,7
HB00370,H0064,Deluxe,2026-04-13,12712.71,7
HB00371,H0109,Suite,2025-06-20,19851.73,2
HB00372,H0086,Standard,2025-03-01,21838.4,9
HB00373,H0126,Suite,2025-05-23,27537.96,9
HB00374,H0093,Suite,2025-11-06,24096.24,3
HB00375,H0136,Deluxe,2026-01-19,19390.57,7
HB00376,H0065,Suite,2026-03-19,12822.4,8
HB00377,H0082,Deluxe,2026-07-23,15837.83,1
HB00378,H0087,Suite,2025-09-04,6969.21,4
HB00379,H0056,Standard,2026-08-09,23753.21,4
HB00380,H0157,Suite,2026-08-19,27716.01,4
HB00381,H0085,Deluxe,2025-07-30,16035.23,2
HB00382,H0063,Standard,2025-07-30,4393.8,2
HB00383,H0187,Deluxe,2026-08-05,22445.25,2
HB00384,H0181,Deluxe,2026-02-10,9234.75,5
HB00385,H0201,Standard,2026-01-05,25941.3,1
HB00386,H0183,Deluxe,2026-09-03,24371.7,1
HB00387,H0050,Standard,2026-04-17,13216.36,4
HB00388,H0148,Standard,2025-10-15,16585.34,1
HB00389,H0118,Standard,2026-05-28,11949.47,6
HB00390,H0113,Standard,2025-10-19,7440.63,4
HB00391,H0134,Deluxe,2026-05-31,28682.61,4
HB00392,H0017,Suite,2026-08-21,15673.42,8
HB00393,H0033,Suite,2026-02-06,10094.38,8
HB00394,H0045,Deluxe,2025-03-19,8562.8,4
HB00395,H0137,Suite,2026-09-16,17996.41,6
HB00396,H0197,Standard,2026-06-13,14666.98,6
HB00397,H0242,Suite,2026-09-03,29661.1,3
HB00398,H0031,Deluxe,2025-10-18,23533.63,3
HB00399,H0040,Deluxe,2025-05-26,19573.7,1
HB00400,H0151,Deluxe,2025-05-15,9619.9,7
HB00401,H0214,Suite,2026-09-26,19098.14,9
HB00402,H0009,Suite,2025-02-02,8363.91,4
HB00403,H0171,Standard,2026-02-02,22843.4,5
HB00404,H0126,Deluxe,2025-06-21,22525.17,8
HB00405,H0024,Suite,2026-01-05,6272.14,3
HB00406,H0241,Standard,2025-03-15,15969.02,9
HB00407,H0072,Standard,2026-06-20,15383.48,3
HB00408,H0223,Suite,2026-05-25,29416.92,1
HB00409,H0222,Deluxe,2026-01-10,13638.91,8
HB00410,H0006,Deluxe,2026-01-29,2361.8,7
HB00411,H0220,Deluxe,2025-05-09,18198.26,4
HB00412,H0147,Standard,2025-06-18,9452.47,3
HB00413,H0143,Standard,2026-08-06,17205.84,7
HB00414,H0096,Suite,2026-06-23,13314.63,5
HB00415,H0027,Standard,2025-06-22,13383.43,9
HB00416,H0215,Suite,2026-08-12,4934.74,9
HB00417,H0137,Deluxe,2025-11-27,8153.01,8
HB00418,H0182,Standard,2025-10-10,5826.26,7
HB00419,H0205,Standard,2026-09-28,17078.51,8
HB00420,H0192,Standard,2026-04-12,25055.23,5
HB00421,H0006,Deluxe,2025-05-09,11161.46,1
HB00422,H0107,Suite,2026-03-23,4841.67,4
HB00423,H0105,Deluxe,2025-06-07,15051.24,5
HB00424,H0236,Suite,2026-01-21,2746.48,6
HB00425,H0213,Standard,2025-07-27,1772.7,5
HB00426,H0174,Deluxe,2026-09-28,2722.7,1
HB00427,H0081,Standard,2026-09-27,4344.43,8
HB00428,H0200,Deluxe,2025-12-31,8498.41,8
HB00429,H0208,Standard,2026-08-11,9660.34,5
HB00430,H0108,Deluxe,2026-08-12,9015.95,7
HB00431,H0097,Deluxe,2025-10-07,28546.38,9
HB00432,H0221,Deluxe,2026-06-11,16806.97,2
HB00433,H0200,Suite,2026-01-08,18792.28,2
HB00434,H0107,Suite,2025-08-20,27261.06,7
HB00435,H0061,Suite,2025-11-09,21095.53,2
HB00436,H0105,Deluxe,2025-09-12,4891.97,8
HB00437,H0169,Deluxe,2026-06-24,27066.39,5
HB00438,H0084,Standard,2026-02-07,17116.76,1
HB00439,H0124,Standard,2026-08-26,4576.51,1
HB00440,H0247,Suite,2025-09-22,1806.58,1
HB00441,H0048,Deluxe,2025-02-27,14820.49,9
HB00442,H0234,Standard,2026-09-19,13873.7,8
HB00443,H0083,Suite,2026-05-10,7620.11,8
HB00444,H0093,Deluxe,2026-03-28,2128.32,5
HB00445,H0183,Deluxe,2025-07-21,20640.95,8
HB00446,H0082,Standard,2026-05-10,15590.76,3
HB00447,H0055,Deluxe,2025-01-23,8614.35,7
HB00448,H0108,Standard,2025-02-27,4822.43,2
HB00449,H0196,Suite,2025-01-21,17187.87,1
HB00450,H0224,Standard,2026-07-12,22533.98,2
HB00451,H0127,Standard,2025-06-07,6102.58,4
HB00452,H0200,Standard,2025-09-23,14712.44,7
HB00453,H0140,Standard,2025-11-26,2073.07,3
HB00454,H0170,Suite,2025-07-07,26525.71,8
HB00455,H0165,Suite,2025-01-04,8297.16,3
HB00456,H0072,Suite,2025-02-01,14697.48,3
HB00457,H0047,Suite,2025-09-06,26029.26,1
HB00458,H0155,Standard,2025-01-20,16775.29,3
HB00459,H0118,Standard,2025-05-24,10249.52,3
HB00460,H0146,Deluxe,2025-04-02,22809.33,1
HB00461,H0124,Deluxe,2026-09-17,11921.98,9
HB00462,H0041,Deluxe,2025-07-31,10375.81,2
HB00463,H0100,Standard,2025-10-27,9284.06,7
HB00464,H0015,Suite,2026-01-06,16305.21,2
HB00465,H0063,Deluxe,2026-08-08,2134.44,7
HB00466,H0001,Standard,2026-04-20,3410.42,7
HB00467,H0018,Standard,2026-07-15,2310.63,7
HB00468,H0094,Standard,2025-01-27,27927.23,6
HB00469,H0013,Deluxe,2026-03-03,6548.85,2
HB00470,H0067,Suite,2025-06-10,13641.14,9
HB00471,H0087,Standard,2026-05-16,14727.79,8
HB00472,H0006,Deluxe,2025-04-25,17562.32,6
HB00473,H0115,Suite,2026-02-25,11037.77,4
HB00474,H0128,Standard,2025-10-31,7983.15,4
HB00475,H0160,Suite,2025-12-07,6269.41,4
HB00476,H0037,Deluxe,2025-08-29,24683.65,3
HB00477,H0072,Standard,2025-04-22,26856.75,1
HB00478,H0066,Deluxe,2025-12-11,1664.97,1
HB00479,H0019,Standard,2026-03-21,18042.56,5
HB00480,H0124,Standard,2026-04-26,1516.01,9
HB00481,H0005,Standard,2025-04-02,26386.09,4
HB00482,H0094,Deluxe,2025-02-03,19923.17,4
HB00483,H0229,Deluxe,2026-09-11,18106.51,2
HB00484,H0171,Deluxe,2026-05-22,28028.11,5
HB00485,H0084,Deluxe,2026-01-19,27964.3,7
HB00486,H0019,Standard,2025-10-02,20655.81,5
HB00487,H0103,Deluxe,2026-05-08,27877.86,6
HB00488,H0147,Standard,2026-06-23,12705.66,3
HB00489,H0219,Standard,2026-04-10,13230.44,3
HB00490,H0036,Deluxe,2025-09-23,6506.48,7
HB00491,H0151,Suite,2025-01-04,16324.37,2
HB00492,H0027,Suite,2025-05-06,24386.68,8
HB00493,H0144,Deluxe,2026-03-10,22063.66,2
HB00494,H0105,Suite,2025-06-27,20132.54,7
HB00495,H0239,Deluxe,2025-08-03,6974.41,8
HB00496,H0213,Standard,2026-05-11,12234.0,3
HB00497,H0175,Standard,2025-01-22,18677.45,5
HB00498,H0047,Suite,2025-06-01,4889.5,3
HB00499,H0181,Suite,2026-05-09,10475.03,5
HB00500,H0133,Deluxe,2026-03-12,21577.94,3
