hotel_id,hotel_name,city,hotel_type
H0001,City Inn,Mumbai,Budget
H0002,Comfort Hub,Goa,Budget
H0003,City Inn,Mumbai,Resort
H0004,Grand Palace,Delhi,Resort
H0005,City Inn,Jaipur,Business
H0006,Royal Stay,Patna,Budget
H0007,Royal Stay,Goa,Luxury
H0008,Royal Stay,Goa,Business
H0009,Grand Palace,Jaipur,Luxury
H0010,City Inn,Patna,Resort
H0011,Royal Stay,Delhi,Resort
H0012,Comfort Hub,Patna,Luxury
H0013,Royal Stay,Patna,Luxury
H0014,Royal Stay,Patna,Resort
H0015,Comfort Hub,Jaipur,Budget
H0016,Grand Palace,Jaipur,Luxury
H0017,City Inn,Jaipur,Business
H0018,Grand Palace,Delhi,Luxury
H0019,City Inn,Patna,Business
H0020,City Inn,Delhi,Business
H0021,Grand Palace,Jaipur,Budget
H0022,Royal Stay,Delhi,Business
H0023,Grand Palace,Delhi,Business
H0024,Comfort Hub,Goa,Business
H0025,Grand Palace,Patna,Resort
H0026,Comfort Hub,Patna,Budget
H0027,City Inn,Delhi,Business
H0028,Comfort Hub,Jaipur,Budget
H0029,Royal Stay,Mumbai,Luxury
H0030,Royal Stay,Jaipur,Budget
H0031,City Inn,Delhi,Budget
H0032,Comfort Hub,Jaipur,Business
H0033,City Inn,Mumbai,Business
H0034,Royal Stay,Jaipur,Business
H0035,Comfort Hub,Delhi,Business
H0036,City Inn,Delhi,Budget
H0037,Royal Stay,Jaipur,Budget
H0038,City Inn,Patna,Budget
H0039,Grand Palace,Delhi,Luxury
H0040,Comfort Hub,Mumbai,Budget
H0041,Grand Palace,Jaipur,Luxury
H0042,Grand Palace,Jaipur,Luxury
H0043,Royal Stay,Delhi,Resort
H0044,City Inn,Mumbai,Resort
H0045,Grand Palace,Jaipur,Budget
H0046,City Inn,Goa,Business
H0047,Royal Stay,Delhi,Resort
H0048,Royal Stay,Goa,Luxury
H0049,City Inn,Patna,Resort
H0050,Royal Stay,Jaipur,Resort
H0051,Grand Palace,Patna,Budget
H0052,Comfort Hub,Delhi,Luxury
H0053,Royal Stay,Jaipur,Resort
H0054,Grand Palace,Delhi,Business
H0055,City Inn,Jaipur,Budget
H0056,Comfort Hub,Jaipur,Business
H0057,Comfort Hub,Mumbai,Budget
H0058,Grand Palace,Delhi,Luxury
H0059,Comfort Hub,Mumbai,Resort
H0060,Comfort Hub,Goa,Luxury
H0061,Comfort Hub,Delhi,Budget
H0062,Grand Palace,Mumbai,Resort
H0063,City Inn,Mumbai,Budget
H0064,City Inn,Mumbai,Budget
H0065,Grand Palace,Delhi,Resort
H0066,Comfort Hub,Mumbai,Resort
H0067,Comfort Hub,Mumbai,Business
H0068,Comfort Hub,Delhi,Resort
H0069,Grand Palace,Patna,Business
H0070,Grand Palace,Patna,Resort
H0071,Comfort Hub,Mumbai,Budget
H0072,Comfort Hub,Patna,Budget
H0073,Grand Palace,Patna,Luxury
H0074,City Inn,Jaipur,Budget
H0075,City Inn,Jaipur,Business
H0076,Royal Stay,Mumbai,Budget
H0077,Grand Palace,Jaipur,Business
H0078,Royal Stay,Mumbai,Budget
H0079,City Inn,Delhi,Budget
H0080,Grand Palace,Mumbai,Business
H0081,City Inn,Jaipur,Resort
H0082,Comfort Hub,Goa,Budget
H0083,Grand Palace,Delhi,Luxury
H0084,Comfort Hub,Jaipur,Budget
H0085,Comfort Hub,Goa,Budget
H0086,Comfort Hub,Goa,Budget
H0087,Grand Palace,Mumbai,Business
H0088,Grand Palace,Delhi,Resort
H0089,City Inn,Patna,Budget
H0090,Grand Palace,Goa,Business
H0091,Grand Palace,Mumbai,Luxury
H0092,City Inn,Mumbai,Luxury
H0093,Royal Stay,Delhi,Resort
H0094,Grand Palace,Mumbai,Business
H0095,Grand Palace,Delhi,Luxury
H0096,Comfort Hub,Patna,Luxury
H0097,City Inn,Goa,Business
H0098,Grand Palace,Jaipur,Resort
H0099,Grand Palace,Goa,Budget
H0100,City Inn,Mumbai,Budget
H0101,City Inn,Mumbai,Luxury
H0102,Royal Stay,Jaipur,Resort
H0103,Grand Palace,Patna,Luxury
H0104,Royal Stay,Delhi,Business
H0105,Comfort Hub,Delhi,Business
H0106,Comfort Hub,Jaipur,Luxury
H0107,Comfort Hub,Patna,Budget
H0108,City Inn,Patna,Resort
H0109,Grand Palace,Delhi,Business
H0110,Royal Stay,Mumbai,Business
H0111,Royal Stay,Patna,Budget
H0112,City Inn,Jaipur,Resort
H0113,Royal Stay,Patna,Resort
H0114,Comfort Hub,Delhi,Budget
H0115,Grand Palace,Patna,Luxury
H0116,Comfort Hub,Goa,Business
H0117,Royal Stay,Jaipur,Resort
H0118,Grand Palace,Delhi,Budget
H0119,Grand Palace,Goa,Resort
H0120,City Inn,Goa,Luxury
H0121,Grand Palace,Patna,Luxury
H0122,Comfort Hub,Mumbai,Luxury
H0123,Comfort Hub,Goa,Luxury
H0124,Comfort Hub,Goa,Resort
H0125,Grand Palace,Patna,Budget
H0126,Royal Stay,Goa,Resort
H0127,Royal Stay,Patna,Luxury
H0128,Grand Palace,Patna,Budget
H0129,City Inn,Goa,Budget
H0130,Comfort Hub,Mumbai,Budget
H0131,Grand Palace,Delhi,Business
H0132,City Inn,Jaipur,Luxury
H0133,Comfort Hub,Mumbai,Resort
H0134,Royal Stay,Patna,Budget
H0135,Comfort Hub,Goa,Resort
H0136,Grand Palace,Jaipur,Luxury
H0137,Royal Stay,Mumbai,Luxury
H0138,City Inn,Jaipur,Luxury
H0139,Comfort Hub,Delhi,Luxury
H0140,City Inn,Delhi,Luxury
H0141,Royal Stay,Delhi,Budget
H0142,Grand Palace,Delhi,Luxury
H0143,Royal Stay,Mumbai,Budget
H0144,Grand Palace,Patna,Luxury
H0145,Royal Stay,Patna,Budget
H0146,City Inn,Mumbai,Budget
H0147,Grand Palace,Delhi,Business
H0148,Royal Stay,Delhi,Luxury
H0149,Royal Stay,Patna,Resort
H0150,Royal Stay,Patna,Luxury
H0151,Royal Stay,Jaipur,Luxury
H0152,Royal Stay,Delhi,Budget
H0153,Grand Palace,Goa,Resort
H0154,Grand Palace,Jaipur,Luxury
H0155,City Inn,Jaipur,Business
H0156,City Inn,Patna,Budget
H0157,Royal Stay,Mumbai,Business
H0158,Comfort Hub,Delhi,Luxury
H0159,Comfort Hub,Delhi,Budget
H0160,Grand Palace,Mumbai,Resort
H0161,Royal Stay,Jaipur,Budget
H0162,City Inn,Patna,Business
H0163,Royal Stay,Jaipur,Business
H0164,Comfort Hub,Delhi,Business
H0165,Royal Stay,Mumbai,Business
H0166,Grand Palace,Goa,Luxury
H0167,City Inn,Patna,Resort
H0168,Royal Stay,Jaipur,Resort
H0169,City Inn,Delhi,Business
H0170,Royal Stay,Mumbai,Budget
H0171,Comfort Hub,Delhi,Luxury
H0172,Royal Stay,Jaipur,Budget
H0173,Grand Palace,Jaipur,Resort
H0174,Royal Stay,Mumbai,Budget
H0175,Royal Stay,Delhi,Business
H0176,Grand Palace,Goa,Business
H0177,Grand Palace,Mumbai,Resort
H0178,City Inn,Goa,Luxury
H0179,Royal Stay,Goa,Resort
H0180,City Inn,Goa,Resort
H0181,Royal Stay,Mumbai,Resort
H0182,Grand Palace,Delhi,Budget
H0183,Royal Stay,Jaipur,Budget
H0184,Royal Stay,Mumbai,Budget
H0185,Comfort Hub,Jaipur,Budget
H0186,City Inn,Jaipur,Business
H0187,Grand Palace,Goa,Luxury
H0188,Comfort Hub,Mumbai,Business
H0189,Royal Stay,Jaipur,Budget
H0190,Comfort Hub,Patna,Budget
H0191,Royal Stay,Mumbai,Business
H0192,City Inn,Delhi,Business
H0193,City Inn,Goa,Resort
H0194,Grand Palace,Delhi,Luxury
H0195,Grand Palace,Delhi,Business
H0196,Comfort Hub,Goa,Business
H0197,City Inn,Mumbai,Resort
H0198,Royal Stay,Goa,Resort
H0199,Grand Palace,Mumbai,Business
H0200,Grand Palace,Jaipur,Luxury
H0201,City Inn,Patna,Budget
H0202,Grand Palace,Mumbai,Business
H0203,Royal Stay,Jaipur,Luxury
H0204,Royal Stay,Patna,Resort
H0205,Grand Palace,Patna,Budget
H0206,City Inn,Mumbai,Resort
H0207,Comfort Hub,Patna,Business
H0208,Royal Stay,Mumbai,Luxury
H0209,City Inn,Delhi,Luxury
H0210,Comfort Hub,Goa,Business
H0211,Grand Palace,Mumbai,Budget
H0212,City Inn,Delhi,Luxury
H0213,City Inn,Goa,Resort
H0214,City Inn,Jaipur,Business
H0215,Comfort Hub,Mumbai,Resort
H0216,Grand Palace,Jaipur,Resort
H0217,City Inn,Jaipur,Luxury
H0218,Comfort Hub,Goa,Luxury
H0219,City Inn,Patna,Business
H0220,City Inn,Mumbai,Budget
H0221,City Inn,Patna,Budget
H0222,Comfort Hub,Goa,Budget
H0223,Comfort Hub,Mumbai,Business
H0224,Comfort Hub,Jaipur,Business
H0225,Grand Palace,Delhi,Business
H0226,Royal Stay,Goa,Budget
H0227,Comfort Hub,Goa,Resort
H0228,City Inn,Goa,Budget
H0229,Comfort Hub,Jaipur,Budget
H0230,Royal Stay,Patna,Resort
H0231,Comfort Hub,Goa,Budget
H0232,Royal Stay,Delhi,Budget
H0233,Comfort Hub,Patna,Business
H0234,Royal Stay,Patna,Resort
H0235,City Inn,Goa,Luxury
H0236,Comfort Hub,Goa,Resort
H0237,Royal Stay,Patna,Business
H0238,Royal Stay,Patna,Budget
H0239,Royal Stay,Delhi,Resort
H0240,Royal Stay,Goa,Business
H0241,City Inn,Patna,Business
H0242,Grand Palace,Jaipur,Budget
H0243,Royal Stay,Mumbai,Business
H0244,Royal Stay,Goa,Budget
H0245,Royal Stay,Patna,Luxury
H0246,Royal Stay,Goa,Business
H0247,Royal Stay,Goa,Budget
H0248,Comfort Hub,Goa,Luxury
H0249,City Inn,Mumbai,Luxury
H0250,Grand Palace,Jaipur,Luxury
